panel,cohort,metric,median,q1,q3
B,CETRAM,beta_beat,0.5111326171638685,0.1909790977616149,0.8678586425798253
B,Cruces,beta_beat,0.8545626578583345,0.46857763833527544,1.5263728443645106
B,Nagoya,beta_beat,0.6213459174026431,0.30796512834535084,0.8274316604326758
C,CETRAM,beta_beat_vs_time,0.5111326171638685,0.8354209540102825,
C,Cruces,beta_beat_vs_time,0.8545626578583345,1.0544384570788778,
C,Nagoya,beta_beat_vs_time,0.6213459174026431,0.9671660789038212,
D,CETRAM,tau1,1.5454408881405206,2.100926558037873,2.3525403469727585e-11
D,CETRAM,tau2,1.453294128943772,1.8685255757647576,2.3525403469727585e-11
D,CETRAM,tau3,1.334433084676122,1.7459268541407962,3.293749895989551e-11
D,CETRAM,tau4,1.3094967538788302,1.6594163448125174,2.196562596776909e-10
D,CETRAM,tau5,1.2849873015977726,1.6053158817272968,6.316014820697351e-09
D,CETRAM,tau6,1.2608583828203224,1.5589170698765455,9.249867889267897e-08
D,CETRAM,tau7,1.270547294948606,1.5349508821867728,2.703301985179735e-06
D,CETRAM,tau8,1.2529218625927867,1.528929122086559,1.824558887319453e-05
D,CETRAM,tau9,1.254456709757928,1.474356114343049,0.00042080154326412157
D,CETRAM,tau10,1.20930208987402,1.4775319333438004,0.00019562965088028875
D,Cruces,tau1,1.373881693529683,1.919751953774134,0.016206749944558493
D,Cruces,tau2,1.3818939956712755,1.7635035939937036,0.011648554763341494
D,Cruces,tau3,1.4173555998398735,1.6622276868107013,0.013588002596261795
D,Cruces,tau4,1.3769676850307757,1.5376112380082692,0.007832187588905994
D,Cruces,tau5,1.3723059674908904,1.4916465272035984,0.03384516267022809
D,Cruces,tau6,1.412010168786305,1.48189702238466,0.060651868719519705
D,Cruces,tau7,1.4506297098517655,1.497836450369046,0.16908667433411173
D,Cruces,tau8,1.4271310855819026,1.5055052650358816,0.21216014247120707
D,Cruces,tau9,1.510490500102426,1.5403614474449367,0.5599992175038162
D,Cruces,tau10,1.4426995486133931,1.5413797387371981,0.45520411573444075
D,Nagoya,tau1,0.5818181750778613,2.0554124232956625,1.3642420526593924e-12
D,Nagoya,tau2,0.5893167919779394,1.870549925531142,2.2737367544323206e-12
D,Nagoya,tau3,0.6361436474105008,1.756400801520207,3.183231456205249e-12
D,Nagoya,tau4,0.6607218116399494,1.6906453239649162,8.640199666842818e-12
D,Nagoya,tau5,0.7079139791119211,1.652437905056411,1.9554136088117957e-11
D,Nagoya,tau6,0.7556669803004818,1.6297687838983586,5.002220859751105e-11
D,Nagoya,tau7,0.7923601222493061,1.5956370531808215,4.001776687800884e-11
D,Nagoya,tau8,0.8126558942638127,1.5730626196533741,4.001776687800884e-11
D,Nagoya,tau9,0.8115124584620657,1.5453001348189217,4.001776687800884e-11
D,Nagoya,tau10,0.8359187922149884,1.528515711692151,3.183231456205249e-11
