panel,metric,auc,p,control,pd
G,cx_HR_min,0.8518518518518519,2.2013686371670587e-05,0.0030025615418754,0.001756473060114
G,cx_HR_p10,0.8518518518518519,2.2013686371670587e-05,0.00648940131297046,0.00331703370212254
G,cx_HR_p25,0.8438003220611916,3.381922945755867e-05,0.0079514854598967,0.0048366582814107495
G,cx_HR_med,0.7971014492753623,0.0003414912375472891,0.0113284860053719,0.0080483493927573
G,cx_HR_p75,0.6827697262479872,0.0278372770945683,0.01530648734762975,0.012386440836245051
G,cx_HR_p90,0.6328502415458938,0.11045540203734064,0.0173375105382795,0.015531719224707701
G,cx_HR_max,0.6763285024154589,0.033862012341076435,0.0225397355374275,0.019603651078718
G,cx_HR_range,0.5619967793880838,0.45949474940003554,0.0198408829309874,0.0182277729375304
EF,tau1,0.8095238095238095,0.0004035557789410014,0.6312116952815107,0.3621823733463522
EF,tau2,0.8511904761904762,5.931636742376945e-05,0.6555229772433068,0.37810250916519655
EF,tau3,0.8531746031746031,5.384804125890826e-05,0.6986879441236278,0.41820078853532655
EF,tau4,0.8690476190476191,2.440086730096735e-05,0.7580048203642554,0.4600145837252175
EF,tau5,0.8690476190476191,2.440086730096735e-05,0.8047667619321857,0.502907964029429
EF,tau6,0.8690476190476191,2.440086730096735e-05,0.8323601331240814,0.5339733706195814
EF,tau7,0.871031746031746,2.2052988845682297e-05,0.8510475037598456,0.5570338421200625
EF,tau8,0.8630952380952381,3.295552301724149e-05,0.864122637416884,0.5752752137401963
EF,tau9,0.8611111111111112,3.639200437724098e-05,0.8757326616750098,0.59110677829359
EF,tau10,0.8611111111111112,3.639200437724098e-05,0.883969816241935,0.604966113428049
EF,tau11,0.8511904761904762,5.931636742376945e-05,0.8907675289532354,0.6162668993319905
EF,tau12,0.8531746031746033,5.384804125890826e-05,0.8981707427242007,0.6262133443175296
EF,tau13,0.8492063492063493,6.530776518863952e-05,0.9027487568966993,0.6346624910551495
EF,tau14,0.8472222222222222,7.186887210782034e-05,0.9078968795605559,0.6426529569568543
EF,tau15,0.8472222222222222,7.186887210782034e-05,0.9128985353432858,0.6504790594767593
EF,tau16,0.8432539682539684,8.69061287305294e-05,0.9157959224376379,0.6568797408239934
EF,tau17,0.8313492063492064,0.0001518610841054225,0.9200196872718771,0.6636904633541824
EF,tau18,0.8313492063492064,0.0001518610841054225,0.9234059514835251,0.66956065479643
EF,tau19,0.8273809523809526,0.0001821952063796613,0.9253686983871696,0.6749547049240429
EF,tau20,0.8214285714285714,0.00023854700375132792,0.9284961694624345,0.6804995588803054
EF,tau21,0.8273809523809523,0.0001821952063796613,0.931052057529895,0.6844066659559408
EF,tau22,0.8214285714285714,0.00023854700375132792,0.9338221463674427,0.6883667079428896
EF,tau23,0.8134920634920636,0.00033934674632208554,0.9364617776869366,0.6917666959728649
EF,tau24,0.8075396825396826,0.0004397594381233485,0.9380279192270544,0.6961082095396454
EF,tau25,0.8055555555555556,0.00047897704069962526,0.9388397160381181,0.6999617071524286
EF,tau26,0.8015873015873016,0.0005673852216864036,0.9408435087089522,0.7026838499333691
EF,tau27,0.7976190476190477,0.0006708022634894271,0.940904726466754,0.7063401432385502
EF,tau28,0.7936507936507937,0.0007915260256819304,0.9417611479974509,0.708870766190138
EF,tau29,0.7916666666666667,0.0008591790479770739,0.9430239929888599,0.7113542597128714
EF,tau30,0.7896825396825398,0.0009321613457946479,0.9425924129599679,0.7144304866436416
EF,tau31,0.7876984126984127,0.0010108519866902643,0.9430710432055992,0.7173499583092918
EF,tau32,0.7837301587301587,0.0011869933032452843,0.9415136309905524,0.7191051607411313
EF,tau33,0.7837301587301588,0.0011869933032452843,0.9431430397594364,0.7217772527991567
EF,tau34,0.7708333333333334,0.002270615146008226,0.9295960042438951,0.7236264697677584
EF,tau35,0.76875,0.0024554825951132995,0.9290662869351884,0.7257423891396567
EF,tau36,0.7666666666666667,0.0026540293594823415,0.9298626930402938,0.7283281538650863
EF,tau37,0.7528604118993135,0.0054397949202648465,0.9282766725708418,0.7341371437846308
EF,tau38,0.7551487414187643,0.005031074231382207,0.9276128611638036,0.7365934825334017
EF,tau39,0.7511961722488039,0.006293499750235036,0.9283405970972749,0.740576286640858
EF,tau40,0.7511961722488039,0.006293499750235036,0.9263811891223558,0.7414351635635963
EF,tau41,0.7511961722488039,0.006293499750235036,0.9276287742315722,0.7431748894490299
EF,tau42,0.7511961722488039,0.006293499750235036,0.9275457947641598,0.7449409518958123
EF,tau43,0.7310924369747899,0.016069047667778637,0.9139975474128306,0.7415894500863347
EF,tau44,0.7282913165266106,0.01740750313029375,0.9113524534526608,0.7431734618443103
EF,tau45,0.7170868347338936,0.023786872606495715,0.9109586119189759,0.7459979786744729
EF,tau46,0.7238095238095238,0.024696465300382716,0.9147185776243002,0.7464736774333153
EF,tau47,0.7269841269841271,0.022714356485577524,0.9155210521290655,0.747234064401811
EF,tau48,0.6982456140350877,0.05209760726389462,0.9151128692955501,0.7771376090656803
EF,tau49,0.7030075187969924,0.0513209985825021,0.9299210768699708,0.7786377482248144
EF,tau50,0.7044534412955465,0.055051348269647395,0.9323649755533161,0.779917200114402
EF,tau51,0.6923076923076923,0.07484293105438414,0.9306406992587041,0.7894410766284201
EF,tau52,0.6837606837606838,0.08887510092246947,0.9286079644668397,0.7908248462696643
EF,tau53,0.6712962962962963,0.12230558118077423,0.9161012179454486,0.7952964527755997
EF,tau54,0.6666666666666666,0.13288164024072444,0.9155198052289522,0.7949544002310619
EF,tau55,0.6666666666666667,0.13288164024072444,0.9148261603416493,0.7951116401449642
EF,tau56,0.6519607843137255,0.17683555588278854,0.9138175573107065,0.7976948903463832
EF,tau57,0.6979166666666666,0.08170219650495547,0.9122261731660108,0.7658326142097353
EF,tau58,0.6770833333333334,0.11989881163349199,0.9099643117078237,0.7698790788884476
EF,tau59,0.6614583333333334,0.15679689240253014,0.9073178630712012,0.7698761327962549
EF,tau60,0.6477272727272728,0.20827149001130973,0.904762719267779,0.771071589857234
