metric,family,AUC,lo,hi,p
LF/HF,spec,0.42396313364055305,0.2657450076804916,0.5899001536098306,0.3608140727643889
NNiqr,time,0.5921658986175116,0.4324116743471582,0.7388632872503839,0.2667180481214846
rcMSE nAUC(1-5),ours,0.6098310291858678,0.4500768049155146,0.7619047619047619,0.18547008151440514
mean NN,time,0.6390168970814133,0.4761904761904762,0.7956989247311829,0.09326207690594282
SD2,nonlin,0.6482334869431644,0.49308755760368667,0.794162826420891,0.07340065238255898
SDNN,time,0.6497695852534562,0.4915130568356375,0.7926267281105992,0.07045400515182432
HF power,spec,0.6513056835637481,0.4946236559139786,0.7987711213517665,0.06760510567008488
RMSSD,time,0.6543778801843319,0.5053763440860215,0.8018433179723502,0.062191422164752874
SD1,nonlin,0.6543778801843319,0.4976958525345622,0.8003072196620584,0.062191422164752874
SD1$\times$SD2,nonlin,0.6589861751152074,0.5023041474654378,0.8033794162826421,0.05474729289351726
LF power,spec,0.6620583717357911,0.5069124423963134,0.8064516129032258,0.050209486145156856
