window,n,AUC,p
0,45,0.546,0.6072965855556408
1,43,0.6543478260869565,0.08604839608714113
2,42,0.7727272727272727,0.0026165650254958723
3,42,0.7454545454545454,0.006783020540497722
4,42,0.7090909090909091,0.021202198483708346
5,42,0.6772727272727272,0.05096385146763661
6,41,0.688095238095238,0.040614992192105445
7,39,0.7328042328042328,0.013700054034679011
8,37,0.7470238095238095,0.011432293437922595
9,36,0.7396825396825397,0.016103789745992386
10,35,0.7999999999999999,0.0028512727806457978
11,34,0.880701754385965,0.0001797373975950982
12,33,0.8676470588235294,0.0003381390449710176
13,31,0.8,0.00470912480640639
14,37,0.7602339181286549,0.0071615601384118184
15,45,0.7857142857142857,0.0010956535486560139
16,45,0.8353174603174603,0.00012632882542053394
17,47,0.8205128205128205,0.00018849596503099715
18,47,0.7728937728937729,0.0014849606047765925
19,47,0.7728937728937729,0.0014849606047765925
20,47,0.6923076923076923,0.025345642340511353
21,46,0.6342857142857143,0.12266345730079585
22,46,0.6247619047619047,0.15173601810665732
23,46,0.6304761904761905,0.13372205424925784
