hour,n,AUC_cx,AUC_sdnn
0,45,0.5720000000000001,0.5760000000000001
1,44,0.5208333333333334,0.7145833333333333
2,42,0.49090909090909085,0.7386363636363636
3,42,0.425,0.7136363636363636
4,42,0.5045454545454545,0.7681818181818182
5,42,0.6454545454545455,0.6840909090909091
6,41,0.7261904761904762,0.7595238095238095
7,40,0.5789473684210527,0.8045112781954887
8,36,0.775,0.75
9,36,0.6375,0.84375
10,35,0.7033333333333334,0.7833333333333333
11,35,0.7566666666666667,0.75
12,32,0.8196078431372549,0.6509803921568628
13,32,0.7490196078431373,0.6784313725490196
14,31,0.6375,0.7208333333333333
15,30,0.6977777777777778,0.7466666666666667
16,33,0.6296296296296295,0.7407407407407407
17,42,0.825,0.5613636363636364
18,45,0.7996031746031746,0.6507936507936508
19,46,0.6838095238095239,0.6838095238095238
20,46,0.6826923076923077,0.625
21,46,0.6846153846153846,0.7038461538461538
22,46,0.5390476190476191,0.7085714285714285
23,44,0.368421052631579,0.7578947368421052
