Subject,Group,N,SD,cx_sub,cx_fix
C001,Control,1058,39.7032887134379,1.0920295428543194,0.9758925185858237
C003,Control,988,41.36204538248869,1.3132374269310227,1.2362497421994687
C004,Control,695,41.167108965946376,1.226648794564969,1.146833789394946
C005,Control,1335,27.98336597395605,1.0700305020498366,0.7353529271701646
C008,Control,1378,27.089998502448363,1.2074596096725618,0.8133818718650346
C009,Control,942,60.29581910148959,1.3269000260505588,1.5985154493448088
C010,Control,1329,23.90682512090713,1.136638632063187,0.6928474938157917
C011,Control,1231,46.113803565496625,0.780879516043093,0.780879516043093
C012,Control,1131,55.96003779124094,1.3490608252080496,1.5082906520749848
C013,Control,1009,63.12942495877092,1.2988273813659306,1.5629275181628346
C014,Control,981,95.4212596683155,0.588198845991397,1.0999036712515362
C017,Control,1161,28.12817014781525,1.1692252070188227,0.8184199754611738
C018,Control,1078,154.67855942052728,0.6252046225162136,1.5460537581086018
C019,Control,995,43.345132198714126,1.0516697880982122,1.0111294255161316
C020,Control,1088,43.81762289900368,1.3135741866250596,1.275673675692148
C021,Control,1149,51.84762658729404,1.242719360951003,1.3372530244890886
C024,Control,927,63.75001363111822,0.8511202867798145,1.0770793421345057
C025,Control,1300,74.1674657172832,0.6039712261298252,0.8886993796789063
C026,Control,1286,36.52105367661034,1.244072454604121,1.0756842126161923
C027,Control,993,40.91534430171095,1.3499200392317492,1.258658965130201
C028,Control,1424,26.803851679912672,1.1709527888576556,0.7827911016989294
C029,Control,1110,39.29360581649653,1.319029001096856,1.1904910523362968
C030,Control,935,80.34867665245777,1.209421394977983,1.6546713436595142
C031,Control,738,36.19812110651821,1.2615894862625905,1.0984144904955546
C032,Control,982,47.72247502369801,1.2319993548140185,1.2557687285509302
C033,Control,868,111.19733915229261,0.984498027197942,1.634925317902131
C034,Control,1172,29.39134351940678,1.2488010629287247,0.9165196258145724
C035,Control,1312,49.22342021959114,0.9354100899990982,0.9779189099994262
C036,Control,1170,54.69939001259716,1.1528426976882646,1.2785816350894157
C037,Control,1069,35.873354175373926,1.3593866294411063,1.1629819674091222
C038,Control,1319,28.669737921551103,1.1881524877655887,0.839211223116258
C039,Control,1004,47.927235725533684,1.2661260751084797,1.2893138854506478
C040,Control,904,38.742202568155896,1.16281426739869,1.0313439842577303
C041,Control,1231,66.13252716308851,0.6203678202451436,0.8614984818199967
C042,Control,917,63.775902993760994,0.764711207593103,0.9922445509082685
C043,Control,1003,57.79875348399011,1.3475587628170493,1.5262297884601548
C044,Control,1068,40.88987121843157,1.19281592651713,1.106218551760722
C045,Control,1361,54.17603362156825,1.076999322348445,1.1899056201133948
C046,Control,1257,42.62120366507321,1.2117766677329551,1.1576517716629948
C047,Control,1129,51.0638738235754,1.2458084602154755,1.3261944938310968
C048,Control,1073,70.11195639691887,1.3392859898779441,1.7299666375058478
C049,Control,1145,38.92222660960636,1.3538183636737,1.2198512262756518
C050,Control,1059,156.41022087556442,0.8094929495301548,1.437014420257718
P001,PD,1228,81.07200983168329,1.288879640571236,1.6926496285671397
P003,PD,923,192.44647497999932,0.4842666779323756,1.4697514218349421
P004,PD,811,205.58209896643493,0.5961331574669375,1.297406158016703
P005,PD,1329,59.31026874531449,0.7851966157637831,0.9444814203405059
P006,PD,925,112.55998671628657,0.7908857085443739,1.4514952590335832
P007,PD,1309,129.95247722507423,0.4853691762219022,1.1563488790327807
P009,PD,1229,60.429474401598156,0.48436534889326593,0.6403513061831111
P010,PD,1361,55.52850150123875,0.6376424605301484,0.7617380321712254
P011,PD,1175,33.971137269534445,1.0784605175713224,0.8707963779820794
P012,PD,931,88.97823732641565,0.8849042722853981,1.3666386441943374
P013,PD,1162,92.10584839012944,0.5259128845628342,0.9216913205763371
P014,PD,678,43.88910007762624,1.3571782482726922,1.3230042859825861
P015,PD,768,40.505588971647185,1.291714586703137,1.2032486655299774
P016,PD,1026,56.05324330245312,1.1046098975895158,1.2457369177752853
P017,PD,983,81.38123932912893,1.077047883844105,1.495161478163464
P019,PD,1073,55.85572958966491,1.2804062446721467,1.4275357747880495
P020,PD,1480,53.293497905734824,0.9876823502864263,1.0845276083867985
P021,PD,1118,47.74101966838176,1.2635309241730441,1.291001461149992
P023,PD,1056,157.51435542063751,0.3043465711578763,1.1041314145217984
P025,PD,1232,37.74364776357874,1.046860120521323,0.9160053421763014
P026,PD,1044,140.88323346079207,0.798941204996304,1.6101965369322646
P028,PD,1201,27.635202172443957,0.8444391767663735,0.5441876380134507
P029,PD,1302,51.181076764811955,1.2484555972766083,1.3190505183987575
P030,PD,1421,20.710345218376656,0.7743456918399831,0.43981314842985286
P031,PD,1140,45.51282417274393,0.686952886134662,0.6852810492342347
P033,PD,1340,28.892647713634407,1.3427557240273862,0.983690069941869
P034,PD,1041,115.62099702989099,0.6441213083674461,1.2652622253546553
P035,PD,1003,190.68430191287905,0.5782559245697713,1.543764219392477
P036,PD,1456,88.66687304666421,0.900221804996691,1.3804017108830577
P037,PD,1078,42.76793713203843,1.3416940830722777,1.2905820599913167
