Subject,Group,Age,Gender,HR,n_beats,HRV_MeanNN,HRV_SDNN,HRV_SDANN1,HRV_SDNNI1,HRV_SDANN2,HRV_SDNNI2,HRV_SDANN5,HRV_SDNNI5,HRV_RMSSD,HRV_SDSD,HRV_CVNN,HRV_CVSD,HRV_MedianNN,HRV_MadNN,HRV_MCVNN,HRV_IQRNN,HRV_SDRMSSD,HRV_Prc20NN,HRV_Prc80NN,HRV_pNN50,HRV_pNN20,HRV_MinNN,HRV_MaxNN,HRV_HTI,HRV_TINN,DFA_alpha1,DFA_alpha2,HRV_RMSSD_unfiltered,HRV_pNN50_unfiltered
SUB-001,PD,54,0,79.9669665427912,19192,750.309816590246,61.71135027257892,52.12493539763489,28.170490056792218,50.22975597719477,32.03508008244181,47.38521120570527,37.42848491300615,11.096497095705486,16.699150926627503,0.08224782470929645,0.022255761052821753,750.0,65.2344,0.08697919999999999,88.0,3.69557457568356,696.0,806.0,0.3966390063149105,6.429762401000416,371.0,1371.0,18.927021696252467,0.0,1.4431285665603097,1.0596069146657847,16.69871599361903,0.5523134639433097
SUB-002,PD,48,0,73.70342591262796,17611,814.0734200215775,136.71606427141035,116.61859172978797,55.00148820335596,114.90794683906918,62.27680828846752,113.89195009043287,69.55706539258502,19.115091477321837,95.3260004134189,0.1679407052348996,0.11709422229398722,777.0,120.0906,0.15455675675675676,207.0,1.434235626188734,707.0,960.0,1.9998827048266963,25.574924762932262,302.0,1933.0,25.898529411764706,0.0,0.6955583551523199,0.8224480861620109,95.32329400763302,5.110442337175629
SUB-003,Control,36,1,68.3203916433357,8619,878.2151061608075,91.65664331498796,56.109196814224845,61.27492385088076,51.79071049293228,67.6274231647558,39.85679822074998,77.45570154947426,21.839340172250303,69.9339274256146,0.10436696279989173,0.0796272683028064,881.0,78.5778,0.0891916004540295,106.0,1.3106937488173682,817.0,946.0,2.5458851391355832,33.85543566539042,305.0,1994.0,24.485795454545453,0.0,0.9855507302834429,1.019277864647758,69.92986988584423,4.501682329736628
SUB-004,PD,77,1,62.90449429424111,15097,953.8269192554812,74.99931139942434,67.52632241581952,26.302929299984484,65.83660424134544,30.78949067162919,60.03143703957076,40.51630355441457,15.907361193221922,28.123341587863084,0.07862989593328502,0.02948376672097395,957.0,94.8864,0.09914984326018808,128.0,2.666887737832692,882.0,1029.0,0.6514657980456027,17.612770749155462,436.0,1788.0,16.250807319698602,0.0,1.0124152943719968,1.1457632884703044,28.122410379513862,1.0001987149764853
SUB-005,PD,67,1,67.219482823794,15957,892.5983580873598,74.8264620855418,68.75791882415183,19.20481184727691,68.2033308150415,22.80120853827854,67.51681276978682,28.293117980338188,7.0183119286982745,41.07682398364962,0.08382993471540583,0.046017939189066076,878.0,50.4084,0.057412756264236905,76.0,1.821679462241628,838.0,972.0,0.19509125235997485,1.8988531678887008,339.0,1978.0,11.741721854304636,0.0,0.6756084794269348,0.8828754560430011,41.07553696272435,0.6078836874099142
SUB-006,PD,57,1,84.3573566548606,9502,711.2598400336772,119.69812196326282,113.9133980204774,41.52501189182492,112.69457165407232,47.354291272573086,109.57632281112227,55.37174292913909,18.337986765547658,35.17032224293165,0.16829028608953273,0.04944532365092641,682.0,130.4688,0.1913032258064516,195.0,3.4035632424539632,600.0,835.0,1.6909744240118367,22.479478004630604,314.0,1674.0,29.058103975535168,0.0,1.145428322299536,1.002080215934411,35.16847299037131,2.0942959376973267
SUB-009,Control,58,0,76.1189381701543,18246,788.2401074208045,83.73959724887737,64.27431957855129,43.466405363127855,63.68087744699539,46.16348494215353,63.13862313204965,48.209701569690914,17.660529906561532,86.202974675685,0.10623615375634866,0.109358318062278,781.0,81.54299999999999,0.10440845070422534,112.0,0.9714501433338495,721.0,860.0,0.9335368717707845,28.10479009097884,382.0,1621.0,23.7578125,0.0,0.33645637867338124,0.7600571622615307,86.20061237676852,7.519456319193248
SUB-010,Control,65,0,58.413570915466785,14019,1027.1585705114487,104.60983311757795,94.68414435586907,36.55995287274025,92.78976670874457,41.51614620895839,87.86553025773783,50.195153117934616,27.016933423406833,28.020500449861956,0.10184389842114643,0.02727865209401643,1045.0,108.2298,0.10356918660287082,161.0,3.733465204590731,915.0,1118.0,6.510565391205025,43.68357229474285,469.0,1334.0,26.907869481765836,0.0,1.125748945870538,1.0436638500528421,28.019501290369053,6.576788643983165
SUB-011,PD,68,0,69.94315361909759,16754,857.839501014683,74.30995092634049,70.05886522998212,18.139449831524665,69.69874585690874,21.416881672700068,69.27783540727279,26.06537636366698,11.324813759185385,30.842692928313994,0.08662453855114394,0.03595284749302175,839.0,88.95599999999999,0.10602622169249105,124.0,2.409392985297125,792.0,932.0,0.05985873338920149,9.675301420556286,420.0,1948.0,16.77077077077077,0.0,0.7818822277137775,1.050670503439042,30.841772753470778,0.34021726154948073
SUB-012,Control,39,0,84.0476981140491,20100,713.8803482587065,83.07222363639741,77.92404843390524,28.626696439016357,76.68111795355108,32.24755207004721,74.33502009335021,37.52369993308405,18.8649104281894,23.693858618989708,0.1163671528975784,0.033189412523707176,701.0,91.9212,0.1311286733238231,130.0,3.5061528375790747,637.0,795.0,2.856430707876371,20.16417910447761,409.0,1369.0,24.100719424460433,0.0,1.1050253912123862,1.0987224819493056,23.693269370925954,3.044776119402985
SUB-013,PD,70,0,67.84975969876773,16284,884.3067428150332,126.58009799084546,122.67717329258485,20.063517103067543,122.16923634603941,23.153898884081947,121.8131170326403,27.350944060318863,18.312765737332313,22.953373417395664,0.1431404871887556,0.025955560789299493,897.0,182.35979999999998,0.20329966555183945,248.0,5.514829301926201,747.0,1018.0,1.402731635289775,23.102431834929995,616.0,1563.0,25.40405616224649,0.0,0.9264471375793939,1.08759795501748,22.952677419523027,1.5782363055760256
SUB-014,PD,65,0,65.62112853674661,14765,914.339654588554,111.37810468009138,103.50603024104616,22.35341192623517,103.45783866057013,25.60142192096768,102.8161636729039,31.838996760218997,11.099483294809932,26.834004790585173,0.12181261538985826,0.029346968652206082,923.0,142.32959999999983,0.1542032502708557,192.9999999999999,4.150773350170233,811.0,1024.0,0.3880718954248366,6.657636302065696,327.0,1647.0,22.715384615384615,0.0,1.065126241111724,1.087861601321231,26.833097180679232,0.9007788689468338
SUB-015,PD,51,1,89.40244248796924,21337,671.12260392745,104.87290665312305,93.67605717387079,32.052791654223,92.06720447883804,38.38464186670457,88.73059412784917,46.73555276307479,11.49382680164933,41.36979000855203,0.15626490009336666,0.06164122747973466,680.0,114.16019999999999,0.16788264705882353,154.0,2.5350711931351584,572.0,766.0,0.2595196527155193,8.051741106997234,301.0,1963.0,29.029931972789115,0.0,0.812733755547032,1.1609027401521426,41.36882109548381,0.9279655059286684
SUB-016,Control,60,0,84.91804771125342,20210,706.563582384958,61.16860419591352,53.641844732125406,24.59539443061502,52.34439555432163,28.466272397191677,49.344855582565266,34.132406146539445,15.281348858080289,24.736934458152902,0.08657197415898935,0.03500933956911866,712.0,65.2344,0.09162134831460673,89.0,2.4728251153687424,649.0,759.0,0.4068469362441081,16.61058881741712,316.0,1424.0,18.19081908190819,0.0,0.925698231573222,1.1696254773430015,24.736324382887943,0.6729341909945572
SUB-017,PD,59,0,89.31230402040035,18349,671.7999346013406,67.1880426894582,64.17041834994575,17.239759999511996,64.86029112342119,20.720872420588137,62.578608052358256,27.612663034618922,7.953269625168526,33.41573158926004,0.10001198158694212,0.04973924515114805,667.0,48.925799999999995,0.07335202398800598,68.0,2.0107257615797116,617.0,706.0,0.03827855853885274,1.8366123494468363,329.0,1978.0,13.642379182156134,0.0,0.632948547809601,0.8415370011782813,33.414821639661305,0.37059240285574147
SUB-018,Control,74,0,68.85580112939807,16509,871.3862741534921,92.79808183029076,72.96707581498664,53.01457156181577,70.8667402526613,56.56684901127697,69.02627728508746,60.09334961812471,33.146304020988396,59.95741119607932,0.10649477112826848,0.06880484440494461,874.0,99.3342,0.11365469107551487,134.0,1.5477801316067696,785.0,949.0,13.339030964433634,50.09994548428131,302.0,1715.0,28.02886247877759,0.0,0.7831274027050602,1.0199652835813862,59.955597009735435,20.14658671027924
SUB-019,Control,76,0,63.58915691501168,15256,943.5570922915574,84.32515312875361,76.6307476409971,27.809469186409522,76.20739420990388,30.549565676670113,75.29443489865463,35.21856633274528,16.99614376967475,33.011750357158085,0.08936942323644502,0.034985343930083054,937.0,97.85159999999982,0.1044307363927426,126.0,2.554481768567049,871.0,1025.0,0.7418105429002824,20.87047718930257,442.0,1999.0,21.548022598870055,0.0,0.9192803884828316,1.0242102643395656,33.01066939148925,0.8848977451494494
SUB-020,PD,49,1,90.38844647462896,21684,663.8016509869028,67.29063190881458,54.982919549530365,29.83560736717192,52.64031527828853,35.71563469594598,49.39201173305621,40.93298124973628,8.980464974395074,40.95480380960963,0.1013715946755641,0.06169592889121348,660.0,68.19959999999999,0.10333272727272726,92.0,1.6430840170071754,606.0,716.0,0.18963922294172064,3.6985795978601734,512.0,1840.0,20.553554502369668,0.0,0.8309813697651035,1.0539091286494853,40.95385945715807,0.4796163069544364
SUB-021,PD,66,1,70.1217770113293,16792,855.6542996665079,114.87821897047276,107.21355067911179,28.50209109153413,106.3470073309701,33.65788074629028,105.73188481110331,39.81613174512188,12.20199091926639,39.840702597306745,0.13425774756843584,0.0465602982116671,860.0,149.74259999999998,0.17411930232558137,208.0,2.883524219670772,729.0,963.0,0.6296473974574238,8.027632205812292,361.0,1847.0,27.304065040650407,0.0,0.8994357932923192,1.1084675882909008,39.83951935856777,1.3101476893758932
SUB-022,PD,57,0,86.48182600472578,20723,693.787385996236,78.50301305501176,76.50213487677986,12.495913510594175,76.473759146242,13.650573105412333,76.66540292401235,15.321490690195619,7.96786762779362,12.238036606503117,0.11315139859783738,0.01763904078473114,706.0,108.2298,0.1533,151.0,6.414827199435044,604.0,769.0,0.02897151134717528,2.24870916373112,313.0,1196.0,13.066204287515763,0.0,1.0347076137311935,0.9920053800862433,12.237743997519614,0.08686001061622352
SUB-023,PD,51,0,85.43179540255348,20427,702.3146325941157,66.52111463785147,50.19776040265796,33.00136701547395,49.16500963125632,37.14895798046465,46.18025505403833,43.869844876647555,11.331513940526502,52.735064477670846,0.09471697092817885,0.07508568259287543,695.0,56.3388,0.08106302158273382,84.0,1.2614518195399098,657.0,758.0,0.412197059992054,6.985852058549959,308.0,1964.0,14.706263498920086,0.0,0.8256602303576082,0.7767852682155806,52.7337735832937,1.8260145885347825
SUB-024,PD,53,1,101.07353405532285,23815,593.6272097417594,61.831716627937894,55.76049283764392,23.125557262946824,54.717520788874474,26.699776810288174,52.64046061744359,31.834090990428283,10.65804095798339,35.84375284947566,0.10415916860488254,0.060379645144318546,583.0,40.0302,0.06866243567753001,53.0,1.7250708969210207,550.0,621.0,0.5825242718446602,5.681293302540415,312.0,1793.0,11.760493827160493,0.0,0.7496041062269695,0.9387713085363031,35.84300027221939,1.1001469661977745
SUB-025,Control,60,1,68.36927129924956,16111,877.5872385326795,180.86796888505708,73.81432720670135,143.9149729873329,70.27793078775238,152.1397064106292,66.01738531572302,160.07125623743363,17.029515950984496,255.97662298488882,0.20609685390077825,0.2916732008155873,859.0,91.9212,0.10700954598370198,124.0,0.7066019549430069,779.0,934.0,0.9500299222022741,33.660232139532,301.0,1956.0,26.718076285240464,0.0,0.4392112797814461,0.723995884712947,255.96867885773895,17.80770901868289
SUB-026,PD,81,0,67.08042777170024,16085,894.4486788933789,100.12263770857524,76.60008091104493,54.27060105868467,74.71003012358665,60.532873585001774,71.12850859856292,66.67304970902647,16.026815839304536,98.11499258607095,0.11193782278536986,0.10968985147187928,894.0,88.95599999999999,0.09950335570469797,122.0,1.020493886018862,818.0,987.0,0.7397766970340434,25.141436120609264,342.0,1912.0,17.83259423503326,0.0,0.4563187950738351,0.8974235074746488,98.11194273703337,9.903636928815667
SUB-027,Control,64,0,69.80083029527229,16744,859.5886287625418,81.12010398216971,70.34964933960349,27.37958072241667,68.39693994646152,32.841240572460954,65.06532951881384,39.824367829510194,15.98401626049048,28.40845234674735,0.09437084352657117,0.033047906412735806,887.0,60.7866,0.06853055242390078,103.0,2.855577062824261,791.6000000000004,924.0,0.08979347500748279,22.891782130912567,314.0,1613.0,14.509532062391681,0.0,0.9199621630042512,1.2394892707142517,28.407604556796382,0.31653129479216435
SUB-028,PD,46,1,97.29140248008818,23151,616.7040300634961,95.2355701589417,52.22830422433448,60.96845935989724,50.117785732424984,68.04545493315119,45.497974841794274,77.4214859741449,7.363094123173678,107.93693818451452,0.1544267031125712,0.17501848823872976,609.0,62.2692,0.10224827586206896,83.0,0.8823450863198473,556.0,662.0,0.26595744680851063,5.001943760528703,301.0,1949.0,18.580256821829856,0.0,0.640668302195661,0.6855256463371532,107.93460703244524,4.427454537600967
SUB-029,Control,42,1,89.20117876715088,21074,672.6368510961374,88.0473189080075,57.039835608597166,42.96516446920698,54.795783829076484,49.57710008082314,51.85601176627472,58.74118439649417,7.968379709413248,85.71844073911933,0.13089874389802533,0.12743340903264896,670.0,60.7866,0.09072626865671642,82.0,1.0271932995568576,620.0,722.0,0.033632825637822515,3.1080952832874633,316.0,1961.0,18.749110320284696,0.0,0.7143269995536555,0.7748017760918039,85.71640697616708,1.2669640315080195
SUB-030,PD,70,0,76.45076350299358,18200,784.8188461538462,82.6482878023608,32.17270069072146,58.44339947295715,29.89020480193378,65.09622875248152,26.561252056405593,71.34794775184155,18.616184365770213,103.77971022165053,0.10530874507842725,0.132230335072641,785.0,38.547599999999996,0.0491052229299363,53.0,0.7964038283694559,747.0,812.0,2.5526043463263193,20.818681318681318,349.0,1945.0,10.781990521327014,0.0,0.6292304645994775,0.6460117787898966,103.77685899824658,6.862637362637362
SUB-031,Control,71,0,57.528077777422254,13664,1042.968969555035,126.1083143528602,91.50153520718489,61.874135068012826,88.00399849829307,71.89260889916031,82.55653308051583,84.92079967638958,25.478549622317274,105.94643495304184,0.12091281527451594,0.10157786223666697,1042.0,115.6428,0.11098157389635316,159.0,1.1903461306637892,953.0,1149.0,4.45821369200544,43.779274004683835,302.0,1998.0,30.23008849557522,0.0,0.7498716052549175,0.8886945165516977,105.94255830657985,7.457552693208432
SUB-032,Control,59,1,62.605338499883786,15003,958.3847230553889,115.39387271047109,93.13560654159735,57.798395346256356,89.84353339837965,64.17092969601441,84.19113411104586,74.14477601014423,38.37918012586683,65.93939467869352,0.12040454103085907,0.06880034248263066,964.0,114.16019999999999,0.11842344398340247,155.0,1.7500572916661923,862.0,1055.0,19.678549350916956,60.72118909551423,301.0,1990.0,33.56375838926174,0.0,0.9039203954890268,1.0394258576333206,65.93719717633189,22.04892354862361
SUB-033,PD,52,0,74.3654952922066,17537,806.8257968865827,104.13800479417633,48.738158638780526,66.3522173291188,47.02664607079874,74.55171290327776,43.8664773569458,83.11356422843063,14.120999266786319,125.35397306034,0.12907123842101845,0.15536240864912435,800.0,50.4084,0.0630105,68.0,0.8307752148237948,754.0,838.0,0.20562834146054873,16.564976905970237,301.0,1798.0,14.761784511784512,0.0,0.6429911330353517,0.6162066155674826,125.35039916454865,3.136226264469408
SUB-034,Control,76,0,68.48017300758563,15246,876.1660107569198,116.52705746506963,103.35778209904309,41.95344964987255,101.83431701092364,47.159264058610894,102.34627812137178,52.03098762942359,24.842495503405257,63.54833534224434,0.132996550921214,0.07252763881736382,863.0,140.84699999999998,0.16320625724217844,196.75,1.8337361189452281,769.0,997.0,4.310687326181963,40.961563688836414,316.0,1946.0,33.143478260869564,0.0,0.830868732066814,0.918032292713222,63.54625197222839,5.2079233897415715
SUB-035,PD,65,0,83.13142240299494,19761,721.7487475330196,108.46271060449841,88.26099488239825,48.19346325652178,87.4381309165155,53.25988483750067,85.96652859510972,60.49217304243799,25.772302791625815,88.04232951934868,0.1502776568372726,0.12198164810078256,717.0,121.5732,0.1695581589958159,167.0,1.2319693919294448,627.0,818.0,9.69404539971488,25.454177420171042,303.0,1981.0,27.484005563282338,0.0,0.5996717245230394,0.7264825065059426,88.04010173875335,16.648955012398158
SUB-036,PD,61,0,66.39043745117864,15909,903.7446099691998,88.05217073889824,83.49630887270257,22.017109464146902,82.26332611037363,26.867852359004026,78.37305671434673,35.80989629092428,10.904502090651638,31.638340583499545,0.0974303688980221,0.035006954234422204,902.0,94.8864,0.10519556541019955,127.0,2.78317183053358,823.0,1000.0,0.08848438882568575,6.757181469608398,499.0,1844.0,26.252475247524753,0.0,0.7799294620066411,1.2021031259017032,31.637346200797523,0.6285750204286882
SUB-038,Control,79,1,61.085699458274895,14584,982.2266182117389,120.69224547925184,94.37667250244796,64.29712581183213,90.39142764359347,71.75521553120595,84.9168790470928,80.39043274382335,29.72390647712721,80.30278431236285,0.12287617057149858,0.08175305930422944,989.0,118.60799999999999,0.11992719919110212,163.0,1.5030161759969962,875.0,1074.0,9.203225567803507,47.483543609434996,333.0,1994.0,31.704347826086956,0.0,0.9116814258738487,0.9749890910041441,80.30003096885702,15.83927591881514
SUB-039,Control,78,1,72.63431215741304,15142,826.0558710870426,74.93308232923675,50.82962784189439,36.17970777179643,47.19647731452117,39.250851427773604,52.81786553791912,46.36994209623737,21.708430233736806,76.42773449448276,0.09071188154698188,0.09251821171209278,822.0,41.5128,0.050502189781021896,56.0,0.9804759502839073,786.0,855.0,3.7969597535659276,28.661999735834105,321.0,1843.0,13.019776440240756,0.0,0.6042900742921631,0.6444324544729217,76.42521196724823,5.118214238541804
SUB-040,Control,77,0,75.2466485053588,18059,797.3777064067777,92.94974766576051,87.152353445843,26.881172393877968,85.57996952846263,32.20899174765657,82.14204010490859,41.12714290713755,14.487415260850833,27.924405616827656,0.11656928318778795,0.03501932953693382,805.0,106.74719999999999,0.13260521739130435,146.0,3.328712591851477,707.0,880.0,0.8115974476659576,12.774793731657343,405.0,1198.0,26.55735294117647,0.0,0.9348589135949913,1.1669605948019415,27.923632666063412,1.8661055429425772
SUB-041,Control,62,1,69.37454141430625,16636,864.870581870642,113.00733352700935,98.12123577140467,49.76073469708914,95.07171461116197,56.14119336972222,90.57893661052233,64.12754065009632,23.151468395838393,42.45014398611046,0.1306638656648305,0.049081179288906,864.0,106.74719999999999,0.12355,146.0,2.6621989845782887,777.0,967.0,3.8044465984127944,33.98052416446261,312.0,1748.0,26.6176,0.0,1.0611632131050326,1.1069647124062776,42.448868090493434,4.544361625390718
SUB-042,Control,63,1,62.65606904518551,15016,957.6087506659563,82.60639892607573,71.35777015451445,30.55821736333971,68.69663202129703,36.93679960190286,65.64495039491457,43.91433842913341,11.621333965808937,37.68059877721859,0.08626320391143899,0.039347326820419366,957.0,62.2692,0.06506708463949842,82.99999999999989,2.19235233705057,908.0,1010.9999999999999,0.3011040481766477,5.887053809270112,316.0,1913.0,18.469864698646987,0.0,0.9938289776590861,1.0849218685315092,37.67934447854687,0.7658497602557273
SUB-043,Control,54,1,61.188845278519835,14644,980.5708822726031,96.90092471960267,80.61374928718351,43.9223012169549,77.32735998497475,49.408617106987414,74.09117419278583,56.0476475364047,27.39444810550313,36.45590448841548,0.09882092816688777,0.03717698333166052,998.0,74.13,0.07427855711422846,106.0,2.6581212167026544,908.0,1049.0,6.614705476617464,44.229718656104886,315.0,1535.0,18.846846846846848,0.0,1.1800775374166572,1.0437814319714278,36.454667345760214,7.53892379131385
SUB-044,Control,63,1,67.35608968053701,16155,890.7880532342928,155.3754601994227,142.71031941279932,27.398411673547102,142.49408612446456,32.430706284049506,142.0217359562309,42.079324519439304,7.752958163735248,42.65370386006045,0.17442472385578373,0.04788163202030879,892.0,197.1858,0.22106031390134528,260.0,3.6428316349326235,746.0,1047.0,0.06842498133864144,2.414113277623027,338.0,1940.0,34.01052631578948,0.0,0.7872289051248634,1.0613997641212414,42.65238577305164,0.5509130300216651
SUB-045,Control,78,1,72.22366891556656,17279,830.7525898489496,118.67646298304189,108.48889682703023,42.73528314047611,107.10061433393643,47.51358110136812,105.38155528798642,54.2432371745093,16.09587782088134,57.36948171600214,0.14285415950929514,0.06905524629464088,807.0,105.26459999999999,0.13043940520446096,161.0,2.0686937948171726,732.0,956.0,0.5787443002455279,19.815961571850224,302.0,1852.0,23.413279132791327,0.0,0.8650676934523723,0.9478694067414397,57.36782470192999,1.5683777996411832
SUB-046,PD,55,1,71.8215660211233,10947,835.4036722389695,75.8840480089411,60.08758228618948,35.50792318698178,57.208612629835095,41.32966689100656,51.98900812560897,48.705000964693205,18.990863796135063,46.46160787850678,0.09083518606707087,0.05561321840321808,850.0,60.7866,0.07151364705882353,88.0,1.6333380565835884,781.0,893.0,0.6145661346541919,29.37791175664566,312.0,1796.0,17.266561514195583,0.0,0.8242192876136597,1.0635500409247456,46.45948687907623,1.0139764318991504
SUB-047,PD,72,1,75.49762453672102,18091,794.7269913216517,60.77462039124766,59.82458140638953,13.08852038818288,59.540143895799936,15.364187968239094,59.12784350692488,19.12884904023196,8.964872384873997,22.767556219540907,0.07647232452766942,0.028647485842593044,787.0,42.9954,0.054632020330368486,58.0,2.669425336235631,745.0,834.0,0.09966777408637872,3.587419158697695,388.0,1727.0,10.891631547260687,0.0,0.7137504156311584,0.896205849576099,22.766930232613582,0.26532529987286496
SUB-048,PD,63,0,82.6808203554338,19758,725.6822046765867,84.57799980178913,67.4636701613031,22.539493214528672,66.80330588104593,27.402753297868607,66.08001637466414,34.924644187421784,6.643964085177287,64.26556490456441,0.11654964012722736,0.08855658625521082,731.0,91.9212,0.12574719562243503,124.0,1.3161035791436617,650.0,799.0,0.2895852725204261,2.6520902925397305,301.0,1982.0,18.210138248847926,0.0,0.6884080949432851,0.6583271337593742,64.2639387523137,2.4040894827411683
SUB-049,PD,53,1,75.41481271918731,18100,795.5996685082873,116.26705904110547,106.69561729497337,34.56999304093204,104.87837625412875,40.07960639904972,99.43935176714389,49.71966059290585,18.370346632607966,35.39568412484997,0.14613764138326105,0.0444880877909121,826.0,139.3644,0.16872203389830506,208.0,3.2848712686885504,669.0,905.0,0.9240189256888394,25.751381215469614,337.0,1530.0,30.267558528428093,0.0,0.9301592662285518,1.1911224225041954,35.394707899017256,1.6574585635359116
SUB-050,PD,59,1,95.79182351933909,22358,626.3582610251365,74.48934091752561,54.482983509108195,23.850646240671022,53.3742311160641,28.39422098880336,51.62793526551813,35.981586000699835,4.475193376887233,70.50444562778851,0.11892449665405828,0.11255997283333179,624.0,50.4084,0.0807826923076923,69.0,1.0565434022461118,584.0,668.0,0.05878097305118467,1.3373289202969854,306.0,1987.0,13.420168067226891,0.0,0.5466964728418691,0.8867802384774588,70.5028688449223,1.136058681456302
