Subject,Group,N,meanRR,profile_method,cap,t1,t2,t3,t4,t5,t6,t7,t8,t9,t10,t11,t12,t13,t14,t15,t16,t17,t18,t19,t20,t21,t22,t23,t24,t25,t26,t27,t28,t29,t30,t31,t32,t33,t34,t35,t36,t37,t38,t39,t40,t41,t42,t43,t44,t45,t46,t47,t48,t49,t50,t51,t52,t53,t54,t55,t56,t57,t58,t59,t60
SUB-001,PD,14227,742.3909467913123,rcMSE_julia,0,0.5524247515236141,0.7454672521630087,0.911344039968484,1.037690807222908,1.1223935038069992,1.1540446810810558,1.1648231675224643,1.1653783906714303,1.171347565618324,1.187059862013315,1.1871935234920916,1.1891264481323411,1.1860108993426148,1.1793407833812002,1.191801756289439,1.1932416922860956,1.193691082882246,1.19270421522145,1.2051867015797977,1.2058177911859513,1.2048222732576708,1.207782381037806,1.203536228956551,1.2119097180375102,1.2140691186386465,1.2240467114384743,1.2268865521218202,1.2277622096695093,1.223270487713965,1.2287221718896568,1.2372905304066053,1.2361678315923577,1.2474930197507526,1.24155807107614,1.2451265823649742,1.2343780394869803,1.2444878860816446,1.2498046073146296,1.2435681699933967,1.2509073188492619,1.2598223165333757,1.259689467138324,1.2670784107865583,1.2773597965129366,1.290391062918018,1.292897517452039,1.2905844049825663,1.3062681232169142,1.2925114623837388,1.308061259325562,1.3090510152185897,1.3110041718605516,1.3211345167020858,1.3138725435520249,1.318135156646098,1.3330519609088916,,,,
SUB-002,PD,17801,797.3220043817763,rcMSE_julia,0,0.38030954693560015,0.42143867857383616,0.48791506900959963,0.49064100327696314,0.5293928623230373,0.5748557202180089,0.6032247146789792,0.6207123332431441,0.6368328165278977,0.6596692441122929,0.6793866142019591,0.6956972743551695,0.7058028614136449,0.7191402840782946,0.7311396677019025,0.737441867919588,0.7477601015163432,0.7569810399667217,0.7653116598679811,0.7756303463848425,0.7823394162556203,0.7848601702106413,0.7904357686040611,0.7956494854307111,0.7980447302207835,0.8021450692680021,0.8099711531473629,0.8090659174539808,0.8137886072185007,0.8216247973057214,0.826845091293697,0.8280495235908497,0.8334591105892728,0.833325582315201,0.8371506446063958,0.8424225222990162,0.8434308784490103,0.8500306701213799,0.8534964935718533,0.8506056413183564,0.8513105570000509,0.8574624576420166,0.8557048808360719,0.8664697610729674,0.8649008008046254,0.8697215181407894,0.8687734364888531,0.8660470874247044,0.8674182847064769,0.8564865804780695,0.8651823458109374,0.8715606155642901,0.874150182163907,0.8599112083867955,0.8632231569106419,0.8551729141401947,0.8572207393660933,0.8679736828087268,0.8547471047666109,0.8501189784917997
SUB-003,Control,16982,845.1535154869862,rcMSE_julia,0,0.686140457567912,0.7940750734188284,0.9632545859846762,1.1080330657123239,1.200124553729098,1.2431419627150686,1.2732632639981274,1.2901865767904737,1.3091851376036319,1.3154933933998776,1.3259529585354775,1.3289911299986616,1.3365028886116228,1.3429785169353772,1.3471420495359634,1.3390688862422697,1.3518263117808222,1.3536166972005086,1.3476216615160888,1.3464825789057542,1.349782774876064,1.352407115844382,1.356439822934649,1.3630505047050938,1.352108272963158,1.3615210944804603,1.362389954818479,1.3745047080849437,1.360927662225878,1.3541182454931142,1.3507246105523452,1.345888821772725,1.3487569054948578,1.3572905891556852,1.3583031732404611,1.3537315399973333,1.3405611576518122,1.3246697152272184,1.3312106532497046,1.3170948172952959,1.3318668284257849,1.326327604820359,1.3130205739116245,1.3039286993797348,1.3172147549486273,1.2943257112051316,1.2984996533679751,1.3118240034382205,1.311288374831092,1.293568287998815,1.296191889730201,1.2956812511196818,1.3001646770376512,1.3141220992965017,1.3010726022213088,1.3218981218999506,1.324231390836015,1.3085962567055354,1.335042029946175,1.3248472208487643
SUB-004,PD,15344,938.4283759124088,rcMSE_julia,0,0.8698467955125376,0.7549509031056625,0.6759061557494495,0.7555396387364847,0.834478438727255,0.8540533791420196,0.8815257769190052,0.9075084583125285,0.9214545492241595,0.9303163875453684,0.9450775193989862,0.9568371345813347,0.9653683049284604,0.9767723783662416,0.9864712843290837,1.0016735532239758,1.0078858793312582,1.0203465598101698,1.0236448904766051,1.0349043610673658,1.03322485106244,1.0387897171688814,1.0436577572503234,1.0482324880506462,1.0510520728499801,1.0573957369844054,1.0585079487975955,1.064756879936686,1.071308911073538,1.0672003818272484,1.0752204663326543,1.0784614952664002,1.0748152808404352,1.0808840685937706,1.0834849160691307,1.0990593505334416,1.1125535524968186,1.1064364785120575,1.1248406696419264,1.1174835665104803,1.1084805918695309,1.114713239493665,1.1150989491767274,1.1179770776706013,1.1268823647997128,1.1247187744767133,1.1257257458499987,1.111474089209117,1.1196531214562322,1.11365016603265,1.127841445801227,1.1259411947230207,1.1304199426723798,1.128472599221402,1.134113840305415,1.1351236105513827,1.1259658864168578,1.1331856778445568,1.1394176970107321,1.131499972475886
SUB-005,PD,17962,794.4056897895557,rcMSE_julia,0,0.12342520425919021,0.15402474243140774,0.20033716502369206,0.23785007852886497,0.2706920101070296,0.2986089767081569,0.32258536176810865,0.344171385320245,0.363662101412054,0.3803510321037182,0.39471269239935325,0.40825206055586655,0.41907802732399624,0.4276147870509657,0.4356733125158308,0.4423259132024072,0.4481165717199967,0.45400454330928014,0.45873433085029053,0.4626397433384254,0.46490365453074195,0.46826285679076896,0.46914711917061447,0.47426844043317307,0.4752496364840632,0.47854589037193135,0.4809814890403035,0.48095056622832133,0.4850787863710546,0.4851388726983572,0.48904223807936975,0.49273033321418763,0.493296191898738,0.4946110078342593,0.49752550386985506,0.49869707294690035,0.500873605898809,0.5023008706815578,0.5095464288897574,0.5089471804596086,0.5144598831793782,0.5174237421966041,0.5221291899265473,0.5240232423093646,0.5256787334700124,0.5286379425951061,0.5318460119648234,0.5337907991349328,0.5355822231646118,0.5385037188708507,0.539644588895358,0.546244792623285,0.5466056539930472,0.5464070071098445,0.5501752819816904,0.5504919790682063,0.5543774104312589,0.5550735444151444,0.5536516029729366,0.5593669876016997
SUB-009,Control,19049,754.7933224841199,rcMSE_julia,0,0.8029224270979688,0.7353416559676202,0.7337922169420156,0.8099008622299969,0.8882152477527085,0.9248566102222122,0.9485212313496494,0.973369684290432,0.992346348916819,0.9943053426652421,0.9999422369048498,1.0110507320471385,1.016103621792855,1.0234011138382237,1.0333559546592928,1.041306146715801,1.0540688452917621,1.058727009007406,1.0639146459004496,1.0715950919704005,1.0755621755351115,1.0752271664444923,1.0809760229809338,1.0876818232616638,1.0892453181525275,1.092095257336185,1.0854774032248322,1.0834919996076546,1.086951217366531,1.0815552466653824,1.077272866151003,1.0803071573446563,1.0847887587982081,1.07602703808564,1.0729023516125074,1.077669524076865,1.074972599364373,1.0798429815914412,1.071496149691821,1.0759500665191994,1.0744741096814934,1.071449275404395,1.0778330185721143,1.0692096423844533,1.0577385971953783,1.0668550983410978,1.0627093971093975,1.0635413946202978,1.045443019817153,1.0595384065381948,1.034728042456517,1.0495414419071207,1.0523342309063017,1.0404259947655465,1.0394069469245935,1.0321310057336137,1.0271154160325224,1.0367757223566403,1.0206060710073945,1.020045579028968
SUB-010,Control,11397,969.3789593752742,rcMSE_julia,0,0.765520742786513,0.7701051740609378,0.7586259572141255,0.7568935385580288,0.7869540635390332,0.8227818908109095,0.8371842439600314,0.8493901224094863,0.852065114319162,0.8568212464489727,0.8598307743463501,0.8578755525781783,0.8554546510958302,0.8444199528231382,0.8396267257886172,0.8363495776929457,0.8289111551454206,0.830452014521051,0.8333990431325703,0.8351489849808393,0.8397563609955355,0.8416583655457671,0.8430831457617719,0.8411990542636602,0.8454426760213125,0.8407350295236914,0.8471900332124946,0.8451711288185274,0.8531868876255232,0.8550713012475635,0.8557075456633421,0.8627813448226749,0.8619090921716799,0.8706309893327085,0.865339791705374,0.8702851458294822,0.8649457859280073,0.8751753508388528,0.8835908937538255,0.8765405953108169,0.8780690691936951,0.8849898302835308,0.8891972365638068,0.8873917540565669,0.8945102803391061,,,,,,,,,,,,,,,
SUB-011,PD,18020,796.3762486126526,rcMSE_julia,0,0.3832321151990625,0.43624627249726056,0.5233013430598903,0.5911519418386169,0.6622508928103721,0.7217460825769196,0.7612324234226192,0.8040052590240799,0.8382315109462554,0.8577998623905123,0.8787690268645469,0.8966554817531354,0.9047066678440326,0.9193657608819815,0.9288580976426389,0.9286801837052859,0.9383497260026602,0.9448334497157156,0.9480530876549309,0.9548924515467277,0.9579106901217037,0.9607029997983608,0.9603000836716165,0.9616456209175093,0.9652103013229854,0.9596035102582976,0.9578008219437932,0.9602571576520244,0.9584730309092835,0.9605107766183342,0.9647408925641161,0.9631483619846618,0.9711721057105775,0.9732706380377996,0.9729735968424961,0.9789179271546028,0.9824522398721193,0.9746833354643166,0.9770220410133041,0.9699626486326948,0.9688375159076767,0.9663812786574832,0.9715229745430974,0.9628993834899959,0.9667985221139638,0.9691291223138417,0.9602653550374548,0.976785022008848,0.9725576448369129,0.9799379580889259,0.9832564645841292,0.9883177602160481,0.9924230777099388,0.9979483487268765,0.9852764705702128,0.994471258239105,1.005296306433551,1.000977806636888,1.0153353270296677,1.0213480071900285
SUB-012,Control,10584,675.4857331821618,rcMSE_julia,0,0.3651722462297868,0.4372249373980761,0.5294780204108728,0.6088098954804952,0.6819275266287839,0.7281615188624487,0.7674395360111795,0.7921387651618755,0.8161113071856761,0.8355420371708829,0.8526660651686088,0.8702574877471836,0.8762736805717903,0.8938317410101755,0.9075872144907415,0.91994956101674,0.9224798988807028,0.9387174400647382,0.943886750914586,0.9531248261035776,0.9524557960634018,0.9647161756056855,0.9769923431672104,0.9825691214696252,0.9923802989308097,0.9962878902579059,1.0137376646282152,1.012639789783663,1.0254068596098134,1.0049303400061986,1.0278402538486684,1.018367978948044,1.0312773780706637,1.0246265623638109,1.035316688319514,1.0220071131712587,1.0429385150162942,1.0390962083368043,1.0554185022307407,1.0446207376139085,1.049134003729272,1.0525697515360797,,,,,,,,,,,,,,,,,,
SUB-013,PD,18467,779.7830183570694,rcMSE_julia,0,0.3694894093465848,0.34547639625727494,0.37838450876665347,0.4301956574978392,0.4530186945823167,0.44819785297215237,0.4401961352356058,0.4282843717547668,0.4202875498399974,0.4153256953050096,0.40495755239075587,0.396482846616272,0.3882943697706541,0.38118006305844654,0.3757516144059798,0.3711407266738121,0.3684623732277214,0.3683577819562708,0.36583489653424023,0.36515109477773916,0.36291247996102705,0.36016895896614365,0.35792033200084133,0.35630911609874766,0.3541798997517129,0.3508515737304896,0.34891354262049984,0.34805065704501265,0.3480392801860095,0.34759664655595096,0.3446044298046007,0.34553876633247105,0.3434602229993958,0.34419977696169624,0.3419926754329066,0.3408540024169364,0.3409173022544144,0.34004136746105595,0.3369417451067915,0.3366501547902582,0.3359526563976699,0.33563268450409045,0.33452572822876875,0.3334650388610886,0.3335781315405386,0.33232960094343184,0.3313826105423318,0.3327533158163972,0.3322676741612186,0.32940311560057883,0.33072126262382484,0.3314837675927555,0.3311094345842405,0.3309989443344294,0.3301362150481666,0.3296648373096213,0.32933389726481604,0.3309397109410278,0.3283644977174209,0.3291391410132622
SUB-014,PD,11762,793.3018194184663,rcMSE_julia,0,0.16716022139003547,0.19184351906131802,0.23583960270450863,0.26868825823374803,0.2969487826435635,0.32324932926806843,0.34337839077599885,0.3628047111851258,0.37669703509848607,0.3872090924919077,0.3967232304950376,0.4025880525355232,0.40928814022339893,0.41434145398219124,0.41948222784407324,0.42513745750254284,0.4319059745866702,0.4374223070220451,0.44298061239332237,0.4477475136812239,0.4549022124847408,0.45996501936790873,0.46397283834603464,0.4710629272933971,0.47471653678479075,0.4778629580381426,0.4817833613080883,0.4813082574072143,0.48562378654219795,0.4861855651529455,0.4921387786285018,0.4912701132303018,0.4944827255740722,0.4975522439567828,0.49836938622476806,0.5062152050580047,0.5100400119329258,0.5145657763775457,0.5168090230220613,0.5235923578146037,0.5229277320158493,0.5294929199766253,0.5325074381092797,0.5347964356247775,0.5363917661760131,0.5361808193424374,0.543400812023017,,,,,,,,,,,,,
SUB-015,PD,21152,679.1597012102875,rcMSE_julia,0,0.3351473596323189,0.39971847476349887,0.43857080435251417,0.47540148215759626,0.5093620194796128,0.5430978327029884,0.5645225321106614,0.5880425342353642,0.6078175735247638,0.6308551592710954,0.6506152269372982,0.6712734508051692,0.6893987868071196,0.7081395103522853,0.7265464740800905,0.7435100468538858,0.7606028412059478,0.7752233214062783,0.789419142778009,0.8061424518605212,0.8177130492693301,0.8305803668399095,0.8396216462066514,0.8522002628427742,0.8612264483004479,0.8660777357270448,0.87176900016721,0.879875730502418,0.884634793676101,0.8880698608255685,0.8891242538355024,0.8939619885292004,0.9006694119817297,0.9072732957262397,0.9032490560085469,0.9087556590204794,0.9068010858789859,0.9100694259864874,0.9119986083939051,0.9128473228377674,0.91033142768312,0.9090729618473299,0.909158156266523,0.9136627048160239,0.9135578016490308,0.9148428787726927,0.9149162987944399,0.9103269501388516,0.9153925960212793,0.9213128108856322,0.9148855806693671,0.9245903321416946,0.9204182442180495,0.9236469406377612,0.9235222103155329,0.9219073475414711,0.9241031534173698,0.922415304084559,0.9286437117400189,0.9351179397561957
SUB-016,Control,16376,697.5227161700049,rcMSE_julia,0,0.7595807226020432,0.7164478467476001,0.6467417008670648,0.5915626520756782,0.5891516880314989,0.6424433773739721,0.6893915369617142,0.7115361271955118,0.7243675904833192,0.7375275379900126,0.7624056665890107,0.785719554422612,0.8058238630679594,0.8197211645745515,0.8354058372321925,0.856061154526421,0.8694555138716099,0.8810205011732757,0.8884186455808347,0.8946810573882611,0.9026703903884522,0.9160386782945062,0.9143914783952607,0.9231269179853818,0.9306604410421735,0.9354214129007516,0.9420832916295391,0.9486310102328097,0.9529700656124664,0.9718835064532679,0.9733612739693737,0.9792889034637212,0.9847443603982504,0.9949941562164224,0.9984112253283971,1.0025379956937792,1.0041035027232623,1.0061713049177166,1.006791117592204,1.0243580755148964,1.025009186286844,1.0363795091494339,1.0348791214556599,1.0331966049373407,1.0401636491200683,1.0329125241560992,1.0412448353637354,1.0496858936325595,1.050518992432301,1.0345370253997304,1.049260501096735,1.055568236330857,1.049871039729334,1.0398887992932786,1.0607655392262914,1.0359174130168471,1.0442732172977094,1.0430994426649252,1.0445438457380503,1.0329583184466729
SUB-017,PD,9556,661.4510255336961,rcMSE_julia,0,0.5122983771629358,0.38635609738120913,0.38360916048867205,0.39376076989732844,0.445247157546537,0.4823473541379076,0.5043959217419487,0.5169834141807742,0.5276556775991674,0.5455566364469232,0.5517601032164227,0.5551746012312494,0.5591568984316813,0.5643591233911232,0.5729888120972281,0.5779557191787517,0.5851796526804589,0.5932465219547846,0.5961953027935182,0.6039668074530005,0.6071472361600011,0.6098011224384099,0.6091269236394926,0.6164665124867502,0.6245562820584811,0.6233392537323522,0.6252667579649835,0.630795706935604,0.637061909977894,0.640874314214881,0.651823228548323,0.6483620897264746,0.6535759679413429,0.6566513629019899,0.6620630631147226,0.6678682870263369,0.6641515526317587,0.6762472606451263,,,,,,,,,,,,,,,,,,,,,,
SUB-018,Control,17239,835.0773826788097,rcMSE_julia,0,0.9773935947860876,1.0415003048461358,1.0569559329859683,1.0618479205010702,1.0491588160793819,1.0301406316345338,1.0260138522698006,1.0299473142337763,1.036526811159182,1.03747945403911,1.0324732217621986,1.0313552099249879,1.0275428643657498,1.0263873841064974,1.0234428433214413,1.020482616534949,1.020801617899006,1.0180386877167293,1.0148654100673733,1.0162583578193043,1.0108704088274374,1.0024667250671773,0.9975446209997632,0.995459597925425,0.98747814682442,0.9837189764625534,0.9753553731764846,0.9737089973730662,0.9709591272508169,0.9675668290010108,0.9649998998860958,0.9581607237210152,0.9674760158532281,0.9658451941726863,0.9637969721964745,0.9636455618974036,0.9604568844640564,0.9723900755018741,0.9696526973437307,0.9598146474145355,0.9613868015734434,0.9540865651657683,0.9641529330759252,0.9591084467959476,0.9598993594311276,0.9606400281633494,0.9493446264438566,0.9533633246692761,0.960155593716651,0.9567445360690714,0.9577400336244085,0.9672722925915103,0.9616877593322638,0.9744708093878591,0.9727468200765034,0.973262914153639,0.9693165680658229,0.9698935390206855,0.9596312428281764,0.9731912257327499
SUB-019,Control,11459,887.8701457369754,rcMSE_julia,0,0.9490331388843706,0.7386672255006305,0.6507846356095283,0.6835716758913573,0.7815135414975295,0.8402361063699582,0.8631626397405004,0.8896098870306157,0.9248768344692329,0.9510640309061436,0.9573405018659282,0.9744695244453544,0.9820860888926988,0.99340253484947,1.0006381484463316,0.9960340268132774,1.0074239514387582,1.002904653248113,1.0030574306144604,1.0026166147060498,0.9989130845457626,0.9956083226317972,0.9845671290096417,0.9780563682417447,0.9846019638290917,0.9824540526680839,0.96487533449745,0.9662924120936577,0.9652766681498196,0.9533923004710755,0.9501245471497743,0.9405735084885428,0.9317220603407569,0.9257307173665851,0.9151171756040309,0.9072241255578424,0.9002778276098109,0.8932878262857502,0.8816760259302754,0.8801513640211257,0.8721495514876362,0.8724655675222037,0.8689504576324129,0.8605017742124699,0.8637135037038055,,,,,,,,,,,,,,,
SUB-020,PD,19029,678.2255504755899,rcMSE_julia,0,0.22968889929404823,0.3178488906975701,0.4010880729566409,0.47571339769173915,0.5400951927906543,0.5952097666272542,0.6409877879855576,0.6804750559558367,0.7133750995231318,0.7412546033147694,0.7626003940218186,0.7803537050606124,0.798969983588413,0.8116864431367115,0.8209241830489765,0.829861884307056,0.8366445905179338,0.8469726703514124,0.8478794136662731,0.8491092703881445,0.8535920767779014,0.8613060359598183,0.8605320130280821,0.8658195908977372,0.8662531962251356,0.8669842169677322,0.8716585270187441,0.8687032495260647,0.8709103597195551,0.8751332604106711,0.8728574710804087,0.8780801171804206,0.8746128961860465,0.8744086484414532,0.8694487351945691,0.868847650512001,0.8697763478581744,0.8679507246109213,0.863349605349709,0.8578337641332764,0.8549255286829266,0.856569641307871,0.8499110547299132,0.8542202063425071,0.8491761133900676,0.8440176555270101,0.8428630179494099,0.8425100695376458,0.8458862948905564,0.841605150697426,0.8499378647394163,0.8459715309053824,0.8633038518182548,0.8566901173904763,0.8596289656729226,0.8646488626921828,0.860873670543349,0.8710762785754136,0.8678874518910997,0.870887465291738
SUB-021,PD,17676,769.2569020140303,rcMSE_julia,0,0.37113823493764175,0.36524338020813246,0.3792205476156723,0.4166709495877446,0.4481352632339428,0.48282373870455114,0.5128016535971031,0.5391204732305179,0.5580965728264341,0.5730178536694048,0.5873084700230367,0.6024652201725507,0.6152228209762582,0.6258130569103363,0.6346372943294851,0.6472149391093972,0.658722798484698,0.6660435364241392,0.6721049433779699,0.6815593338149747,0.6869628689511608,0.6941533844465397,0.6965817439316682,0.7040211800652536,0.7103172042041148,0.7164386028481824,0.7214952820302727,0.7277398646146074,0.7322283015838652,0.739228358507462,0.7406939828180668,0.7453450144355313,0.7454647035312671,0.7439461426248799,0.7474721676366196,0.7515318569907359,0.7564765952290042,0.759427248112353,0.7630565308216593,0.7644779450175185,0.7659243847542424,0.7752184667897267,0.7754640619790109,0.7801385683152049,0.7842970193658727,0.7821128329037011,0.7871954791799927,0.7873563453567617,0.7975416953750919,0.8007850251372225,0.7992520695769959,0.8044212189195861,0.8100466230194973,0.8103403053779785,0.8079063428069855,0.8177868708366735,0.8212697084018563,0.8278602236146297,0.824629375693665,0.8277847000102084
SUB-022,PD,23445,613.1728726807422,rcMSE_julia,0,0.2618759452968334,0.3464093282691711,0.451593422843842,0.5256130598916896,0.5993354754622627,0.6359913275146625,0.6616199015765003,0.6611507911956145,0.6637587320653803,0.6578281576372648,0.6598406833108823,0.6543288374159697,0.6506374086096922,0.6514701362401133,0.647693003534451,0.6483928394270769,0.6476274467415543,0.6498951033339522,0.6487242043282684,0.6501453259840368,0.6507649415641646,0.6535380933058378,0.6552409048405106,0.6575338301095384,0.6600949789932445,0.6591318563513839,0.662176139462697,0.6637847749945877,0.6667445530086596,0.6699528830117796,0.6696107302124827,0.6686894582098857,0.6709219140086418,0.6706632321852736,0.666430675262816,0.6689313828145458,0.6697989107490528,0.6694700475074997,0.6649186234147755,0.6631942656868633,0.6616774563766812,0.6647185123594996,0.664497557411347,0.6602307968394917,0.6634743821837827,0.6604498895930988,0.6617232170046112,0.6597665540444679,0.6601391835355744,0.6584287189561998,0.6571765474229305,0.6504116794222434,0.6573079231241911,0.6571672194011785,0.6534479069074848,0.6564302584990834,0.6528337232123621,0.6548614750574658,0.6512307898386624,0.6538995762887986
SUB-023,PD,19407,722.1471633946514,rcMSE_julia,0,0.34280703237343535,0.4149130691221715,0.47818439419163555,0.5229347889032582,0.5606759127656569,0.5877674183182613,0.5991774117537108,0.6042956645058005,0.6089302678311727,0.611121948537458,0.6154362798219737,0.6183709676019554,0.6209778823434102,0.6218420857125484,0.62142587659088,0.6211568551589058,0.6196526574222647,0.6192320307638519,0.6174186617572499,0.6166976902869159,0.6149826711564848,0.6125980004894047,0.6130884330960631,0.6091215484423034,0.6102356027664082,0.6093305761964349,0.6109226620955456,0.6107204662586126,0.6082877231440371,0.6060647386626448,0.6075303497565133,0.6060267183321536,0.6098833522090392,0.6072314301101537,0.6095819075592618,0.6099258248576894,0.6109480453618367,0.6114541991853593,0.6121237604752988,0.6099379325460546,0.6100516319861481,0.6087713600132179,0.607539492485024,0.607085034278036,0.6065707726516854,0.6082712903636872,0.610277883440757,0.6109494038655692,0.6054392775305015,0.6082762735989955,0.6084036128431304,0.6116765078266698,0.6172227252430491,0.614378700030497,0.6172121401839763,0.6193436172899575,0.6223713941170479,0.6211077670634471,0.627789873550206,0.6252852370727265
SUB-024,PD,22831,574.9025447855985,rcMSE_julia,0,0.5136596165576791,0.5622754703497372,0.604481074046525,0.6400395413091426,0.6796722123121105,0.7240388453202788,0.7622211144220882,0.7922836801636373,0.8154062517944273,0.8354784715107858,0.8534645333479691,0.8701232162480547,0.8853323104925312,0.8995151546778709,0.9114203662865826,0.9247574716789009,0.9363246712389415,0.9511636926344036,0.9619493941995033,0.973064940342055,0.9819259417622233,0.9892485823737763,1.002709482455495,1.0070763718236144,1.0177080685204278,1.029378121467539,1.0345271371273719,1.0429303605008544,1.0433170384777073,1.0537425833180847,1.0554648920025917,1.0591980293741912,1.0637977426738199,1.0667204073081085,1.074614109804486,1.0728693579682278,1.0785519307057423,1.0883546988100656,1.0885564091199533,1.0936863321046806,1.0904761573478703,1.0889255446582444,1.0953178985449854,1.0993245609069309,1.0971508342611132,1.091385544742877,1.0966819950191018,1.104121504566613,1.1073759655086213,1.1038602125289567,1.10398184184683,1.0953316372476938,1.1136037749534022,1.104766061424817,1.107234743025199,1.1049873582795777,1.1136947653796707,1.1103812211474895,1.1130293462419738,1.1230201206650792
SUB-025,Control,15884,896.0010702593805,rcMSE_julia,0,0.41045931793015344,0.4980722294856124,0.6367568907975262,0.7629663663162378,0.8346115633037188,0.8640925497730678,0.8746183600345251,0.8802544932799586,0.8807165423288554,0.8788158872948136,0.8739683591399126,0.8690260259380101,0.8689471506272216,0.8654933560410304,0.8672717704202151,0.8636763001525207,0.8599004466835677,0.8572594686069049,0.8494655597708458,0.8406226832400419,0.8382243291253331,0.831820766622695,0.8248167409688377,0.8158254682529573,0.805810748767958,0.7976192592735932,0.7882847478184164,0.7817291467409127,0.7679524343740969,0.762456649217177,0.7535527730656962,0.7451927775963528,0.7379090874703844,0.7297172597354156,0.7221076486339357,0.7193286581723417,0.7054661383190741,0.698804355632195,0.6966164728611473,0.6869404772970337,0.6789863661335687,0.6688710209672141,0.6569503526888828,0.6538443126938898,0.6411283124927202,0.6314110900280762,0.6245849637570191,0.6128545904001702,0.5977283497282884,0.5979962910900549,0.5888277721750144,0.5828260884450667,0.573224701983896,0.5640472491562063,0.5563667313880631,0.5503552111720798,0.5445713606382192,0.5390733083445005,0.533816253891868,0.53206784013834
SUB-026,PD,12576,880.9027512722646,rcMSE_julia,0,0.4231680311006112,0.35239082664394095,0.3772096819087582,0.3902598978361786,0.4277513941601296,0.44623940641859006,0.4566731977550166,0.46644084189521245,0.48358415292514795,0.4883837133362683,0.49888911546285625,0.5055167044090064,0.5156576040363723,0.5178447584898214,0.5263946781923828,0.5300713076353315,0.5338607061756057,0.5355767116084483,0.5410473173513598,0.544343157149782,0.5485549894011023,0.5535101157303083,0.5595978931033502,0.5615155851351509,0.5653065483560521,0.5704439210152752,0.5768095734462778,0.5792986537546141,0.5868908569808947,0.5907919878190355,0.5944029091959825,0.5986528531580465,0.6044031413062293,0.605442830064976,0.6101788048417611,0.6097045403519731,0.6151037257250392,0.6195152199397013,0.6191408189331614,0.622943407758634,0.6210952464541968,0.6240583187999345,0.6259113530832066,0.6282163191073925,0.6308035947432754,0.6319482731895497,0.6302197538650746,0.6315935463342511,0.6343991676900342,0.6394348996629194,,,,,,,,,,
SUB-027,Control,17046,842.9235597794204,rcMSE_julia,0,0.636301935339735,0.45504862385976746,0.39263252131712006,0.46585484680411965,0.5236952724169339,0.5550203516492993,0.5904290817884467,0.6229435354530789,0.6499028173796436,0.6754076742046929,0.6976173396140147,0.7166888755659296,0.7346579168449687,0.7517496675265909,0.7642831448211677,0.7780015740378351,0.7866033453823049,0.7955713869828264,0.8028836346156428,0.8108297346982329,0.8159416849781845,0.8261582046077142,0.83005496820525,0.8360610587660607,0.8408207283557119,0.848333833531847,0.8521721139915097,0.8588288655176494,0.8628606410848191,0.8671033772399739,0.872025163606899,0.8753025317096486,0.8771689272799915,0.8776593187337186,0.8760463658284244,0.8885885954247632,0.8870370076014312,0.8861581446756123,0.8889313794633816,0.8892255638018464,0.8939898319526718,0.8827813861295796,0.8951481135143525,0.8853506652451931,0.8798782537011655,0.8891191379016843,0.8891631150434596,0.8882567299318488,0.8868967014390305,0.8857999717057845,0.8804192104192138,0.8782944480027534,0.8825803286715171,0.8791959713361323,0.8734638895202479,0.8795671654346312,0.8776953375715746,0.872747001476648,0.8594245077875261,0.8553377939202973
SUB-028,PD,15139,593.282119030319,rcMSE_julia,0,0.15286533334882266,0.22385279631773175,0.2882394670393776,0.33551130534300205,0.38106860912968277,0.41992258296744844,0.45206878217538565,0.47664447563460416,0.5039638909836126,0.5292892039251009,0.550494682018685,0.5713799802776942,0.5898148930536303,0.6067716067619758,0.6173352265064598,0.6301388737057784,0.6401475900806597,0.6500783596577645,0.6607048621756533,0.6729156654414931,0.6821413655247799,0.6945426460976147,0.7067947974648205,0.7198382987033141,0.727229999867144,0.7394305787462164,0.7456950728598745,0.7507314824572,0.7555948885572111,0.7593390496137551,0.7656498037611271,0.7687198513474196,0.7704374277204381,0.778742387065841,0.7821096917853004,0.7853659455581766,0.7926409518777624,0.7956679058687299,0.79724525882761,0.8033780052364893,0.8152371709637896,0.8153178793163871,0.8195633633610316,0.8251784858128045,0.8325240972389232,0.8383871650243685,0.8419951833172502,0.8523554742156005,0.8551127824761751,0.8586935196314041,0.8650283030749947,0.8719484008133419,0.8740583652246043,0.8829115031460584,0.8787095747053347,0.889436784301986,0.8921159545679124,0.9029778595216998,0.8963893907572111,0.8937577080476398
SUB-029,Control,15665,670.130545802745,rcMSE_julia,0,0.31992665872798964,0.4804834810173124,0.6023726589684608,0.700827808939779,0.7733932075177963,0.816560599686233,0.8441777176079861,0.8644410001856677,0.8729563061676977,0.8877292856799477,0.9006246992534627,0.9124448401160874,0.9137936579700106,0.9175319355693018,0.918836417157579,0.9205703077223713,0.9220879545343547,0.923650743975351,0.9306550048122202,0.9322059911622991,0.9346933490002874,0.9353352270540533,0.9455871971885002,0.9431941578362816,0.946322268004586,0.9403215844756571,0.9428112092818954,0.9409306258251094,0.94425815121212,0.946754794007674,0.9431301207424978,0.9474791534099263,0.943849188179376,0.9424156725238596,0.9358047021084691,0.9400854163731268,0.9395927684208869,0.9323268152015776,0.9361875526327665,0.9313323949951655,0.9251706542061767,0.9208542166478093,0.9155660965699935,0.9202813868657547,0.9187563937352626,0.9078645140067586,0.9184960144541664,0.916920266039679,0.9068953226985352,0.9218901516410046,0.9215637836799988,0.910326644081307,0.9102042008854847,0.9229775698956836,0.9340112807238026,0.9300187811260604,0.926211585166117,0.9251139786497247,0.9242272080566427,0.9259217762010572
SUB-030,PD,13961,770.0621731967624,rcMSE_julia,0,0.5339205756085659,0.548665561246135,0.4794622482862302,0.48218151053887104,0.49716277431896566,0.5201086746643234,0.5510580026430103,0.5834176581804714,0.6126672303682394,0.6386366645663495,0.6567442247365237,0.6739838445821072,0.6885548742527341,0.7000510394507746,0.711659525749861,0.720800381412604,0.7281333097701613,0.737757551074015,0.7460924275366292,0.7562703327413454,0.7665699104375109,0.7737459228614133,0.7787569178805683,0.7850220764396265,0.789323060575629,0.7926733542509262,0.7934927478372258,0.7997690720917373,0.7965175784762296,0.8026483551219785,0.8027836610398081,0.803527592449797,0.8026661143374056,0.8078919707178053,0.8069323736560352,0.8084564643147942,0.8096732366927959,0.8094302391648205,0.8050057710278696,0.801151546681801,0.8020710612245449,0.8035848975968336,0.8004252993944649,0.7957316872388872,0.7958582618330302,0.7970348576801377,0.7983715838030346,0.7911711711036522,0.7966133778433759,0.7937007435525214,0.790023571038294,0.7932406852790428,0.787689850468369,0.7898316679485614,0.7872131876763442,,,,,
SUB-031,Control,12274,997.0744663516376,rcMSE_julia,0,0.5022674739274594,0.4420175048500068,0.4746378167252052,0.5513368231092257,0.6140089049475278,0.6602329451292269,0.7017149415099007,0.7364746714933306,0.7627670988001953,0.7833192247867986,0.8050055774253717,0.8194590381107439,0.8288262127057271,0.8348322920229134,0.842595711119012,0.8427621769507248,0.8464268124977202,0.8538481648473834,0.8539587055230741,0.859897703129144,0.8618735620708399,0.8657924398015303,0.8652241679701165,0.8670082027690258,0.8720249990076695,0.8703677615824875,0.8747494294393502,0.8789160563574406,0.8794019687844412,0.8743014552938099,0.8769957006016478,0.873900523343301,0.8700486356850397,0.8694532013937042,0.8693393391106508,0.8666247818166017,0.8659162279975916,0.8668860493732001,0.8696891630423281,0.875864490125012,0.8709388072447434,0.8790918077242935,0.8810674572348348,0.8802423553836985,0.8807284090463166,0.8838157883336296,0.8947317642622115,0.8980143013102175,0.8941517706194451,,,,,,,,,,,
SUB-032,Control,9068,943.2635641817379,rcMSE_julia,0,0.8420475893087792,0.9082357949708266,0.9154776911906642,0.974510789270908,1.0209687185330654,1.0371712559517174,1.0409684621925404,1.0416426205138662,1.050928168580688,1.0546455614702355,1.051877324073502,1.0497893370759301,1.038542892824584,1.0390391541657014,1.0363527333627003,1.0362174554258388,1.0390944230966483,1.0316357486040986,1.0322463798631725,1.0310669794981546,1.0401494031814023,1.0324947862826512,1.0413661022422551,1.0206975433666217,1.0098668946343254,1.0118600520959267,1.002952336967629,0.9996216640031339,0.9960959513336741,0.9948118599063436,0.9727076476990828,0.9720944719896333,0.9702676187911181,0.9476836608952334,0.9465923746688443,0.9587959124630899,,,,,,,,,,,,,,,,,,,,,,,,
SUB-033,PD,9244,781.2564906966682,rcMSE_julia,0,0.279110173462537,0.24455220234016695,0.2938702400069963,0.3503910138430886,0.39848358021056846,0.44189521881029137,0.4828009614829437,0.5190956772429058,0.5468938860293907,0.5718462190646135,0.5919744796207351,0.6090695558248183,0.6222170467677475,0.6364416903882039,0.6465404294695067,0.6556559090741951,0.669989661646324,0.6690424340810841,0.6740617120081057,0.6730539510593327,0.6724721424434461,0.6661266124464461,0.6696595247816491,0.6679314733551757,0.6641510439742294,0.6623536312351244,0.6625747772137804,0.6619899725982228,0.6641829585861454,0.6647990425603881,0.663549604808795,0.6615275825652777,0.6583489496854492,0.655200051300792,0.6600884315729777,0.655485419764273,,,,,,,,,,,,,,,,,,,,,,,,
SUB-034,Control,16092,830.1129132488193,rcMSE_julia,0,0.9138048043807403,0.9289000782196997,0.9503408987288724,1.0001296335652563,1.024004744731658,1.030795986100405,1.0377311452656832,1.0355396852130347,1.029228604262725,1.0283558573951008,1.0345796818173494,1.0343179379627125,1.0345223003924233,1.0321522646041743,1.0337289239005876,1.0304533492701582,1.0289200331816903,1.0310364623799348,1.0297928534760878,1.0265859484787387,1.037111436750767,1.0407841480001463,1.044259809263773,1.0428845584619604,1.0408141569063356,1.0439277492703707,1.0438948507466306,1.040546274960739,1.0427168372740607,1.0477304478265574,1.0438562478722009,1.0464292349481337,1.0465638399063217,1.0471382002151648,1.046770114904521,1.0432797862835388,1.0565905042082044,1.0559953502651636,1.0488924523993524,1.058931222761109,1.0595408442856231,1.0714593727758406,1.0616326301404553,1.0627380574445324,1.0662152490621495,1.058890122806501,1.0683129276319312,1.0672150025397287,1.074536920121249,1.0611035368710027,1.057771637163003,1.0565536554729964,1.0672120883397795,1.064445991238962,1.061507947244197,1.066818219331993,1.05095967224986,1.0499835494107053,1.0496536597948742,1.0549146287599644
SUB-035,PD,11930,706.5598491198659,rcMSE_julia,0,0.4141864195540971,0.3532782219545603,0.331294074478938,0.3034160004575157,0.2954897462188281,0.3046549208230989,0.3107989771791829,0.3200147421481871,0.3301944384834612,0.3360655502556724,0.34722609175648045,0.3548960764445,0.36226250690499245,0.3678152735337117,0.374055261970994,0.3790577177064741,0.38421334595038625,0.3876830491753406,0.39173415099417547,0.39590749942321624,0.40024478311793377,0.4054783607183765,0.40758352217640204,0.4082490020194093,0.41133298438928284,0.4150227086067437,0.41476409579278184,0.4165076206176421,0.41599792483443826,0.4167838434572906,0.414665341662415,0.4135532193609168,0.4125317990913197,0.412359752564828,0.41320357769926125,0.4127518586943547,0.41074360391716325,0.4126383418852463,0.41367261916849696,0.4149773507868638,0.41497906689449143,0.417738612096003,0.4163322602038085,0.41685587440858796,0.4158191118868378,0.42074398801563423,0.4227260446525583,,,,,,,,,,,,,
SUB-036,PD,10665,901.0549460853258,rcMSE_julia,0,0.397037949970576,0.4458585108138001,0.49514490963551944,0.5623493004218041,0.6058937715601226,0.6379594573374605,0.6541522971998781,0.6751011181177389,0.6828626268792991,0.6938129575492548,0.6978079564479562,0.7053343360970109,0.7095072262609581,0.719625065295204,0.7258753725757305,0.7278414711124862,0.7367736998815635,0.7364547712079461,0.7469738318860304,0.7464880095464653,0.7514431003799871,0.7474260208189194,0.7500282687895937,0.7531438735652127,0.7596477524484113,0.757358096539283,0.7706044594051881,0.7779532761590394,0.7777526924781605,0.7799338484859506,0.7909347045254068,0.7929669846680025,0.8004677154138481,0.8092533669258113,0.8153115369368082,0.8234679402142193,0.8175526842615038,0.8285577912996421,0.8256081568753676,0.8308254755557888,0.8507678820655284,0.8486932127961759,,,,,,,,,,,,,,,,,,
SUB-038,Control,8280,939.118115942029,rcMSE_julia,0,0.5855926796443078,0.6407700594142173,0.7411092425144812,0.8358610190505006,0.8784296562304447,0.9068476854601122,0.9262032508542983,0.9305648770680356,0.9447430735443231,0.952206525907517,0.9664525579463366,0.969606545098926,0.9820651642182638,0.98290711696037,0.9904798695650344,0.9934096075211267,1.0024745499404033,1.0157883212637326,1.018999399808571,1.0458251568688277,1.0479761853020941,1.0674026539506587,1.077348580189244,1.1026821018319775,1.1157847769485711,1.136499118375894,1.136547148497112,1.1406670032528947,1.1524491870423856,1.1615026013563357,1.173197624922926,1.1545733444040491,1.1772966449332745,,,,,,,,,,,,,,,,,,,,,,,,,,,
SUB-039,Control,12246,833.7661277151723,rcMSE_julia,0,0.887343757377458,0.9691273376873742,1.0446509838172022,0.9928421825627196,0.9253291385512545,0.8679203367861948,0.8369463653404404,0.8047587018481442,0.7847184643445171,0.7714388839290804,0.758459477977802,0.7584815377212454,0.7557798966442155,0.7536870073977697,0.7497473021843779,0.7478507059569539,0.7448331429176098,0.7381335727630619,0.7327329896451102,0.7277532809275908,0.7241739044623315,0.7199223322971142,0.7115536864026604,0.7107715138720896,0.702274144624609,0.6971671375094999,0.6942292281966632,0.6901169476282591,0.6826332499081789,0.6792405846882684,0.6790852381452198,0.6714385896263607,0.6713380594493072,0.6648836972811366,0.665440462541778,0.65546681998193,0.6580720872875908,0.6569063016501384,0.6562488632705817,0.6545212857653129,0.651912819560878,0.653184676655142,0.650659648116407,0.651664281795108,0.6498438848135896,0.6465014714307757,0.6485777293930005,0.6457795185295945,,,,,,,,,,,,
SUB-040,Control,17473,823.7009672065473,rcMSE_julia,0,0.35454596171935665,0.3689784147403914,0.43223493402533836,0.49815334001876505,0.5452715333881724,0.5779484750116325,0.6048205990836504,0.6192637909372655,0.6337456363718584,0.6447443522338098,0.648231200718988,0.654282200360124,0.658121572980157,0.6611762911694449,0.6633623879958191,0.6651947987532342,0.6670212576300708,0.6703542903381223,0.6767998273907923,0.6796581346892435,0.6884000766879299,0.6898560416290627,0.695688726183036,0.6967559660029276,0.702159813297387,0.7064122185824472,0.7106974216464603,0.7127790663546792,0.7139142111796496,0.7159815395321342,0.7205100320057166,0.7206925457331825,0.7218957741284469,0.7269183627291739,0.7276768758024673,0.7294739608687708,0.7284952457343512,0.7299481318369834,0.7382865077065226,0.7387912880579789,0.7386800573034085,0.7425771189766692,0.7443277590295629,0.7461603973515178,0.7448952861301575,0.7507294607589482,0.7519903136481222,0.740368409322231,0.7465268190599459,0.7449133067502645,0.748470666785725,0.7491643061666698,0.7529185638292817,0.7535209258003659,0.7553008656283721,0.7532924289039455,0.7533585624616506,0.7621102865725686,0.7601904141061869,0.755897762281788
SUB-041,Control,13148,823.9438697900821,rcMSE_julia,0,0.5542154999790708,0.6858688960945895,0.7611720433603987,0.8414221431075257,0.9091573914487576,0.949762143402337,0.9687352297735072,0.9832920956131418,0.9979619037541053,1.0044501019382532,1.0099069077661602,1.0232030897208508,1.0283257401684514,1.035206569311834,1.0454865071124468,1.0540183089314243,1.0636096076262427,1.0650879389130865,1.0780099731864285,1.0870525914025422,1.085430715728266,1.0953702712334155,1.099242941539594,1.1097010720464648,1.1120799023317414,1.1171094935483028,1.1257959877984525,1.132567404871843,1.1300010905182485,1.1320138033988258,1.1305990882819597,1.125141304109798,1.1201454465954366,1.112597361707767,1.1273566898420884,1.1266502945724641,1.128716153497012,1.1283332300255764,1.1393611008545477,1.1178759341749578,1.142852466867624,1.1375482833337334,1.1355992429473403,1.1262896301306864,1.1244653230487762,1.1466286147168059,1.1296291695859768,1.1224528643092264,1.101210218314189,1.1251351679595856,1.124977703975438,1.093079468024072,,,,,,,,
SUB-042,Control,14909,964.2990140183782,rcMSE_julia,0,0.3899359482604656,0.4282259512760035,0.5143397060824029,0.6195418608011055,0.6893013254698254,0.72989230851121,0.7635390668281922,0.7825761065267541,0.7959914272745444,0.8075121820239067,0.8134817309736523,0.8229813962301862,0.8273981044313162,0.8359340409950774,0.841309803754222,0.8435107777161664,0.8529804447286989,0.8601339037882166,0.8639422136846316,0.8705235037480993,0.876529943842548,0.8789043914270824,0.8880852353868058,0.8963655230100035,0.9000046536979178,0.9096736817070569,0.9121338504232547,0.9143380025659658,0.9250465707322071,0.9210778465739873,0.9286355547356121,0.9253575889944843,0.9291842195061342,0.9248536271300953,0.9239543037300014,0.9244720980362646,0.9278411954756048,0.9283617006102737,0.9220995382030464,0.9290935192067739,0.930013256111919,0.9284363189507802,0.9285583087078897,0.9350624826678215,0.9342794131976417,0.9320993179830399,0.9430695213174494,0.9443324415819886,0.9258007467606815,0.9331793646811509,0.9410735278326493,0.9338737065988458,0.9413441435579147,0.9411388306935697,0.9267708193034319,0.9374574395861657,0.9377013953695468,0.9258173665746113,0.928076810121097,
SUB-043,Control,10738,951.7505121996647,rcMSE_julia,0,0.8701208322158792,0.8736495039205915,0.8677411452455669,0.9096950573974487,0.924582986801563,0.9167176913507199,0.8962522832538288,0.9002650649355686,0.8990676215633643,0.8957119378786894,0.8936461723589408,0.8994337763844069,0.9021808008648047,0.914610334878362,0.9239755999938577,0.9302526773812194,0.9291527690791799,0.935125818068509,0.9320359691506446,0.9241756776139795,0.9315285508146093,0.9345516635690518,0.947099299762682,0.9452081273672451,0.9426206543344251,0.9465976816011976,0.9431473025219923,0.9387984868818605,0.9511555977830032,0.9536116015033139,0.9644992389714472,0.9788458439452279,0.9800207891882622,0.9775304216729868,0.9796390890943534,0.9944453619726091,1.007483578210637,1.0034324113683506,1.0009892272268428,1.0046370952354087,1.009688355231294,1.010097870242249,,,,,,,,,,,,,,,,,,
SUB-044,Control,16670,857.0491901619677,rcMSE_julia,0,0.1722074028852724,0.2439423753482187,0.31141490428724095,0.3632814095829134,0.4069572616360732,0.43763643480019965,0.4577380053744583,0.4695395843503198,0.48008347890252095,0.49023088218200095,0.4967104526019183,0.5028059348053182,0.5091216322179689,0.5139490380066204,0.5181589573491577,0.5239138212422582,0.5298251954611812,0.5350940240084594,0.5391094444282337,0.5435943117260998,0.5498891441805839,0.5533794140226389,0.5562747905059813,0.559720579121014,0.5654948172500643,0.5663739040381008,0.5702182009535548,0.5745913553689934,0.5743409179548736,0.5819514919679639,0.5839830588657442,0.5868563778122059,0.5874570014172036,0.5889265679372669,0.5909623182550546,0.5913726228788597,0.590737198029052,0.5938705500058373,0.5947983284727016,0.5941745069069827,0.5970185814900809,0.5964960829728234,0.5994450642647524,0.6018811031389051,0.6031773031645113,0.6097727582720301,0.6106155605890318,0.6142514754468921,0.6183045122971207,0.6186526483449691,0.6154279271488938,0.6237168490982355,0.627466853795394,0.6251630491621903,0.6314739312860622,0.6266968545551449,0.6276961397874781,0.6400705422233888,0.6321357424244681,0.638855305377842
SUB-045,Control,18591,765.5575278360498,rcMSE_julia,0,0.5109124092603758,0.6093000532850027,0.6879323395214513,0.7810583366739089,0.8533448583410755,0.897201934004248,0.9231467657582959,0.9388406812242291,0.9520956077631462,0.9605647415355466,0.9649452011781057,0.9693458709536281,0.9756531935420666,0.9834229939850465,0.9880813399982449,0.9926305405861622,0.9925161556416607,0.9953281336825165,0.9969471230487451,0.9987203496539395,0.990159930770854,0.9903701837846711,0.9851005223677013,0.9805670432109194,0.9776383608756849,0.9732164936659798,0.9702563723314199,0.9681131616226639,0.9649985557434475,0.9673848503093491,0.9616834205803323,0.9631135246179182,0.9621840312902261,0.9669974862288364,0.9604480761764196,0.9615685457375484,0.9530524013069406,0.9529878587677003,0.9465347189227041,0.9413245113073982,0.9340651196337162,0.9337038412611302,0.9209702915921035,0.9161401142116123,0.9096884294921866,0.9092130262605757,0.9018461899686504,0.8978328236613238,0.8994377343439092,0.8876859871434819,0.8818763942753556,0.8760051502298007,0.874206027276565,0.8668403727211303,0.8650265505569196,0.8583951328144076,0.8635834325156129,0.8462907464939514,0.8404665711519552,0.8383524612091254
SUB-047,PD,18151,775.0031954162305,rcMSE_julia,0,0.33784231759406047,0.2962871320016663,0.3301296740457289,0.34027974355546947,0.3780627522608891,0.41226675242325106,0.4338989536235387,0.4410421771984455,0.45340823035918437,0.4663677485280041,0.47223223656762703,0.4827601577386012,0.489794352695495,0.49712206758743294,0.5008788234653095,0.5072279512909522,0.512289533096598,0.5190498227429392,0.5212983806445335,0.5260985409718922,0.529900428028157,0.5329828060373064,0.5361563856250904,0.5366791280312875,0.5388219075877031,0.5354647427680758,0.5376955669565269,0.5329252666276633,0.5346485278062869,0.5325787335814995,0.529608202996195,0.5300535901456118,0.529105638688275,0.5274339736430238,0.5290765718477051,0.5303636040584644,0.5283884524188757,0.529432513764467,0.528950635596585,0.528954006298071,0.5316007131077883,0.5316778012308825,0.5326250774072888,0.5306892737751205,0.5305070299135883,0.5320118355313073,0.5355477493928161,0.5324985556930172,0.5363229971129697,0.5356945151897341,0.5351901412017829,0.5313792677313179,0.5346232699911253,0.5413731849127298,0.5398824137445304,0.537924683136568,0.5414614419689466,0.5406535976093823,0.5406232247564572,0.5416801094813902
SUB-048,PD,20868,685.3226471152003,rcMSE_julia,0,0.15813077977787307,0.1371592182817918,0.1757142528677953,0.19735011867116467,0.22388953588690713,0.24346306762863063,0.2621593993327406,0.2759234440754604,0.2903078739264756,0.3007161534972633,0.31185435552145097,0.32000530258374016,0.3288399146897795,0.33585896201656457,0.3438099398427191,0.34998948073165215,0.356466830451463,0.3621996216948157,0.36862127250039867,0.3747281540607194,0.38162903540112947,0.3866932170900406,0.3932173908962317,0.3986836091767948,0.404312477647488,0.4075045935521754,0.4112496452137005,0.41357228290439046,0.4184277403143708,0.4219044643123317,0.42563137363085574,0.43028797433794935,0.43434617740470194,0.4377434207192819,0.44172388058963097,0.4443358063353612,0.44917664354226433,0.4538918530586512,0.45908819768380327,0.4615998137085982,0.46526490806732085,0.4701035118175031,0.4722351804224417,0.47745030185674786,0.4801618493436004,0.4820642051894882,0.4840636458188784,0.4927022275435012,0.49305450982228743,0.4976438870639264,0.49903586547801465,0.5021432211410907,0.5047211988831444,0.5121122007739034,0.512707327383631,0.5139879620356781,0.51677195376735,0.5221420754178996,0.5269499278706211,0.5277859310060578
SUB-049,PD,15004,763.8095174620101,rcMSE_julia,0,0.4478702446296935,0.4840616237800721,0.5316064266939167,0.5995788982854567,0.6639023931830402,0.697007305954116,0.7172533323299612,0.7310343238116724,0.7418333602602469,0.750692491299651,0.754227691433498,0.7556593254690769,0.7630333684796147,0.7662089522186232,0.7742189187412605,0.7779825989736103,0.7817568708715811,0.7835086793220486,0.7847654575016801,0.7857425847673084,0.7847186523144964,0.786864745021512,0.7862528802199241,0.7895067583262332,0.7932081550376701,0.7947380093410743,0.8048946756524942,0.8046406834063374,0.8115241168279197,0.818269811949341,0.819679235442907,0.8265831408778965,0.834026423874832,0.8345476494850171,0.8379343152157194,0.8465161568983269,0.8517724300175208,0.8493952170561786,0.8538289135184199,0.8587021998383784,0.8622006615642698,0.8607843644881954,0.8709071636734912,0.8659449741459991,0.8813293871858295,0.8811425998801938,0.8753655082686165,0.8843472999668915,0.8872876448081697,0.8917956942662795,0.8914550788540018,0.8903968824886129,0.8986170892181207,0.8986220828777748,0.9031158102484026,0.8975102695148088,0.8959650099792531,0.9115964725666945,0.9087570880369639,0.9058689663837273
SUB-050,PD,18086,629.8925688377751,rcMSE_julia,0,0.13574162584409957,0.14614165170359353,0.18437258910679732,0.21714084567874767,0.24638816118581067,0.2658112025504568,0.2852560136494916,0.30267414848115,0.31729368499945015,0.3305320139011728,0.34110890047983045,0.35278568312895153,0.3639726360863559,0.3753505300018821,0.3859152802313576,0.3938569379050746,0.404013205017339,0.4116779406794414,0.420176263320507,0.4289723958538532,0.43398121257882455,0.44167285461320444,0.44848184721312007,0.4547101312696171,0.46283296465345575,0.4682909489655508,0.47172244850106676,0.47880827922096875,0.48219737864488915,0.48923733154652327,0.4925068269960769,0.4976212278771454,0.49921603376213247,0.5061239638650777,0.511775135215013,0.5141538174862278,0.5188426331932889,0.5222843054404483,0.5239098256531721,0.5289153618330691,0.5314530178022071,0.5326700669812563,0.5349229612434413,0.5349231753450512,0.5401059146944104,0.5379189144215166,0.5379896150424457,0.5387970330701899,0.5395613129476458,0.5411525526057841,0.5398717796317404,0.5387835663573308,0.537880425973387,0.5397285689060058,0.5403687784767869,0.5388725615431241,0.5396668120880687,0.5448425649101378,0.5405717148658316,0.5405845969395067
