Subject,Center,Group,n_beats,HR,n_windows_100,SDNN100_min,SDNN100_p10,SDNN100_p25,SDNN100_p50,CVRR100_min,CVRR100_p10,CVRR100_p25,CVRR100_p50,n_windows_200,SDNN200_min,SDNN200_p10,SDNN200_p25,SDNN200_p50,CVRR200_min,CVRR200_p10,CVRR200_p25,CVRR200_p50,n_windows_300,SDNN300_min,SDNN300_p10,SDNN300_p25,SDNN300_p50,CVRR300_min,CVRR300_p10,CVRR300_p25,CVRR300_p50
C001,Chile,Control,1058,68.88858020940044,10,22.559772457481333,26.97737228581965,29.514719324741577,31.569842260919245,2.6302944487497038,3.0264006390346063,3.3359649737093147,3.6436307540186483,5,27.89192891308276,29.078405008577782,30.858119151820315,32.038148978206415,3.2546387837760955,3.375242493158243,3.556148057231465,3.635802808514264,3,29.672236083633777,30.03491510711952,30.578933642348133,31.48563120106249,3.451370334289765,3.478673877933643,3.5196291933994592,3.587888052509153
C003,Chile,Control,988,65.78392510753142,9,29.184443067698194,29.787010521244813,30.46543993286541,35.216450471880094,3.179687425662228,3.2916878170738144,3.345512413632464,3.7828915367134393,4,31.199535736141232,31.76571933208964,32.61499472601225,34.44466466009827,3.4167121033506436,3.4971470999281724,3.617799594794466,3.807760565038331,3,33.60200049122467,33.82953785711786,34.17084390595765,34.739687320690635,3.6560606650034275,3.692138380980835,3.746254954946946,3.8364492448904643
C004,Chile,Control,695,73.81484687402089,6,27.0461184877336,27.913800515373087,29.527793280262443,32.55779729944045,3.3584312431994237,3.4503837780927933,3.645655130217409,4.036073029566449,3,28.088551647750396,29.715612158096707,32.15620292361618,36.223854199481956,3.472395154930758,3.6867673022138323,4.008325523138443,4.544255891346128,2,34.644358281805175,34.86670622568667,35.200228141508916,35.75609800121265,4.318363401796413,4.336025205003995,4.36251790981537,4.4066724178343275
C005,Chile,Control,1335,88.56054290597987,13,22.14617188800198,22.620380455302673,24.462967270483922,26.05341056407399,3.2593783133667884,3.3571054111172622,3.6417315137529287,3.832849407725599,6,25.614517220949367,25.71727186418807,25.987097315011532,26.56374763696473,3.7867049698511086,3.8071544754179567,3.8435822535794193,3.9117929800281206,4,25.22396336342085,25.554884115131156,26.051265242696616,26.438202364744154,3.7644897191882474,3.795980829349137,3.843217494590472,3.878258211748487
C008,Chile,Control,1378,91.76338188239237,13,20.660302050262498,21.615139437600025,22.620443064724537,23.904997153082636,3.139768099793699,3.3415928109830637,3.4212231260359567,3.6711402962532462,6,22.213259994831688,22.238823059064075,22.616141704353012,24.303723362994372,3.3726206464630164,3.399944044478109,3.480623317821033,3.7107138474331967,4,22.906581402992163,23.10659688148802,23.4066200992318,24.111574841309217,3.5296826360220295,3.5438468744740184,3.5650932321520017,3.6607310884784074
C009,Chile,Control,942,62.823663579948445,9,41.48439648247461,45.76024677767983,48.42934559904268,50.58472141273529,4.361636437302822,4.739792818103601,4.8733216104691435,5.2758916355756,4,50.29508502716192,51.671417298798225,53.73591570625268,57.608177171202655,5.253738042364299,5.354828937106,5.506465279218551,5.961652019788549,3,54.4865437040748,55.02073984677781,55.82203406083232,57.15752441758985,5.593813839543638,5.687218322705143,5.8273250474474,6.060836255351162
C010,Chile,Control,1329,88.55070677322956,13,14.565782512519545,15.202559456186124,16.09129258231597,18.503070998178558,2.144739304490907,2.2503984220531437,2.4047721825501345,2.7808037467407187,6,18.83440066052557,18.834542399991985,18.93903720644755,20.52522525069172,2.8016130391292915,2.802498923357602,2.820793209756551,3.0399424395144994,4,17.883947386860903,17.990127726407977,18.149398235728583,21.519332345551256,2.655939752611677,2.676047634765906,2.70620945799725,3.1781506203644883
C011,Chile,Control,1231,81.92393696315752,12,23.204342592530285,23.336785846708896,25.766060384914372,32.19035254274774,3.1558941059107926,3.195923985323543,3.495088983969641,4.382376696837998,6,24.823637219878165,25.89120078118836,27.680568953290166,44.108668745993484,3.3640467292594174,3.530615897406603,3.7905296952757928,6.0245488629983015,4,27.19855130085251,27.374903681521086,27.639432252523953,40.04510138695445,3.7107656091281296,3.733374292778072,3.7672873182529854,5.458325300464516
C012,Chile,Control,1131,74.80521542050099,11,34.88904635491712,35.82195027091799,46.69303202998259,55.32055347123379,4.465112092212028,4.504772418374998,5.7309808424748985,6.7585104232489845,5,41.687851766727235,44.45659253039009,48.60970367588437,57.886042745411594,5.239273548000106,5.605484964262088,6.15480208865506,7.126254685662516,3,45.671681201463514,47.02692781727063,49.05979774098131,52.4479142804991,5.709126666377375,5.906402715163077,6.20231678834163,6.695506910305886
C013,Chile,Control,1009,67.25702649286936,10,37.478915284584886,38.58562498985452,43.054009956943155,45.734373125037685,4.101442363144428,4.281755245465353,4.734067612280479,5.143259465443386,5,47.014715968385254,47.61671079630892,48.51970303819442,50.63573231360117,5.2251345849413475,5.299579059855054,5.411245772225612,5.489803073968468,3,46.01986871570718,47.85733064335788,50.61352353483392,55.20717835396064,5.169222934967857,5.332113298148476,5.576448842919404,5.98367475087095
C014,Chile,Control,981,64.8710129290155,9,24.52070656618709,26.08626604332076,30.224845957114706,36.48159768564104,2.584554942996721,2.7363754293968605,3.178919210037412,3.9265100672300415,4,28.398683085752854,30.598229480216748,33.897549071912586,41.97062389883229,2.9812229969769475,3.2273369380113,3.596507849562828,4.453903808545308,3,33.008653809416735,35.096575038722804,38.22845688268191,43.44825995594708,3.489053284954503,3.7094966416928155,4.040161676800285,4.591270068646066
C017,Chile,Control,1161,76.55424570550024,11,17.45299893190771,18.257360491626713,20.19439371267852,23.695765295286265,2.2097158796079803,2.306357990882722,2.5723987162520388,3.015342219190454,5,21.23916868505358,21.555087690288143,22.028966198139987,23.296021615623083,2.706091962955869,2.74131656315217,2.794153463446621,2.9936931024869993,3,22.189367174563152,23.351107677609157,25.09371843217816,27.99806968979317,2.8373093818303645,2.983065094872106,3.2016986644347187,3.566087947039073
C018,Chile,Control,1078,72.3697975816314,10,42.57781823979014,46.02290200381764,48.24947692553337,66.53533741483115,4.862757482359339,5.395248376297037,5.547218647876295,7.470932742835336,5,51.014659189896655,64.30252431922193,84.23432201320983,156.2303093120496,5.916766800226936,7.529524678192585,9.948661495141058,18.42555835735931,3,48.7061582869401,65.14492593970483,89.80307741885194,130.89999655076377,5.619941340800781,7.563107029029486,10.477855561372541,15.335769781944302
C019,Chile,Control,995,66.31682781174463,9,30.59902124268195,33.367534206806084,35.48345894337048,38.52780053599497,3.4045441261593012,3.705074192409407,3.8995811703505194,4.222918894721869,4,32.31350473006137,34.40598210688766,37.5446981721271,39.64659501432013,3.590848245060354,3.8193416177359856,4.162081676749433,4.384880075233426,3,35.1954661301765,36.465433008727494,38.37038332655399,41.545300522931484,3.9124766421931034,4.049742374413143,4.255640972743204,4.598805303293304
C020,Chile,Control,1088,71.59307758110154,10,31.804351395316456,32.66648407488719,33.63745561918594,39.64786600378185,3.716677347183244,3.8238411667902037,4.031886577689297,4.724211638409349,5,36.14698636284328,37.558877287666995,39.67671367490257,43.95476317795548,4.281397920458057,4.435187765629299,4.665872533386162,5.287282207782165,3,42.340323161737395,42.846546861011866,43.60588240992357,44.87144165810974,5.0307725311782026,5.096332665302171,5.194672866488123,5.358573201798044
C021,Chile,Control,1149,76.03044747017343,11,37.41511065131981,40.51446306162427,41.24684826747608,48.03682404829095,4.783195348024828,5.060828563065926,5.218313797348036,6.167818914049401,5,45.37593915580543,46.700083271978826,48.68629944623892,49.276187844051115,5.806968109470177,5.943410912404913,6.148075116807016,6.268796438423663,3,49.313097027681586,49.859586809252455,50.67932148160877,52.04554593553594,6.301026938703533,6.380274123992254,6.499144901925336,6.697262865147138
C024,Chile,Control,927,61.79993133340963,9,21.556746817025363,23.471946979609555,27.87319591480407,31.926802330811444,2.1674656950837923,2.4264615516819568,2.7934932114777733,3.2563417135816657,4,30.40337028395233,32.21679789023532,34.9369392996598,49.97927525195337,3.0151006360713164,3.2375010575410204,3.571101689745576,5.226810798741569,3,28.488551163233208,34.68744226457639,43.98577891659117,59.483006669949134,2.838164695968506,3.5115752266376763,4.521691022641432,6.205217349314359
C025,Chile,Control,1300,86.28738566921399,13,19.69659766548425,21.637867732438735,25.31473599676399,30.49991554881502,2.8756676008824495,3.1357923723352044,3.647919302077093,4.429738804771763,6,24.783573239397157,25.718093394694662,26.87963232012626,29.385466646243415,3.566879896290023,3.7108780122173406,3.9050439317469956,4.223683349242677,4,25.942415435298507,27.27213354576528,29.266710711465436,33.83525152751574,3.7443948186622813,3.9134747875777407,4.16709474095093,4.885215483641114
C026,Chile,Control,1286,85.7877609016387,12,23.289853428634384,26.966443820959626,32.16962445899014,33.62373653881856,3.4006239766137196,3.9355176040642266,4.59748803660287,4.831717592692087,6,28.297606749311747,28.727277343708042,30.419493438437286,34.255611707248605,4.126128292515,4.1989321670107245,4.390294012890515,4.832972884331698,4,31.135695925385743,32.303562671206706,34.05536278993815,35.10055072964968,4.515320847508653,4.624171823113408,4.787448286520542,4.973608624757398
C027,Chile,Control,993,66.0933693640926,9,31.200056656255214,31.898372836840508,32.626560104344804,37.52845519728929,3.457184909886779,3.5164699030441837,3.6464442698345687,4.111220621286471,4,33.00949155414722,34.27915601961839,36.183652717825154,39.35108855430109,3.6638132163633474,3.7988532031271136,4.001413183272763,4.297026345093249,3,34.97055219215595,35.88008950110092,37.24439546451838,39.5182387368808,3.8645052611278334,3.9707967352150138,4.1302339463457844,4.3959626315637355
C028,Chile,Control,1424,93.77253355956981,14,19.704288616922714,22.380113705154717,23.162602753293832,23.840399059819454,3.017224851762888,3.5165901118529996,3.5870768581013386,3.70027722697561,7,23.024762178290445,23.3786714276768,24.003531659350514,25.7859565027908,3.549670802718042,3.6156231184404,3.7418344494259337,4.07100614974476,4,24.77876603821933,24.943624744820617,25.190912804722544,26.627252282078015,3.857858201582766,3.889169925727317,3.9361375119441435,4.152401112259241
C029,Chile,Control,1110,73.94716885602841,11,30.763803668623556,34.98123017628832,36.8718814750592,37.29285007433284,3.740507467763822,4.337304738417934,4.507542579644189,4.686715181748957,5,35.29333787689204,36.017229564586,37.10306709612695,37.92566651892255,4.344971915705426,4.40736003741253,4.500942219973185,4.688896013911595,3,35.07678009270864,35.92239482163383,37.19081691502163,39.30485373733461,4.258389492990085,4.385464050916967,4.57607588780729,4.893762282624494
C030,Chile,Control,935,62.24163066415481,9,44.081983997221734,47.28193346684457,49.557976454885946,55.75647899118944,4.488863272733189,4.967080217270145,5.271703596192325,5.535625327997522,4,49.56371438784222,53.512880930068576,59.43663074340812,72.30677493247967,5.143358227131591,5.610764935584891,6.311874998264839,7.533303522791914,3,58.33699087116077,62.13695108399011,67.83689140323412,77.33679193530746,6.211922331471611,6.556514132091492,7.073401833021315,7.934881334571018
C031,Chile,Control,738,49.1496489152224,7,26.384109083332948,27.19005386675029,28.118325330699662,33.59984968701347,2.185562382648521,2.2299640663758273,2.283762334419129,2.811373536741592,3,30.732614074289156,31.236734784420648,31.992915849617887,33.253217624946615,2.5585565801917425,2.590744593549965,2.6390266135872986,2.7194966469828548,2,31.80814490813969,31.929750377290418,32.112158581016516,32.416172253893336,2.5834376025237313,2.5992605263692803,2.6229949121376035,2.6625522217514757
C032,Chile,Control,982,65.37499639394538,9,34.432159914295774,36.867485663441826,38.506642480895614,39.92568348845392,3.6959843619428487,3.9578439373371106,4.121928353000526,4.321054945827173,4,36.45731309891007,37.16176763045045,38.218449427761016,39.667905388957266,3.9079550968924934,3.990421645898474,4.114121469407444,4.299448420774381,3,39.233499183656555,39.504582762416504,39.91120813055643,40.58891707745631,4.230072473412819,4.259098859129297,4.302638437704015,4.375204401995211
C033,Chile,Control,868,57.8124514344326,8,45.962491295192066,51.44705721507399,54.839153416351316,58.12906249079105,5.051606207411729,5.130093589515642,5.19961808300346,5.374700404687994,4,56.305073541668186,66.17402993219947,80.9774645179964,97.83020304601314,5.241581971855165,6.111848975814105,7.417249481752515,9.09351926998161,2,67.0852466888204,70.76984865588882,76.29675160649145,85.50825652416252,6.252896913765651,6.587294622404826,7.08889118536359,7.924885456961527
C034,Chile,Control,1172,78.13906353132563,11,20.58925874716173,22.230770830476654,24.298661084104708,25.478840498172463,2.6877524342282038,2.9248320326386588,3.175914359075401,3.3045628515696692,5,22.728084037597636,23.426172674418194,24.47330562964903,28.375705777864976,2.9717877388839673,3.061811613849372,3.1968474262974786,3.6833087644749294,3,24.41536584174352,24.785515881018807,25.340740939931734,26.266116038119954,3.186206038899039,3.2306822076147137,3.2973964606882262,3.4085868824774135
C035,Chile,Control,1312,87.43722946607976,13,23.39925752081148,25.19858424182498,27.318316273892208,31.13064520222912,3.3857990914211373,3.625731087976933,3.9073612635188737,4.590118872064569,6,27.428840779964858,29.390920742949696,31.528911990240047,35.403239196320385,3.9295207558472334,4.242063662877751,4.608786984822495,5.160982833724609,4,32.748505374083,34.183262686396674,36.335398654867184,46.194129986533255,4.765614034209649,4.964221159131947,5.262131846515395,6.734804194867065
C036,Chile,Control,1170,77.6062774855566,11,38.20960136357924,38.56524839591188,42.43412796282499,44.9851277331933,4.94984705769482,5.151133908511875,5.341870249736752,5.800300276272696,5,42.73559441672426,43.82494038888922,45.458959347136656,50.13298495905189,5.442118291900832,5.630338315400457,5.912668350649895,6.549222051399369,3,43.49000064469772,45.364877955070114,48.177193920628696,52.86438719655967,5.631474530995043,5.906662128394262,6.31944352449309,7.007412517991137
C037,Chile,Control,1069,70.95972642779621,10,29.54598538761658,30.524669762331744,31.24518661954985,31.993739221199576,3.524175837641234,3.6001200756148592,3.684600865602394,3.778064490764792,5,30.33193086749925,30.833296051640282,31.585343827851833,32.87703754887215,3.625142626178634,3.6550386650950384,3.6998827234696448,3.980608229374421,3,33.19497483829518,33.238865381505946,33.30470119632209,33.414427554349004,3.9052911574464915,3.928753653589994,3.9639473978052484,4.022603638164005
C038,Chile,Control,1319,87.82940187444856,13,20.3779713703724,21.35301173825466,22.109632710333717,23.260961356580324,3.0290454512356497,3.128779957303979,3.250965764330012,3.380151898568979,6,22.647159738499344,23.337959862955792,24.097587467442946,24.548755017627514,3.412129984330761,3.4262808613330256,3.4543002923674444,3.5945440820328693,4,22.727041044729724,23.7592277691359,25.307507855745165,26.38994217757552,3.41093216940263,3.5273296539555945,3.7019258807850415,3.8228665165723443
C039,Chile,Control,1004,66.85207092711748,10,35.20206605506919,40.54959284744381,41.71170775606083,44.10298822091102,3.880811621364068,4.5868132611992944,4.692720417332113,4.907985471549722,5,41.41991849631293,42.15529843712441,43.25836834834162,46.47779363854891,4.678736501029384,4.750346599027136,4.857761746023764,5.100863570504997,3,42.72402573004959,43.39839153610897,44.40994024519803,46.09585476034647,4.8145714657647245,4.864797415267423,4.940136339521471,5.065701213278217
C040,Chile,Control,904,60.22417516530004,9,32.73526964587093,32.79693135072541,32.83748012576636,37.8006466728929,3.2763107870899417,3.279147867574845,3.316945784911586,3.758266720311484,4,35.40828480971408,35.761570753708774,36.29149966970081,38.3210479981789,3.5298506454640153,3.5703251295226233,3.631036855610535,3.831384267027428,3,35.32362422081921,35.52919719196527,35.837556648684355,36.35148907654949,3.5404700986077327,3.558725513113783,3.586108634872858,3.6317471711379836
C041,Chile,Control,1229,82.22257407725398,12,21.159652858468853,21.837709413560667,22.640571091836794,23.643330196226024,2.918894893018382,2.987800210704892,3.086729562396492,3.274709217684051,6,22.197984765248194,22.34147283998629,22.929522835477478,24.68200520139218,3.0289323088492686,3.0702604110688174,3.1686090603665327,3.382499229420032,4,22.1420555573152,23.142668171396576,24.643587092518636,27.001409652343092,3.032258310179426,3.171629561902143,3.3806864394862184,3.687185040499317
C042,Chile,Control,917,60.806666408792765,9,30.57790844463507,32.37781789426662,34.285291483684546,41.974753114102995,3.091675609139678,3.3032235546183673,3.4442348593269854,4.1814603183908625,4,37.37149876039212,44.556817849802876,55.334796483919,62.47520065113683,3.7505204815559594,4.489319221207654,5.597517330685195,6.327683376763767,3,38.04026192487726,41.159673538210335,45.83879095820995,53.63731999154264,3.823667095803168,4.149086178079667,4.637214801494415,5.450762507185662
C043,Chile,Control,1003,66.76873918253229,10,39.41339566157371,39.650779494557256,41.552828809923845,50.68550060171747,4.256638670263073,4.475225555870829,4.698958906003645,5.6744455671013885,5,43.07571194767412,45.50760482395979,49.15544413838828,51.724313655336,4.894550117623399,5.0117625387402045,5.187581170415413,5.764310798303392,3,50.87389912361872,51.81158057174948,53.21810274394562,55.56230636427253,5.763898703150666,5.856530678382293,5.995478641229734,6.227058579308801
C044,Chile,Control,1068,71.24480506629725,10,26.684424011930346,28.021501926085236,30.754300641078448,36.10381095512959,3.10605440652889,3.2784094750790307,3.6142982912813286,4.335933728851416,5,27.47559721300076,30.7623826366534,35.69256077213236,38.748066575205826,3.2071808020405,3.621993809934354,4.244213321775136,4.588937039627399,3,33.10413016026522,34.30330874718796,36.10207662757208,39.10002309487894,3.8826662528068865,4.02827073545964,4.246677459438769,4.610688666070652
C045,Chile,Control,1361,90.48490200793155,13,33.57605417766379,34.13640156011018,37.55466856880954,40.12203606221621,5.006792946371779,5.227409467890188,5.446810432327194,5.922945979069414,6,34.48007180617224,37.37712885521836,40.53248817127152,44.317288113030976,5.174041582246868,5.574276829119613,6.055759003515013,6.788426978987143,4,39.47745797095329,40.8079223777021,42.80361898782531,53.26859409259094,5.8532237758225065,6.110691327701042,6.496892655518846,8.146071766154488
C046,Chile,Control,1257,83.52806972855039,12,32.17363874825212,37.3883461503667,39.78216948894103,41.88598394837572,4.591118289370717,5.1332955608195805,5.556650232427326,5.873316896279437,6,39.200892206029486,40.362403970045534,41.53806877874739,41.86028347138645,5.502342963060676,5.62344720880481,5.747907719870591,5.770058448762462,4,41.423365462538555,41.52855799675313,41.68634679807498,41.94702369221247,5.710941929577926,5.7396381818484,5.782682560254111,5.881003468221888
C047,Chile,Control,1129,75.08487783466474,11,35.95328619026066,37.46791084961028,39.604928587342926,41.69611565369202,4.404636536184631,4.730638791455279,4.925836906205125,5.324806480199598,5,38.45584167319667,39.04924024780943,39.93933810972856,45.61052510112112,4.722274411886373,4.805665465508429,4.930752045941514,5.572725008078724,3,38.40215106270783,40.589801076728044,43.871276097758354,49.340401132808886,4.724344726135542,5.036427967508752,5.504552829568566,6.28476093300159
C048,Chile,Control,1073,71.26269345972739,10,49.595392218359656,49.8888254796474,54.82639402491637,62.58571855402093,6.00217747018113,6.166421847443227,6.622573830577693,7.4736958523453705,5,50.54939148891406,53.9210200001259,58.97846276694365,64.72094253029734,6.18920353467331,6.589170152737464,7.189120079833694,7.468720288300561,3,56.01148194123296,58.56353098572747,62.39160455246924,68.77172716370552,6.811121165423576,7.013182452132604,7.316274382196146,7.821427598968715
C049,Chile,Control,1145,76.15200694346683,11,30.12617238592156,33.16340931164522,34.635990725060424,36.3112957909822,3.870467699511994,4.192168846595188,4.449357012317002,4.575908927749026,5,36.246148643094294,36.37024352760504,36.556385854371165,37.108343005354136,4.521866156391391,4.577614603694922,4.66123727465022,4.735167613991035,3,36.73404916277236,36.896906559543446,37.14119265470008,37.548336146627804,4.685186768591155,4.693368496332728,4.705641087945088,4.726095407299019
C050,Chile,Control,1059,68.02524449583274,10,81.80290182795932,87.90656388338861,121.47246519597395,145.54940516925106,10.545959909751357,10.573355461896094,14.74168579906917,16.240649324260513,5,104.41279680038454,108.11111420334622,113.65859030778874,148.4302315676159,13.189812212597987,13.470012979605675,13.890314130117208,16.245763616202602,3,107.23052528006875,114.381591003498,125.10818958864189,142.98585389721504,13.741865552602617,14.155532135073281,14.776032008779278,15.810198464955942
P001,Chile,PD,1228,81.6282215616826,12,66.29201621719929,69.39876202018493,73.54600436750128,79.89570968131736,8.711973008975766,9.25973766411178,10.356195140842901,10.88524910709732,6,74.95945905963144,75.51386653710756,76.27594028506869,79.15113563036832,10.151098806259167,10.218283185126555,10.389851532327786,10.86107079623628,4,75.3317964346339,76.86604586833352,79.16742001888295,81.11682665203591,10.426642428253164,10.564699451365462,10.771784986033909,10.91704768856139
P003,Chile,PD,923,60.94937064106896,9,42.12688265732752,43.2157534663699,44.47978090201107,82.9057752859086,3.9550187914685746,4.109028516938381,4.154451858903541,8.31393969914546,4,43.68656952409882,69.61883540198485,108.51723421881387,159.39936274830615,4.137122870937846,6.853653752813713,10.928450075627513,16.193162124353936,3,44.56239985111354,71.119513208643,110.95518324493716,177.3479666387608,4.198230719211041,7.053026010223444,11.33521894674205,18.47220717427306
P004,Chile,PD,811,53.9792203297325,8,67.69975008533017,68.00791722229387,148.67919118617112,208.42084125099984,5.858508288939769,5.877795409559727,13.248278699079888,18.89150989728727,4,67.75730244907835,115.37020399014008,186.78955630173266,229.0988805391113,5.8582417182103255,10.265344472416201,16.875998603725016,20.852080653525096,2,190.6819014970441,192.06075163218912,194.1290268349067,197.5761521727693,17.01575034329604,17.15649443985906,17.367610584703584,17.719470826111127
P005,Chile,PD,1329,88.47299210466751,13,25.8806019164075,27.029825298323313,28.307646109891024,32.45093265690572,3.829398324424851,3.9054214966996796,4.056733692953924,4.728664450340355,6,28.966745358832036,29.794545193918108,32.88093183738886,48.16360913335041,4.24386977735597,4.329189368730184,4.7873146146844725,7.025106686876088,4,30.903801363012022,32.77960750423165,35.593316716061096,51.330432089336405,4.492114527031066,4.790531008680442,5.238155731154506,7.496219420535828
P006,Chile,PD,925,61.52979705144778,9,39.71320799040149,45.28486997564261,47.096500974492834,59.34270525234476,4.137438973839818,4.508519721187432,4.693378821066667,6.010422579314389,4,47.036410305978514,47.106525929498666,47.21169936477889,55.727666778171866,4.657600648190488,4.709709385353738,4.787872491098614,5.599074936820102,3,53.29190256018108,62.460559835589294,76.2135457487016,99.13518893722214,5.244113258586309,6.23000159856114,7.708834108523385,10.173554958460462
P007,Chile,PD,1309,87.00863771770162,13,34.511264447095726,36.94393942905293,45.02404632498891,96.81977164721151,4.643166607974993,4.9439486339902885,6.126804240884634,13.757694017365756,6,42.15021593678481,62.912811564682855,86.109241852831,108.76715502941593,5.732773333802762,8.627489322647026,11.889684034300728,15.221303266968606,4,71.54828097579185,82.73830511199542,99.52334131630074,116.33880553362866,9.775735323628362,11.480056010949491,14.036537041931185,16.50120270254685
P009,Chile,PD,1229,80.87903024134286,12,16.35394802980663,17.160102246907567,22.26209453359006,30.65078610541476,2.14683540042357,2.279307589150829,2.950478542771598,4.088953484055207,6,30.1978917031733,30.74132784160365,33.37681187432812,49.8028130848424,4.016371407713208,4.092905461033998,4.441710756126617,6.643071984067886,4,28.117785387054646,31.232237198943455,35.90391491677667,44.860023043221744,3.7302046627323353,4.148293396514375,4.775426497187435,5.979155027347695
P010,Chile,PD,1361,92.74465576809065,13,23.673441198562962,26.935592406363053,28.053115205396935,28.54887002663993,3.6952222272009623,4.119448159949886,4.278672341248675,4.418098676319281,6,25.956924115690956,26.671994808599752,27.700904642202236,29.125885697928773,4.040805784157254,4.110476117463531,4.230941975086235,4.467206030210063,4,29.513139563793086,29.830528935124455,30.306612992121504,49.58821158289713,4.5279672439451595,4.58222455169584,4.663610513321862,7.543529708288506
P011,Chile,PD,1175,78.36859920297468,11,23.555520059054636,27.850863650174407,28.622618871044587,30.714355213183566,3.106809646533802,3.6349813558222377,3.7660312061340058,3.9934931561393774,5,26.1295112235939,26.991763273562725,28.285141348515964,32.03607851521728,3.45710767426026,3.5505342226260006,3.6906740451746116,4.130835941023587,3,28.08387739351058,29.426975150112753,31.441621785016018,34.79936617652145,3.693724174267264,3.866207980179505,4.124933689047866,4.5561432038284675
P012,Chile,PD,929,77.78636798785338,9,27.231517687333476,31.18491188360615,37.58022260861598,40.69190846029975,3.485857358849651,4.10197448071754,5.074020118899328,5.413821755424843,4,36.5019855589904,37.38786404332685,38.71668176983152,45.02684205469815,4.802608471733963,4.948197585749779,5.166581256773503,5.955282249052558,3,37.420166377609576,39.786183348409885,43.335208804610346,49.25025123161111,4.993305776695729,5.2759130810224875,5.699824037512624,6.406342298329518
P013,Chile,PD,1162,77.2986708886021,11,16.198924393772305,25.897644290513753,29.441908431784064,45.486784627598986,2.093776984214498,3.206463566866883,3.704137742125698,5.676836101139315,5,28.753549485936535,44.09720683494467,67.11269285845687,83.05230597423645,3.5744670954590028,5.59097396402133,8.61573426686482,10.563360082194325,3,29.877282264970003,41.52887985154008,59.006276231395205,88.1352701978204,3.7061537836023755,5.2186473488698155,7.487387696770975,11.268621609939576
P014,Chile,PD,678,67.48003218074298,6,40.7552574534993,41.11013565269431,42.02779571374384,43.87015181368081,4.659501006493798,4.678537384931824,4.7403576612986145,4.882770440323764,3,43.176719660055404,43.46359664722433,43.893912127977714,44.61110459590002,4.849709327813299,4.883945346481543,4.935299374483909,5.020889421154519,2,44.422254308116095,44.47159375743966,44.54560293142502,44.66895155473395,5.010217035390364,5.011650599842451,5.013800946520581,5.017384857650798
P015,Chile,PD,768,69.87408108304825,7,36.85060612414906,36.898552198128506,37.26193403337695,37.83571478287827,4.302550999306583,4.325022380672973,4.340621084387347,4.424048463584086,3,37.41822541175388,37.79132374416645,38.35097124278529,39.28371707381671,4.381294359401891,4.412415716640407,4.459097752498181,4.53690114559447,2,38.80621035473414,38.83992172929906,38.89048879114643,38.974767227558715,4.525329668980892,4.525889883887883,4.52673020624837,4.528130743515848
P016,Chile,PD,1026,68.2750566463372,10,26.66837115764704,32.44089904282403,35.24381150929899,38.00445692868666,3.0239677012866584,3.603583341782396,3.9502598265743565,4.297197415766397,5,36.097533636986434,37.14976588637384,38.72811426045495,40.42141205801473,4.057657934835455,4.137584449702678,4.257474222003513,4.650576073497098,3,39.75943883644019,40.00383374615233,40.370426110720544,40.98141338500089,4.480340631993892,4.492645818006702,4.511103597025917,4.541866562057943
P017,Chile,PD,983,73.60575867095305,9,49.69826023823239,60.786677764421924,65.11687705017553,70.52548719033668,6.42420085549985,7.537661090072079,7.947629438549655,8.672481547243232,4,58.393077780361224,61.50499354051814,66.17286718075351,72.71412428963352,7.422864596792946,7.6939726935852875,8.100634838773798,8.76487446999618,3,75.13746599391426,75.28651580558174,75.51009052308298,75.8827150522517,9.09214254524616,9.134146888911843,9.197153404410367,9.302164263574573
P019,Chile,PD,1073,71.37060834630377,10,37.96713624101026,42.24111160824998,46.37197524722719,52.73175883967991,4.684640357452589,5.064272571704059,5.513840275065984,6.190628735999077,5,47.29700634337469,48.56615274622328,50.46987235049616,52.079332603462866,5.793610253180218,5.821025456532522,5.862148261560978,6.173316493618319,3,46.72770621834645,47.842766303285174,49.51535643069327,52.303006643040085,5.677176728671143,5.7593835294733156,5.882693730676575,6.088210732682006
P020,Chile,PD,1480,98.34976187839185,14,27.773213968523958,36.56025998643497,45.37283822713344,50.97815820695725,4.68659218854288,6.032033812386314,7.58170245364883,8.346050990456002,7,44.389713145793465,46.35720608033222,49.629644122580316,56.15187566505252,7.32310168038034,7.601704763965872,8.165015960773372,9.179567874229003,4,50.1445051180486,51.20477136515788,52.7951707358218,53.70728774798078,8.254420692588358,8.41763615027976,8.662459336816864,8.800326738468232
P021,Chile,PD,1118,77.13270550898616,11,28.720836767867066,31.596726591739394,33.58629953300979,35.83650303105689,3.6836698091354236,4.17107490122233,4.339524705179258,4.4837103109197125,5,35.99961473830703,36.16694127152415,36.41793107134984,36.855926205732665,4.608009669027064,4.610211651429215,4.613514625032442,4.7485571353131055,3,36.90397675803264,37.68864900433688,38.86565737379324,40.82733798955384,4.725543796166103,4.815051319273921,4.949312603935648,5.173081411705193
P023,Chile,PD,1056,71.48837072858113,10,30.317171851789027,30.44660680245208,31.834656187038114,33.40628128273998,3.418022035647819,3.441736576878348,3.51367542161291,3.7461980960961854,5,31.626183017577485,32.29609265020147,33.30095709913745,34.277289315435524,3.5480222148453215,3.60820657738758,3.6984831212009674,3.9223803127894272,3,31.875136828350826,32.560574421899474,33.58873081222245,35.30232479609408,3.5761720625982614,3.663257135448282,3.7938847447233135,4.011597426848366
P025,Chile,PD,1232,81.08303771809165,12,22.892235461929978,26.71293622335089,29.126585338572603,31.156373467318453,2.9912369447583305,3.6266672864041536,3.987401645943763,4.296271124599213,6,28.37002053800161,28.634843560800544,29.547868182204752,31.71790090040937,3.81128847877714,3.8433945203178705,3.9922807616134985,4.3460275557359695,4,29.366337215032093,29.87846735054117,30.646662553804788,31.29569249398468,4.0148295909064355,4.064510246007386,4.139031228658813,4.210401317605346
P026,Chile,PD,1044,69.16762548778414,10,43.384923834917764,55.844884219845454,65.56490274922584,89.23473423805137,4.6030284272031405,6.167888206115815,7.265594844137878,9.883002466592583,5,57.58530574014459,67.32800814059954,81.94206174128193,94.84949397618149,6.213816941303788,7.4177328897540225,9.223606812429374,10.668934391741683,3,58.50821589011555,73.53372874421112,96.07199802535445,133.63578016059336,6.369096175100029,8.111885973050528,10.726070669976275,15.083045164852523
P028,Chile,PD,1201,79.62035036931866,12,11.939286647725888,13.992603368421769,15.936079636617244,22.319441779900117,1.5549388077733204,1.857093332282461,2.1216054916331504,2.968671567342547,6,16.95080377869199,18.589238560513635,20.30719431759412,21.964346755999273,2.2417843199835996,2.44304008649305,2.670508878558012,2.924364952348676,4,19.070678842854893,19.595367940773176,20.382401587650605,24.327965753228703,2.505387926245191,2.585333927818947,2.705252930179581,3.230271421857048
P029,Chile,PD,1302,85.70742084515943,13,32.564669148751946,32.650943164064536,35.32835299377152,42.944515530407536,4.367403289668059,4.513059476639508,5.118419198773075,6.138221419826249,6,33.33263110650601,39.66406232949001,46.3727325824973,48.825843076543435,4.514445098429076,5.595793613486441,6.714869053649119,7.028083872691163,4,44.61906284572513,45.652367762301274,47.202325137165495,48.25932303828076,6.481654708192322,6.5482310359962055,6.648095527702031,6.833651468378843
P030,Chile,PD,1421,94.51343208135737,14,16.087274599521326,16.50539441592007,16.743000140917452,17.530974875345382,2.51261590596341,2.595082740600303,2.6427226351451276,2.7504202364175034,7,16.647898897111375,16.78191883072205,17.054864101663377,18.17934039192366,2.637771458897284,2.6378778736767288,2.6604159447056137,2.851503596728425,4,17.391485506302846,17.58449647124902,17.874012918668285,18.80643066503804,2.7296461504085245,2.7537476648147545,2.7898999364240997,2.969322172871121
P031,Chile,PD,1140,93.39248190520662,11,21.02468726871995,23.24458229481885,25.185905277929876,25.63782519653492,3.29938754746637,3.6328174251494647,3.886397063049634,3.989884980215665,5,22.145666681403366,23.672316786669953,25.96229194456983,31.0978339500022,3.4681721867703463,3.7108302948019403,4.074817456849331,4.787891479731213,3,23.24687821431643,24.5270394300838,26.447281253734857,29.647684293153286,3.6467216742634614,3.843997779571207,4.139911937532825,4.633102200802189
P033,Chile,PD,1340,89.27867494456171,13,23.13839783877558,24.829631278943353,26.06133208995715,28.043177387375312,3.4116360235285867,3.7331204183116884,3.8974878624668596,4.1630559347073,6,24.5304937909562,25.117009967926634,26.410791344107746,28.742442412869444,3.6338242216923238,3.75128244640939,3.965735712869745,4.295367483456011,4,25.85882153268176,26.297113784900244,26.954552163227973,28.64520940936956,3.8837750430821933,3.9373694761832625,4.017761125834865,4.259764753428259
P034,Chile,PD,1041,69.41072010010436,10,36.65271773240993,43.41134430648862,51.77313192715525,69.99122745841969,4.418385598506411,5.048529937039485,5.514871481941458,7.395483556686965,5,60.283417722134054,61.31939399164237,62.87335839590485,67.2978051117889,6.171521060824535,6.581037555912208,7.195312298543717,7.54476615078689,3,60.1687393139947,62.51010552277069,66.02215483593467,71.87557035787464,6.888078042173586,7.015909655873909,7.207657076424393,7.5272361106752
P035,Chile,PD,1002,68.47271228021421,10,45.10437278628808,49.34291089886407,105.29357407430851,182.22345237016083,5.023541842412857,5.45381133438213,11.555217406918443,20.464957826855976,5,108.00648117068887,134.4639446958234,174.15013998352515,184.52836628774483,12.201295877304,15.060869748897101,19.350230556286753,22.5787714044933,3,173.16416245052162,178.0541665014567,185.38917257785937,197.61418270519712,20.892351050929204,21.1072760149925,21.429663461087443,21.966975871245683
P036,Chile,PD,1456,96.45077488526046,14,33.147152779292185,36.869265058333944,46.53375838262028,75.46477568008083,5.033277572171432,5.631893365392867,7.470380686621997,12.30585944037005,7,39.40796032127795,42.66368689790624,62.00901765264703,97.70944724233173,6.00054212036391,6.614879018639573,9.869202469163298,15.640461742284051,4,37.39153529782711,47.12408295394155,61.72290443811321,82.43878331681935,5.688252058451215,7.354318791466281,9.85341889098888,13.518658050101859
P037,Chile,PD,1078,71.70612462098745,10,32.647692386780086,34.900827348487965,36.58076518717677,38.618583065941465,3.7715527866155387,4.228025984516478,4.459116409913997,4.638785184589148,5,36.42793912292759,36.59017663285119,36.83353289773658,39.91929546915588,4.2798834442305065,4.3389309779979595,4.42750227864914,4.825483580634368,3,37.772790192541585,38.21429972153391,38.8765640150224,39.98033783750322,4.561049820389971,4.620340741318879,4.7092771227122405,4.857504425034511
A01_1,Spain,Other,511,68.53326299695557,5,25.69926304803547,30.55261829892842,37.83265117526784,43.25209634669559,3.008647246252016,3.5770849908567453,4.429741607763839,4.864924341067598,2,41.02551602142404,41.33943245944096,41.81030711646634,42.59509821150864,4.727258860566231,4.761264357335727,4.812272602489971,4.897286344413711,1,,,,,,,,
A03_2,Spain,Other,487,65.17258914949994,4,17.369321614079617,20.548813888566333,25.318052300296404,28.082095172144985,1.8981620455576267,2.2293842162424578,2.7262174722697043,3.01280339502354,2,24.649990061869214,25.030994866017448,25.602502072239794,26.555014082610377,2.669741480312053,2.708031011779636,2.7654653089810104,2.8611891376499683,1,,,,,,,,
A05_2,Spain,Other,605,81.07202680067002,6,17.224647597221978,19.872672574091016,22.984948501348338,29.285131800607246,2.294417039271896,2.6592736163836355,3.081208080884192,3.9490851547251387,3,20.224267725312718,23.040498086005083,27.264843627043632,34.30541952877455,2.704827770835313,3.0955050852614896,3.6815210569007544,4.658214342966196,2,26.26599125378739,27.085104828115146,28.31377518960678,30.361559125426165,3.5312927983688494,3.6462080584227303,3.818580948503552,4.105869098638255
A09,Spain,Other,413,55.34931717973116,4,34.54720676045308,37.06668481647745,40.845901900514,44.616716263819185,3.135410473431086,3.4172600597593172,3.8400344392516637,4.1869839231536226,2,42.91310725022539,43.21966581543395,43.67950366324679,44.4459000762682,3.8862471813141632,3.9292257007900973,3.993693480003998,4.101139778693833,1,,,,,,,,
B01,Spain,PD,485,64.83754963080474,4,20.866201950484037,21.029852158440285,21.275327470374652,53.58608740402923,2.20885842001186,2.2091429536922305,2.209569754212786,6.123070323642528,2,74.24215167562923,74.51077308980693,74.91370521107349,75.58525874651775,7.943055556514447,8.003908695113722,8.095188403012635,8.247321249510824,1,,,,,,,,
B02,Spain,PD,720,96.36920111716888,7,15.490629295144725,20.17066469971183,24.855930662188314,26.99149884873032,2.398672854621357,3.3208894300728726,4.125858079319174,4.347876023831632,3,26.703868313683934,27.264989755838943,28.106671919071452,29.509475524458974,4.191011553225032,4.311796471816786,4.492973849704417,4.794936146183803,2,29.405261210284102,29.958454952644143,30.7882455661842,32.171229922084294,4.700680124841597,4.794036557873943,4.934071207422462,5.167462290003327
B03,Spain,PD,739,98.76598209114803,7,12.117455478471017,12.356481629978292,12.762452300576506,13.59101010063474,1.9724347231941624,1.9904553520452382,2.1026155848085293,2.2634330514330245,3,15.419099948313468,15.920690933601412,16.673077411533328,17.92705487475319,2.593581259913789,2.660008947440552,2.7596504787306966,2.925719697547604,2,16.219809790944023,16.573098320576726,17.103031115025782,17.986252439107545,2.6447929347888417,2.7098217834257126,2.8073650563810193,2.969937177973197
B04,Spain,PD,460,61.64264241460484,4,14.49166949831816,16.516997334308105,19.55498908829302,34.21888785891337,1.531015012394422,1.7312597599475592,2.0316268812772655,3.484328975737708,2,20.65139950481656,24.363443580863912,29.931509694934938,39.21161988505332,2.1593073437422556,2.5306798000935715,3.087738484620546,4.0161696254988355,1,,,,,,,,
B05,Spain,PD,393,52.713233748988436,3,25.475668724681146,25.726858553713832,26.103643297262863,26.731617869844584,2.2465712556377664,2.2654442307580167,2.2937536934383917,2.340936131239017,1,,,,,,,,,1,,,,,,,,
B06,Spain,PD,384,51.35245974716046,3,24.94143443178743,26.663996292726438,29.247839084134945,33.55424373648246,2.1634775365000727,2.302667627967506,2.511452765168656,2.859427993837239,1,,,,,,,,,1,,,,,,,,
B07,Spain,PD,442,59.26495367411427,4,16.33551005903669,16.907513036029137,17.765517501517802,20.435136622883913,1.655301669845438,1.7068098784006052,1.784072191233356,2.0241332961606338,2,18.22723954159084,19.06925255673621,20.332272079454267,22.437304617317693,1.8361831768453607,1.9126889275811305,2.027447553684785,2.2187119305242096,1,,,,,,,,
B09,Spain,PD,751,100.40330666904343,7,8.770450848206613,8.921967452671101,9.337962972351221,10.065221650251269,1.4734805363070145,1.5244158955916236,1.575397709609903,1.6592301029064767,3,11.052142292163595,19.041164799346625,31.024698560121166,50.99725482807874,1.8668213252983117,3.2223533828503976,5.255651469178526,8.64448161305874,2,12.521653040704926,19.54401322933309,30.077553512275337,47.633453983845754,2.0983197293164477,3.281677514833993,5.056714193110311,8.015108656904173
B11,Spain,PD,444,59.35643718778826,4,36.03982084956426,36.474031109862125,37.125346500308915,41.12317317716199,3.417392456814362,3.4991452608617655,3.621774466932871,4.104464560646404,2,41.482660905237196,42.098724588244565,43.02282011275561,44.56297932027403,4.00694127186504,4.095317705318584,4.227882355498899,4.448823439132758,1,,,,,,,,
B16,Spain,PD,492,65.95203731920161,4,16.878352641143266,16.952586004923692,17.06393605059433,17.47535724376113,1.8264638719990547,1.857490132545316,1.9040295233647075,1.947183007941908,2,18.904212393833173,19.023955276852547,19.203569601381602,19.502926808930034,2.058744162074531,2.076873414591887,2.1040672933679203,2.14939042466131,1,,,,,,,,
B18,Spain,PD,534,71.49423851049207,5,8.749810964769006,9.208492598176992,9.896515048288972,16.299358604223997,1.042786261711518,1.100165454504447,1.1862342436938405,1.9560951688817412,2,13.370300094729195,13.561393051183748,13.848032485865577,14.325764877001959,1.5989930390625346,1.6222033483476768,1.65701881227539,1.715044585488245,1,,,,,,,,
B20,Spain,PD,531,71.17867052720473,5,30.41613075493019,32.68486778005358,36.08797331773867,40.29392515057827,3.5637777985342587,3.8265139338800367,4.220618136898704,4.844999777622859,2,33.297990643648795,34.056018218607775,35.193059581046256,37.08812851844371,3.8978754294534212,3.999560881918222,4.152089060615423,4.406302691777425,1,,,,,,,,
B21,Spain,PD,561,75.02440633539432,5,19.959342512601797,28.320990795220105,40.86346321914757,47.006876780386776,2.4274941636790395,3.5701056853255126,5.284022967795222,5.975197251860528,2,51.41610232105743,51.57825002471818,51.8214715802093,52.226840839361174,6.532761872950567,6.542033053679206,6.555939824772166,6.5791177765937645,1,,,,,,,,
B22,Spain,PD,534,71.45150931278098,5,20.048668058229975,23.39649398394024,28.418232872505637,34.3529570279715,2.319159270108039,2.7617092974797526,3.4255343385373234,4.043141612877092,2,36.19133409141728,36.19722759258981,36.206067844348595,36.220801597279916,4.285939945929429,4.300622493965831,4.322646316020434,4.359352686111438,1,,,,,,,,
C01,Spain,PD,362,48.44213484399046,3,73.54122323670931,83.29576616064755,97.92758054655488,122.31393785640046,6.020763941243209,6.862439474475834,8.12495277432477,10.229141607406332,1,,,,,,,,,1,,,,,,,,
C02,Spain,PD,614,82.18627997769102,6,19.85412457466364,20.034060562854286,20.41992857659558,21.551097005971457,2.703669223338459,2.7440214867239785,2.8083557730574626,2.9591984630633794,3,20.498390670989334,21.018195420248528,21.797902544137322,23.097414417285307,2.7989118438752727,2.8726904153244663,2.983358272498257,3.1678047011212414,2,20.59245567602929,21.079810351538,21.810842364801072,23.029229053572855,2.8199572299558078,2.887513150871964,2.988847032246199,3.15773683453659
C03,Spain,PD,508,67.95532071433348,5,15.713019757481055,17.24629397228251,19.546205294484693,20.753278918247734,1.8017451848963484,1.986047819081373,2.26250177035891,2.2861573198624923,2,20.18401526856857,20.792221887545193,21.704531816010128,23.225048363451684,2.3100446659305947,2.37767110671443,2.479110767890184,2.6481768698497725,1,,,,,,,,
C05,Spain,PD,611,81.83254908613623,6,17.760187004202475,17.900922373959606,18.114414103803618,19.74457348110461,2.433902563272917,2.435060397961722,2.4486611245877086,2.6810362119278053,3,18.209280311073147,18.978647942161977,20.13269938879522,22.056118466517294,2.4640433438529294,2.5758431856776642,2.743542948414766,3.023042552976603,2,18.558143287361684,19.095209051599962,19.900807697957383,21.243472108553078,2.5218294995735406,2.597094448121106,2.7099918709424533,2.8981542423113664
C06,Spain,PD,443,59.22459893048128,4,23.824577751777785,25.453817979007578,27.897678319852268,59.21931663378069,2.297806580743199,2.4697275160000562,2.727608918885343,5.91673854417073,2,67.2838246930615,68.313569750006,69.85818733542273,72.43254997778394,6.681279449189366,6.77315616005517,6.910971226353877,7.140663003518389,1,,,,,,,,
C07,Spain,PD,515,68.97352220322412,5,32.609077251463574,33.7292077642082,35.40940353332513,45.95643083784396,3.800414578744997,3.9123569509447758,4.080270509244444,5.141000406954086,2,34.30450546906903,40.05653748025328,48.68458549702966,63.06466552499028,3.975352052781689,4.629623513798811,5.611030705324495,7.246709357867302,1,,,,,,,,
C12,Spain,PD,534,71.55683005922869,5,11.680511265965348,12.324375786500314,13.290172567302763,14.220130843706087,1.3717570482636934,1.4490338138719159,1.5649489622842498,1.72973249528112,2,15.023786834692222,15.25954554741474,15.613183616498516,16.20258039830481,1.8208002272023733,1.844728998417534,1.8806221552402749,1.9404440832781766,1,,,,,,,,
C16,Spain,PD,541,72.37296827272525,5,19.567970118166436,20.624148436180423,22.208415913201403,23.704331957162463,2.4159777413347205,2.548034360361293,2.7461192889011525,2.782394529798162,2,20.886173926943457,21.547371694779983,22.539168346534773,24.19216276612609,2.5806746230763045,2.650426616734301,2.755054607221296,2.929434591366287,1,,,,,,,,
C17,Spain,PD,570,76.22528807363987,5,10.687007121365701,10.692870698798563,10.701666064947858,13.692377884108085,1.3617776785875166,1.3646268541803415,1.3689006175695786,1.7300588653730016,2,12.572503298706264,13.726047579180188,15.456363999891074,18.340224701075883,1.5941803459971173,1.743929708238083,1.9685537515995315,2.3429271572019457,1,,,,,,,,
C19,Spain,PD,559,74.79695103185895,5,16.353802881497277,21.6476616628852,29.588449834967083,30.91004217193349,2.091974682310906,2.734089684428633,3.6972621876052236,3.829955910580811,2,30.232093832340446,30.245993461930752,30.266842906316207,30.301591980291967,3.779049874730112,3.7811742244496345,3.7843607490289184,3.789671623327725,1,,,,,,,,
C22,Spain,PD,439,58.82169033082176,4,21.225285092849216,23.052784566494935,25.794033776963513,29.68712359673905,2.0663647162959964,2.2474762383329985,2.5191435213885014,2.9140876389199812,2,28.14173566843667,28.32517186965956,28.600326171493897,29.05891667455112,2.7564264330708332,2.774932410879517,2.8026913775925424,2.848956322114251,1,,,,,,,,
C24,Spain,PD,547,73.26808708231385,5,20.63160270805519,20.71353704741749,20.836438556460934,21.75101530197307,2.44577774053478,2.466361083615239,2.497236098235928,2.631319748127685,2,21.59820390820268,25.29358427221542,30.83665481823452,40.075105728266365,2.6006265994223576,3.0848281225759266,3.8111304073062797,5.021634215190202,1,,,,,,,,
C26,Spain,PD,562,75.21279063542764,5,5.8675963450706865,6.093153085092665,6.431488195125635,6.4704144091597895,0.7424141945328195,0.7648827173318719,0.7985855015304503,0.8297317854325086,2,8.109402694422167,8.112430310460063,8.116971734516905,8.124540774611644,1.0144545352893453,1.0163030479093658,1.0190758168393967,1.023697098389448,1,,,,,,,,
C27,Spain,PD,598,79.96398500563849,5,10.551576070699465,10.851991378248343,11.30261433957166,12.20405628875047,1.4158628187831388,1.452147018111165,1.5065733171032043,1.639272551143143,2,11.188072435594998,11.452145443158033,11.848254954502584,12.50843747341017,1.4962717071128613,1.5315166322175338,1.5843840198745427,1.672496332636224,1,,,,,,,,
C28,Spain,PD,491,65.81857665652355,4,29.244182707373138,29.400508970543076,29.634998365297978,30.24998540294369,3.260946805503289,3.274629004811089,3.295152303772788,3.3139348029252425,2,30.416148844861404,30.738139945940553,31.22112659755928,32.02610435025716,3.4758929496104733,3.4910817544321318,3.5138649616646194,3.5518369737187654,1,,,,,,,,
C29,Spain,PD,495,66.28073573848344,4,12.241410099009068,12.284678611450776,12.349581380113337,13.423079720919464,1.3555177945485524,1.3590282076073699,1.364293827195596,1.4864188153487827,2,12.363827122114236,12.860833920653324,13.606344118461957,14.848861114809676,1.3669390620254767,1.4210882340312472,1.5023119920399028,1.637684922054329,1,,,,,,,,
C30,Spain,PD,582,77.82101167315174,5,8.877960453740588,9.271476847226264,9.86175143745478,13.251430263952797,1.1558339348705362,1.2106889196308794,1.2929713967713943,1.7135322450607489,2,9.739929730535989,10.464943561648582,11.55246430831747,13.364998886098952,1.2725114292387072,1.3653303359458342,1.5045586960065247,1.736605962774342,1,,,,,,,,
D01,Spain,Other,452,60.45528716261402,4,6.619560850886247,8.12550119185346,10.384411703304277,14.087001349108181,0.6640411743761658,0.8184655038774833,1.0501019981294593,1.418730620743222,2,15.029722645946277,19.384068871881038,25.91558821078318,36.80145377562009,1.5148944841851648,1.9542715145199536,2.6133370600221366,3.7117796358591084,1,,,,,,,,
D05,Spain,Other,602,80.52039537921718,6,7.2666666666666675,7.335298413469214,7.419695453936988,7.514094732816863,0.9832309510278825,0.9880645563429311,0.9937629147528295,1.0034711645849188,3,7.703004699922959,7.740361220944119,7.796396002475859,7.889787305028759,1.0230025631388562,1.0300237847035012,1.0405556170504688,1.0581086709620813,2,7.9696637752914565,8.389147997840393,9.018374331663795,10.067084888036135,1.0606607927509304,1.11925287656755,1.2071410022924791,1.353621211834028
E02,Spain,Control,425,56.88510547167791,4,68.82677421240115,69.47142016102754,70.43838908396712,72.29551470054389,6.517193225172445,6.595758749220049,6.713607035291454,6.892367253157186,2,72.15106918070998,73.0638569692533,74.43303865206828,76.71500812342657,6.878802274853414,6.955332011405571,7.070126616233807,7.2614509576141995,1,,,,,,,,
E04,Spain,Control,455,60.93233163258474,4,24.42197222324043,35.55789392796285,52.261776485046475,86.47758680154736,2.4632332341436296,3.601412477119581,5.308681341583508,8.763967783848956,2,83.10434199421508,83.814800128286,84.88048732939237,86.65663266456964,8.290536910835502,8.386968726717278,8.531616450539941,8.77269599024438,1,,,,,,,,
E08,Spain,Control,500,66.96548152645583,5,26.046570568576556,26.422317232399674,26.985937228134354,28.630816201492337,2.910296383000352,2.924551578900004,2.9459343727494818,3.229427923828318,2,29.881694704148888,29.95124123357414,30.055561027712017,30.22942735127515,3.3524838953192297,3.360563786386013,3.3726836229861887,3.3928833506531477,1,,,,,,,,
E09,Spain,Control,496,66.38530243680458,4,13.167744489831769,15.500359077551744,18.999280959131706,21.963057663574332,1.4608427621903934,1.7126738399838066,2.090420456673926,2.4232663468345628,2,18.03273405469723,20.848016080458876,25.070939119101347,32.109144183505464,1.9905437626608564,2.304953174900632,2.776567293260295,3.5625908238597335,1,,,,,,,,
E10,Spain,Control,477,63.856561473654146,4,20.972671009981756,22.052155520565112,23.671382286440146,24.6987105774859,2.229143213509391,2.3489079955497965,2.528555168610404,2.6343150890545983,2,22.98293883268488,24.493441828792044,26.75919632295279,30.535453813220702,2.4506247155895333,2.6103271065026203,2.849880692872251,3.249136670154968,1,,,,,,,,
E11,Spain,Control,521,69.72604756360326,5,29.212388405668516,32.42785348354069,37.251051100348946,39.46344683835456,3.528492378991245,3.7919397994177197,4.187110930057432,4.667468579344122,2,35.73703510914077,36.62380952290953,37.95397114356267,40.170907177984574,4.271188611108016,4.360903028255793,4.495474653977459,4.719760696846901,1,,,,,,,,
E14,Spain,Control,463,61.98762032694118,4,40.6112687749983,41.27088977409144,42.26032127273115,43.36013373186064,4.216111122357699,4.277321814848818,4.369137853585498,4.484509413546081,2,41.70421812053579,42.4334567417989,43.52731467369355,45.35041122685132,4.317743210392159,4.389691599909923,4.497614184186568,4.677485157980977,1,,,,,,,,
E15,Spain,Control,554,74.2242626699298,5,22.196286885764284,23.85729007033217,26.348794847183996,26.863959559832637,2.762587669051886,2.974893543219697,3.293352354471414,3.3007339150560258,2,26.97309286480635,27.07390139510594,27.225114190555317,27.477135516304283,3.313240740057284,3.3355626579097266,3.3690455346883907,3.4248503293194976,1,,,,,,,,
E16,Spain,Control,437,58.451633613924955,4,27.37007877447948,28.733891480637247,30.779610539873897,32.74580260496456,2.641134688263966,2.7886647431882365,3.009959825574642,3.2113402497813115,2,32.687204940682385,34.49201324542487,37.199225702538605,41.71124646439482,3.205665062292937,3.377182084070658,3.6344576167372398,4.063250171181543,1,,,,,,,,
E17,Spain,Control,458,61.3472279893379,4,28.204813687587357,28.684492146586315,29.40400983508475,30.462232393095764,2.9718683421055947,2.987244175797042,3.010307926334212,3.094249182021362,2,31.330303855827708,31.61741467042158,32.048080892312385,32.76585792879707,3.1852687938011086,3.220753486620503,3.2739805258495953,3.362692257898082,1,,,,,,,,
E19,Spain,Control,469,62.82119400452741,4,61.85005001508638,62.98746548985424,64.69358870200602,69.01669776577972,6.323101539123087,6.535697641852553,6.854591795946752,7.298506962683836,2,68.09952441926929,68.28119654323201,68.5537047291761,69.00788503908294,6.992814542205605,7.0332309895814955,7.093855660645332,7.1948967790850595,1,,,,,,,,
E21,Spain,Control,476,63.712170898528996,4,29.287153732265857,31.99065670921374,36.04591117463556,38.88793567093211,3.1096999078642873,3.4107816734685774,3.862404321875012,4.1420551967220565,2,35.99524117066968,36.8301093655074,38.08241165776398,40.169582144858275,3.870331190463714,3.9441482212692147,4.054873767477466,4.239416344491219,1,,,,,,,,
E22,Spain,Control,724,96.89637173945047,7,58.44742435849003,59.91249307844717,61.83964838976526,76.79112690745704,9.394577483924845,9.785072775179989,10.08217508916095,12.475408081921085,3,70.00889462513436,72.07635970892991,75.17755733462324,80.34622004411213,11.327750210367517,11.666404691237442,12.174386412542331,13.021022614717145,2,79.20426409925804,79.238341654592,79.28945798759294,79.37465187592784,12.747330624015522,12.763438155755697,12.78759945336596,12.8278682827164
E25,Spain,Control,543,72.71542334749847,5,8.86429678969277,12.320273683747686,17.504239024830063,23.515952032609697,1.0663174292906015,1.4852424970271265,2.1136300986319143,2.8335886290649115,2,20.697155874818467,20.898427498787374,21.20033493474073,21.703513994662995,2.519005388590924,2.5430382670790106,2.5790875848111403,2.639169781031357,1,,,,,,,,
E26,Spain,Control,623,83.34931344960911,6,11.516786167866607,11.730584533231518,12.688534816497004,18.764039021914872,1.5556917692647045,1.5813373615048922,1.7408229668809558,2.668890694756141,3,25.44114500757547,25.71304463273272,26.120894070468598,26.800643133361724,3.5072851481396605,3.5603825938798246,3.6400287624900707,3.772772376840481,2,26.86445268906787,28.169479879903037,30.127020666155786,33.389588643243705,3.7293783579759565,3.910498756843312,4.182179355144346,4.634980352312735
E28,Spain,Control,424,56.83874686649597,4,26.806745721210103,28.445103289599334,30.90263964218318,32.33536543059628,2.574155996966535,2.711873410314041,2.918449530335301,3.0808711676680383,2,31.654542332045434,32.722108688984875,34.32345822439403,36.99237411674263,3.0072717396965074,3.105799500047144,3.253591140573099,3.4999105414496907,1,,,,,,,,
E29,Spain,Control,662,88.63262091033646,6,9.130612290973744,10.295819898963769,11.837991312015854,13.010929738297666,1.3503626790957384,1.5365500494860753,1.7701861841818274,1.920211586774696,3,11.68607813214308,11.990208287260009,12.446403519935402,13.20672890772772,1.7423184238047291,1.7850956712551744,1.8492615424308425,1.956204661056956,2,13.459752963289331,13.534688392857666,13.647091537210168,13.834430111131002,2.003416432973525,2.011498928775722,2.023622672479017,2.0438289119845092
E32,Spain,Control,361,48.31952456800203,3,29.058742317080846,29.175836553346947,29.351477907746098,29.64421349841135,2.3329861521790076,2.3459833871039244,2.3654792394912993,2.3979723268035906,1,,,,,,,,,1,,,,,,,,
E33,Spain,Control,383,51.411466233539606,3,43.649897312061746,44.99350888580112,47.008926246410184,50.36795518075863,3.65228318958965,3.80646816999332,4.037745640598826,4.423208091608001,1,,,,,,,,,1,,,,,,,,
E34,Spain,Control,482,64.65488332163346,4,24.027728090098677,24.854539350318003,26.094756240646994,27.30129754390324,2.558972489786431,2.659061558804984,2.809195162332813,2.9673536456251717,2,27.83873156008319,28.029138604992035,28.3147491723553,28.79076678462741,3.025291410571961,3.042347106343841,3.0679306500016614,3.1105698894313614,1,,,,,,,,
E35,Spain,Control,469,62.769066048047115,4,54.87396026487896,55.74791310022621,57.05884235324709,62.868120462429424,5.694682468335301,5.82082882043042,6.010048348573099,6.585209728210292,2,61.60367328994327,62.29494289260375,63.33184729659447,65.06002130324566,6.3947343426525425,6.4832755429427005,6.616087343377937,6.837440344103332,1,,,,,,,,
SUB-001,Japan,PD,56431,71.31797014176897,564,8.230124512724549,18.19437356114045,24.777506343289723,33.082520365105665,1.1187098348092308,2.38530475798417,3.0341536237015356,3.978676391622715,282,9.961199853058003,21.43499257658972,28.099341435248427,38.30136529615562,1.3557725479680156,2.7654235766228035,3.349903438389279,4.460733884042159,188,15.701108397346974,24.91383852985298,30.73211407800981,41.31240740505025,2.062723618578132,2.9916147954403156,3.653623462668013,4.806981653262298
SUB-003,Japan,Control,82062,65.4258531779233,820,14.575390910779038,30.456219603374564,40.73949109522868,57.044265540160644,1.627947837137264,3.038287648718768,4.435867620234971,6.402287921382675,410,23.079172777211966,36.74957042659523,48.68210835874008,67.52306973905982,1.8929069036339676,3.738184395168596,5.326818879801108,7.765531268803421,273,25.486230570995563,41.03315725770615,54.24596641036891,75.53314775816251,2.132780604167632,4.431689810465416,6.128224897004127,8.611455836922964
SUB-004,Japan,PD,88280,61.333703040037506,882,6.487556075933671,14.943610789963994,18.93866117115993,25.81396434257539,0.6220986791900724,1.4775241424080918,1.8673823480682439,2.656982513049636,441,7.978054069362305,17.746907862877617,22.34037964793952,31.463428558938343,0.7662585427319558,1.6971237454996981,2.1678155685001976,3.2299001922378214,294,11.46780234063917,19.75177643660554,25.107700837671167,34.32201441327291,1.1148328409517105,1.8205392784738157,2.3945439103952477,3.6878689450787037
SUB-005,Japan,PD,98907,70.85463120088166,989,2.0699631578237025,4.6828922338889205,7.140516066571777,11.015031052652965,0.28532872332221443,0.6230042425114942,0.8816368650663672,1.3047045010400649,494,3.0374174100069067,6.197189225963235,8.883325093645874,13.747348409501644,0.39665137607580747,0.814301861733762,1.081501342546683,1.5693440286928664,329,3.708706499831876,7.337568560778652,10.425186036800264,16.18327687429804,0.5014905503669247,0.9264814076144829,1.2550019382699835,1.8190503790130423
SUB-006,Japan,PD,56733,79.81631821855684,567,11.200036074977977,20.50786447214952,28.316229124249798,40.664182735864216,1.301663808630233,2.5890322764259097,3.917446545509721,5.3935570196732385,283,12.02956888829317,24.278230388270863,33.61768090078778,46.378460333592066,1.403364332303988,3.073979522406766,4.708320304451965,6.204559557159604,189,15.151811118017402,26.217739423275415,36.41404166421656,49.07159968053052,1.7959427169270477,3.5643619831371716,5.134969656375331,6.46006148430934
SUB-008,Japan,Control,22453,60.155757141458864,224,12.453290506707232,21.09931098993161,26.047959314202473,36.160222435888834,1.099220642826257,2.0554260206478565,2.548569074397644,3.7408112588554374,112,16.713848709781576,25.190077117503762,30.040064299117695,43.709702082647425,1.4734360983458803,2.416605697536406,2.8566159832235454,4.661971524957283,74,21.797121459080216,27.322473301776977,32.70380218874368,50.14634820920334,1.9088077826952963,2.567702986839645,3.3164633096873617,4.889299546323834
SUB-009,Japan,Control,109824,76.32933623210224,1098,6.805998542581106,14.174267865778635,18.39259096742291,24.70469937691591,0.975360248136258,1.8561318903383595,2.386090761442823,3.125388141040598,549,9.06744688238228,17.455975701755026,21.725144059870136,28.072920122799935,1.4438061164284908,2.259137806232186,2.760688261210638,3.564904957440574,366,9.776715678270216,19.497675661429433,23.18703064489636,29.31721250803129,1.4266977728802497,2.5291368820272564,3.0391017638784055,3.772380166393784
SUB-010,Japan,Control,80166,57.949850721870796,801,13.749563813099858,23.08892558887237,29.687864404993718,36.835220025723125,1.3905150904960524,2.3105785451077674,2.83859080556404,3.5241692508636255,400,14.211464690284958,28.309265335438322,33.74061896671915,43.67787635119739,1.682407535164134,2.7452807412002493,3.3041267393902487,4.159697182581072,267,18.8082799195993,30.722896331106202,37.02722493410248,47.094759547231945,2.0894239415858253,2.917226917801362,3.59581768283567,4.652108513958856
SUB-011,Japan,PD,101772,71.1874955889032,1017,4.283524933811622,8.736371069712195,11.730901090881314,15.915620305126946,0.5925227800494685,1.1262240017262015,1.4433920231098702,1.8537517482817867,508,6.4341738370069015,11.266198937995584,14.126303966031424,18.97498479153687,0.8160885807630996,1.42245963785953,1.7284492947297743,2.2808850022097857,339,7.811442169186289,12.68052090052093,15.806892030639641,21.114134550460236,0.9952022740424111,1.6039139169357381,1.883010082958242,2.6168343172884523
SUB-013,Japan,PD,105516,73.28992603632564,1055,4.345484129902251,9.60757907369175,12.379574519873689,16.65821300758458,0.6425795878549742,1.1377844310774767,1.4247507971996325,2.0048344494845622,527,6.899974510185239,11.071985453917385,14.310674637805775,20.353360198178184,0.8837963047168306,1.3077763464848475,1.6372082738113893,2.4225597151960963,351,7.040012256754304,12.283011171275055,15.438752442698426,23.07300685833881,0.9019990335243634,1.3725903646078468,1.8504784043254,2.775889425556958
SUB-014,Japan,PD,90744,67.01898045167724,907,4.683691887493209,8.174567631306362,10.645877606932707,14.527591303822842,0.6022646702362423,0.989273298187351,1.1950785391908574,1.5674309577261125,453,6.80824212289928,10.316697747860147,12.87636512741357,18.099306602670943,0.7885295966640156,1.1894760159860434,1.4088178513293814,1.9817965556289503,302,7.689098104095406,12.113885665280199,14.859177615214309,23.495334515164714,0.9261890623910373,1.3104187138621048,1.6294197693709196,2.5144181594217887
SUB-015,Japan,PD,114924,83.14861330227323,1149,5.769512347440876,16.69113541322868,21.56843934450464,29.070718372043487,1.214225176243976,2.290105584367938,2.8686652245335975,4.044105881004887,574,7.968020251835982,21.152086319471216,25.274815087678284,35.27444054502464,1.7243437970603093,2.760711550345327,3.5251959547404668,4.760372833582683,383,14.847924380765999,22.542697822954505,28.006088551984995,39.43419507686304,1.9029782104024318,2.9406229272670954,3.8200921267433436,5.236937773324349
SUB-016,Japan,Control,71432,81.83116437877531,714,6.506647727245163,13.674571618178437,16.49346460095861,20.992186253874337,1.2245041547782454,1.8841677374727668,2.2099000228104684,2.8815589547310383,357,9.139553170741117,16.493430335477004,19.67476701987681,25.84618154587854,1.7440730429725337,2.1737063637903615,2.5855349214239776,3.442393558885317,238,9.376395325372052,18.125177209704606,21.62906360764562,28.302241869397733,1.7813654771206116,2.446076949407337,2.8643737261489477,3.876363113476421
SUB-017,Japan,PD,18349,89.31230402040035,183,4.117270842672267,6.997605658765316,8.335067461704853,10.839061422708726,0.7047225186006207,1.0345287766435836,1.2688928291549828,1.6197236299884277,91,5.834217209897254,8.395857736746043,9.953487690196798,13.058691439441882,0.8534423443040994,1.2522626778450519,1.5310168213742847,1.8820219263749982,61,6.014529972618584,9.162092301435425,11.045159151917769,19.36736644314719,0.880480064698298,1.4842793594420645,1.7144445333774838,2.898987677539608
SUB-018,Japan,Control,98065,68.16060240724774,980,14.71101765358333,31.370818645917648,39.97919786746463,49.07392317969579,1.7256123275484547,3.959290981230823,4.66907359233218,5.44882331082848,490,17.69686043756727,36.08507472934599,45.186381754924035,53.69824795240725,2.055873981327409,4.525023787561045,5.050417393726407,5.964277247233003,326,17.187113733371145,41.044568771271635,47.74054169458046,56.36310884655275,2.00308228895977,4.751186257857957,5.359838309925537,6.151761616422627
SUB-019,Japan,Control,29491,64.08626136963785,294,9.32014219339225,13.840325806505037,17.255452458122207,24.009909863851163,1.0253858553251314,1.4608729053984115,1.8423599153189523,2.5535511263217017,147,11.581174075404624,15.901868309002655,19.52924290834676,26.754591021047535,1.271322301914433,1.6678575391309993,2.1426806574825794,2.969282931196421,98,14.453579251426172,17.12459880978764,24.129225974666223,29.384947466165887,1.4403455227235393,1.8195197907293776,2.5389935612364463,3.2360193039399006
SUB-020,Japan,PD,47695,81.5332432232917,476,5.25030061669392,14.974531301112377,20.619137081756428,26.71373311874922,0.9360493165794117,2.2217217964214533,2.8155344780175073,3.533325442672685,238,8.049705821897808,18.934172471603876,23.395716877781197,30.4809038024386,1.3109522782736829,2.6833690406055752,3.2774602141015237,4.018899121004745,158,9.370941113181283,21.60514174793981,26.94138195182009,33.76952377525889,1.4358368152008667,3.0775626143772192,3.3922637179396222,4.742070348166733
SUB-021,Japan,PD,104355,73.3047053207745,1043,4.928529602265166,12.402547396385176,17.73264814200164,27.965843163373115,0.7123696758351038,1.5698210828792063,2.2163498361647296,3.378528795342398,521,7.610939957401838,16.016159396342346,22.926634135080068,41.77433993957217,1.1525010081769667,2.006217519360093,2.8529285620292595,4.77420565611894,347,10.161063572874424,19.448454613287627,29.27361365358208,47.38053968341003,1.386663692592854,2.4864314791509203,3.358690571069384,5.893966696823528
SUB-022,Japan,PD,123009,85.64598977547574,1230,4.24858859511074,7.917419070813493,9.761446055542493,13.183778569168386,0.6922907927506501,1.2045517410750164,1.4576540627967978,1.9044192901229944,615,5.696686421149098,9.049352276821027,11.202789149271364,14.768263541804805,0.9296993726834325,1.348007149230738,1.661617043894834,2.1292732745459437,410,6.521659308318648,9.748971498707458,12.068054296566606,15.451295062598078,1.086182890030087,1.4345226272952445,1.8157951082436659,2.262761048370174
SUB-023,Japan,PD,111613,77.9388315676394,1116,6.14973925701675,14.362037963427198,18.82329835297425,26.96146397623895,0.8502095171815042,1.8398993512828234,2.3682755497500247,3.4805548928720302,558,9.902883951292363,18.271595135269905,23.634832655427253,35.74014792943296,1.4235211101589968,2.102806591989797,2.97246044586805,4.8309407676196345,372,13.424257981025884,20.35623100318693,27.444743468439512,40.012524348233065,1.6498991974422321,2.332675073271865,3.3956237723849694,5.309700286406885
SUB-024,Japan,PD,138617,97.75831909599736,1386,2.9970355723985365,7.958139139860432,10.808378448005843,17.07501637950613,0.5914345763899704,1.4107136902561443,1.885142207077546,2.856523340967894,693,4.020172125618254,10.051520502073412,13.742539319015004,21.91586470181226,0.7634277054697166,1.8194960908741673,2.3832661835809423,3.6920569645136405,462,4.830685085435484,11.746837693700627,15.66457370481041,24.223153913374826,0.8465084438081317,2.108126111862931,2.692930857977511,3.99568472248402
SUB-025,Japan,Control,35177,66.481815414513,351,19.287497913352464,34.219509763946775,71.5347610741174,143.8292281446538,2.23092914387282,3.7230313285839114,7.50205029869792,16.88909742316416,175,22.967425042118382,48.07060064568425,88.98189020468094,147.95556162605178,2.530650532974689,5.1135328412380625,10.202489068128816,17.208466269611858,117,29.437828975739784,58.78924292318062,91.17765836330403,154.8137578542642,2.9766851912209407,6.297771560742081,10.356074089997177,17.621175414816232
SUB-026,Japan,PD,88747,64.31219394739838,887,5.831116461872392,20.77770213763019,42.95180999540834,68.80835338059975,0.6253811587040456,2.0382844745397977,4.587087123839467,7.443668523118484,443,9.240282142356463,35.86904572595822,54.90266703390651,74.17402869376393,0.9906918701800628,3.7607567376209134,5.816117725063982,8.23459206613559,295,16.680486132432407,44.97787153564352,60.50732716207881,78.24332875704661,1.7338541580552995,4.714390813888543,6.298226954357615,8.68950953925766
SUB-027,Japan,Control,95474,66.37677954290375,954,10.772373944680924,16.192676674490595,19.787492114165023,26.655971176880243,1.2517574129866977,1.746351915941946,2.1182170535357727,2.927809895001399,477,12.946255351961469,19.482333256501867,23.514626582546082,30.796299457913904,1.504941046435509,2.074156226666403,2.474074900082609,3.3533479119316567,318,15.449214098991481,20.66083436235609,25.019481544212198,34.08422027720111,1.7046458554673918,2.2115493761130556,2.6899022343060004,3.7535361322899714
SUB-028,Japan,PD,43078,94.48130524482224,430,3.7338067881604604,10.751253714799306,17.029908469815197,54.36945377183858,0.7243830940049132,1.7050700085298502,2.5809600611412034,8.739718469115694,215,5.419986741811002,15.780248060051976,37.382750460618745,60.81782583830577,0.7790975299976284,2.4217685589711766,5.492614071207482,9.748576781358139,143,6.124447054876233,22.185664143021196,41.78116966781725,67.82172011283366,0.8791745379851423,3.3867115458574846,6.451534458725253,11.123895693661357
SUB-030,Japan,PD,104718,76.46603903245246,1047,4.047433405470333,15.751604430435778,30.98250067319014,64.1473965554993,0.5206438731486555,2.005061659668694,4.086230286054345,7.786355812938598,523,5.95331713623784,28.042816835205244,44.09636321700861,74.63210253398478,0.7129593044721161,3.480845762318264,5.729956974369106,9.171870302450968,349,9.040783970702167,30.951457351423823,51.916156894662954,76.43593247011023,1.126348195470351,4.180812408904317,6.5219404357912625,9.62051757528463
SUB-031,Japan,Control,75052,55.93497634770014,750,11.014677994073693,23.782142137124918,31.13101705768916,53.83303558662508,1.3167734215679439,2.181561742211755,2.71681397196933,4.82983945361782,375,13.991181716679465,29.67221413690858,38.546193661398135,75.08530743068047,1.6983458173441626,2.5538463410390766,3.313761254012391,7.536585611510782,250,17.55816294040167,31.317909111753195,46.2015871174879,81.63280798508652,1.8613923414148323,2.693574275591447,3.904424357546453,8.559632941118254
SUB-032,Japan,Control,52183,59.158862172253606,521,19.680526703143165,29.8929132509072,37.33351731556398,47.59923180773897,2.047942923770608,2.9685841044944907,3.6178387938509133,4.529242546496323,260,23.53885913648399,32.03613941982394,42.79310594689153,54.314630652663354,2.39276840015085,3.1594605511111618,4.053445090476872,5.32008224357155,173,24.474000720351263,33.7328392986883,44.82111552469978,60.22220272645555,2.4898689365291924,3.411475711972094,4.170426722078877,5.8273962965366355
SUB-034,Japan,Control,88749,62.446149850096475,887,13.123485001548106,23.793251224755206,30.251468178877573,40.3607707828012,1.267446804882637,2.234313936202819,3.049561581061486,4.351821996016557,443,16.668385506007606,28.230012110107722,36.00137955688221,45.55533357451603,1.5646805570321327,2.714542285390063,3.6699752170976314,4.877727974369303,295,19.157389543881216,31.849321388590948,39.156023092591724,51.08035279313928,1.8746222399257502,3.039963337985098,4.012365128660969,5.425966360085783
SUB-035,Japan,PD,102327,85.41470243007765,1023,2.195035721390843,9.908525799691395,16.041415028770658,33.62594446873042,0.4212311881387148,1.3524157852647183,2.277896982427937,5.095282428561593,511,6.37377636300711,11.792382133475389,23.964355765726033,39.33868369907513,0.9099917921981886,1.6180555564250274,3.611193361550543,5.707919199964312,341,8.534848884716697,14.9895076644397,28.45924544078929,41.96203770904902,1.0439445865216914,2.287210813040923,4.124236291424301,6.101136422004459
SUB-036,Japan,PD,67075,61.905498783425045,670,5.1484919828013425,12.049912085260722,15.512895179338058,20.54373779930417,0.6716095934986553,1.254864636341639,1.556773906080016,2.1095792009656407,335,7.846383156793714,15.198777815364155,19.2141584248536,26.59039574223451,0.9538399918301156,1.5186103442130041,1.9149330793427042,2.694341675818702,223,10.728898035948294,16.94933172818627,21.78292586518171,31.153334595356824,1.0383809435701803,1.6944290815794907,2.1402519904911887,3.2896874112256094
SUB-037,Japan,PD,8647,79.10798662534954,86,5.22314197789148,10.866855884253358,14.172153538794396,19.80440261015493,0.8270484811558223,1.4985284430314603,1.8639839485268794,2.684059861403646,43,8.879534371422093,12.654353034086853,17.62112367129272,24.297150710799745,1.3558404011882692,1.688429087844873,2.315429001776463,3.1079971273009046,28,11.708034954560604,15.900577546327934,19.956853567339518,25.59872437831155,1.709506734187877,2.0632415537908813,2.658863877371038,3.2713428033715894
SUB-038,Japan,Control,50310,54.39962901709299,503,13.766758382554565,28.406008719737937,50.600444950726995,77.7160975485891,1.1251580154759604,2.6232069734107673,4.798100731755771,7.220825635022096,251,14.875556659488353,41.70089234189783,62.633185749973805,88.24868911577818,1.21179380802551,3.7496945526419214,5.658040337191554,8.190373827540297,167,18.136623517004136,45.01933336694885,66.5873818047094,93.4203921290841,1.471415914668286,3.8605147082503737,5.935369632668619,8.843616905192306
SUB-040,Japan,Control,99761,69.28619073594714,997,9.194305440067374,16.750263145832992,20.722005577441465,27.022644824911815,1.051967991220624,1.8923554785026424,2.3342020792944322,3.1628548138341945,498,12.475132047316771,20.329877375985316,24.609111408903928,32.83331894081589,1.4594314285701933,2.238431095112197,2.838831087810918,3.7048405624986493,332,14.48525025384056,22.800742445655544,28.19920384015393,36.29651027146058,1.5230637660968351,2.6409042630276782,3.2200750517795,4.104823555198886
SUB-041,Japan,Control,98988,72.2063224104303,989,9.664571350760434,22.40293886210061,30.278923896387607,44.821228511192395,1.4051965545233778,2.446478392390662,3.6367986334591906,5.401460772604792,494,13.915303747743339,26.406435886543367,38.843837172724236,53.24374962079991,1.5877706994353968,2.991767365697079,4.5831559012878955,6.560533644053388,329,15.464563728946374,30.27977396674252,43.942458954826996,57.92591075782707,1.556835274726145,3.4594438393022635,5.060550798921853,7.027177723599202
SUB-043,Japan,Control,84029,61.61320663235237,840,11.7255268452202,22.077656766584592,31.131550899861693,51.42390842289029,1.1243306104056179,2.1087469565513772,3.039920895512229,5.202309997980535,420,14.2890819971616,26.069185485657336,36.621603685070085,64.52959959035203,1.4513238973101148,2.506672325992652,3.641014329721437,6.497360767625006,280,14.855631906152741,27.51649567465117,39.50135962066362,71.51936988846685,1.5096419801994556,2.7895516281223505,3.8241911088763105,7.077396051449451
SUB-044,Japan,Control,94531,66.05353682796844,945,3.6521890488424673,10.70168865240215,14.686003093717732,23.019719258658974,0.650146289030061,1.1964048539310947,1.607252865028747,2.5203602649389056,472,7.4831468940002726,14.432365647572018,19.93872979558425,31.614774813372016,0.7211515155996254,1.5681605876121063,2.155049984653683,3.4753331886649255,315,9.30402808919362,17.217281294962028,23.826961077070703,41.40734091714073,0.8279200992949667,1.840185306105387,2.622493365413144,4.5989123079071055
SUB-045,Japan,Control,106226,75.259544682565,1062,8.486471706204059,21.40639127130796,27.53478510692824,42.50664340455185,1.2155011724374978,2.4643952902076984,3.4574104473646945,5.330256990256212,531,14.53272083521774,25.346195932352572,34.307133786792264,55.61130267243003,1.57063027365852,2.9140631526956704,4.250551825171408,7.163339191551044,354,16.04700835501877,27.926781833440284,37.703841895368996,59.78294862501442,1.831940889962453,3.3853273248295634,4.626734436570192,7.489038547843229
SUB-046,Japan,PD,64082,72.2444405900748,640,4.581682898435703,15.371571458281647,19.45450961900113,27.071650085180877,0.5522828021595853,1.848846727595858,2.321109429347975,3.2857557580057595,320,12.48313837616939,17.93967743500482,23.575881701286235,34.028032503160276,1.4389453126347966,2.1467133265003326,2.771504006429101,4.197023290892853,213,13.521882013963666,20.16171973536873,24.64540294431449,39.03846129682411,1.5967960684720361,2.376103705398653,3.0571230765556123,4.806329042944573
SUB-047,Japan,PD,101867,71.14723860043549,1018,3.065134663444742,6.906836642223044,8.917187617013164,12.579230333323215,0.4235541978311581,0.864019243814572,1.104341677124322,1.514626887772907,509,4.651619375450915,8.197294290948816,10.687502681536001,15.58325347752271,0.6124782745252859,1.0246456036232896,1.280319103684361,1.7903864921467918,339,4.5914515111039,9.210583663355683,12.192309800453543,18.394960775707005,0.6049715192551013,1.1327767238913422,1.5301710877453356,2.0837224210855143
SUB-048,Japan,PD,119064,82.80838933611778,1190,2.993190925950418,5.442651220591935,6.936841133479187,9.407835577176451,0.42423441524429567,0.7546488841143912,0.9234440710033629,1.2750629480545839,595,4.00807915246971,6.908927722499203,8.460712417142565,11.641753610847397,0.5503902162751498,0.917744166286708,1.166189499287622,1.6272166953022982,396,4.395968305926609,7.495916173531416,9.36716741685396,13.35687693045687,0.6197818866065348,1.0034138609997019,1.2613807301864646,1.8773912863391167
SUB-049,Japan,PD,97880,73.96423155353564,978,5.933775945356968,16.92044793329762,22.14557705456201,28.882651593446887,1.0859056793279624,2.1586799263118994,2.6596341678048216,3.4408632645225934,489,10.260447549673357,21.088869983156126,25.37734072180442,33.86642398256471,1.503670723617058,2.5566679116466684,3.0113882649408628,4.019782320820096,326,10.935645845387523,23.14505364395228,26.972015893166798,37.49048925527208,1.5365167569567744,2.7140235507063166,3.213444297365327,4.367839190433394
