freq_cycles_per_beat,CETRAM,Cruces,Nagoya,white_b0,pink_b1,brown_b2
0.004,109570.87766012979,30554.922000659848,107210.46208662617,0.0007764248726636625,0.19851798782393681,63.961901141281835
0.008168067226890757,79102.5618765547,22348.431169886804,58150.098772177684,0.0010060227036899497,0.135199797360341,21.048615982474615
0.012336134453781513,47013.769112466754,19649.462939828347,32659.802374418658,0.0010042884836810391,0.0802090246572524,7.615217546355745
0.016504201680672268,39363.29406401031,13125.38961251613,23887.986460008116,0.0010065164953383416,0.05913595121787108,3.9563559475819594
0.020672268907563025,32303.23963601252,10119.366090188561,19563.785601070645,0.0010197059549189858,0.04909658674708417,2.5598781969858195
0.024840336134453782,32402.93098468063,8470.21405277996,16223.304449383646,0.0010055282767178037,0.04000573251540715,1.7178853737221287
0.029008403361344536,33098.99106848686,7200.809235766351,13803.284522740989,0.0010215116070867627,0.034386611419103756,1.2160144818280625
0.03317647058823529,28301.921161393933,5576.904593350871,12211.381070824105,0.0010310315113723318,0.029990713066228417,0.9273224121836582
0.03734453781512605,24624.644401854628,5033.488574077772,10597.560242079002,0.0009613893676828801,0.026203997759276853,0.7099020378731132
0.0415126050420168,21178.686258640388,5364.0884327528765,10242.895577330792,0.0009445227197086432,0.023209420130542543,0.581473694685117
0.04568067226890757,20442.637039418703,6413.222592894527,9732.44618941416,0.0009343753795508182,0.02195983118912188,0.4842601125324473
0.04984873949579832,20261.73349215892,8107.9597776679375,8994.292947891236,0.000981381575398509,0.020193672939401473,0.40181543605614717
0.054016806722689076,17467.022841783848,7078.775627566938,7970.648161905263,0.0009906881738374583,0.018789825000816194,0.34160478158690016
0.05818487394957983,15401.173216561685,5526.172591520937,7675.817113951338,0.0009869804217848062,0.016650359134129773,0.29866407156212693
0.06235294117647058,15918.545670475807,3676.2416660409135,7247.544435723217,0.0009656402434257481,0.015622326608481688,0.2509198146475477
0.06652100840336135,14753.394312662991,4286.369651208068,6279.520081707125,0.0009404847203827784,0.013620584013455577,0.2103836790007975
0.0706890756302521,13864.192496217713,3971.706713093773,7030.311658425243,0.0008809724257531269,0.013517344783564344,0.19740573711547824
0.07485714285714286,14723.766721855853,4045.5850144306232,6179.720432691021,0.0009893896791142312,0.01283087008009782,0.17425825714018503
0.07902521008403361,14101.928513289684,4186.885398125117,5651.350309102831,0.0009793241930821687,0.012658579749840035,0.15097864627434784
0.08319327731092438,12702.947806684266,4164.20944868498,6043.913331710355,0.0009729621747001136,0.011470547851259907,0.13977189652897593
0.08736134453781513,11321.585909605667,4666.0827684188835,5806.0155251665365,0.000978196797010863,0.010891569577949406,0.1296026666771362
0.09152941176470589,10101.355186405275,4117.792940401766,5789.2585358394645,0.0009633970928581368,0.010782162315849978,0.11654209480967152
0.09569747899159664,10319.087355975109,3747.0664040594734,5626.458699107328,0.0009418907176627942,0.01036261762988018,0.10683077559069988
0.0998655462184874,10351.410099901666,3792.363792332123,5198.604033009652,0.000962600444296621,0.009730827722523568,0.10181610792009478
0.10403361344537815,8800.41576487197,4365.266937019281,5149.433286665838,0.0010213514091574705,0.009241532209980719,0.0922146116095796
0.10820168067226892,7687.776432171364,3749.3142571532535,4775.542990390324,0.0010119736004053617,0.008840195491626438,0.08439230343217215
0.11236974789915967,9099.73079620441,3045.350194398239,4579.556782448354,0.000968067823855593,0.008635434911779403,0.07782633410755517
0.11653781512605042,9761.543969674209,2587.283922187807,4693.5835365809235,0.0009731567961265964,0.008175336242903624,0.06960649344030874
0.12070588235294118,7638.272495616439,2751.331942232071,4786.433748251659,0.0009898933677051087,0.007762202483644763,0.06507753320402623
0.12487394957983193,7305.318322333554,2786.1324166489667,4690.826210571039,0.0010250700768637876,0.007655470303230664,0.06287640887561627
0.1290420168067227,8027.9271787790585,2912.724315912933,4599.8492634295135,0.0009843811737600173,0.007444185850702216,0.059142039559462206
0.13321008403361345,7655.414879057607,2469.1115713923473,4916.402935202309,0.0009185065791890066,0.007115093735878757,0.052455047581485205
0.1373781512605042,6479.857833662084,2951.743012086352,4942.344103395916,0.0009346334808690116,0.0070362658153241145,0.05133600514701022
0.14154621848739496,7251.658616719771,3132.686773692295,4874.3918546243585,0.0010212895887801293,0.006746068826211237,0.0487979537442182
0.1457142857142857,7660.340186419738,2444.308039551216,4698.133289761126,0.0009863513821079665,0.006520147116381675,0.0463262089589788
0.14988235294117647,6770.270633317378,2315.4714185938715,4347.674589894284,0.0009741526585981476,0.006284822137825863,0.045398664183057096
0.15405042016806722,6755.198162275467,2504.6932158415198,4414.290150719622,0.0009737095237549997,0.006150623411797627,0.042011366188386384
0.15821848739495797,7741.193962976896,2528.561576393813,4623.026711409308,0.0010094244638061095,0.006112910148316564,0.03798542930708811
0.16238655462184876,7986.348951549816,2497.3751083088155,4963.122377447645,0.001024182268185932,0.005876287323375583,0.035330344019425815
0.1665546218487395,7497.956174163794,2395.873852109861,4856.89475770571,0.0010292709461617964,0.005815372243108686,0.03363900130420929
0.17072268907563026,7008.27186854542,2341.7089659045314,4343.406351054982,0.001024455835579708,0.005865546057756046,0.033038484380968236
0.17489075630252102,6422.403836461195,2617.2588863538545,4485.91986190994,0.0010248976730896375,0.005835289908271145,0.03197429617070686
0.17905882352941177,6175.105183007827,3119.851788256764,4332.82539758615,0.0009926237635758922,0.005547443392657183,0.0306368434143775
0.18322689075630252,6688.90118708581,2401.9498245838267,4798.805493812133,0.0009451261271251352,0.005307433882079514,0.028665583688277114
0.18739495798319328,6572.740271429574,2094.1266634129647,5289.87749941261,0.0009517081199267428,0.005214780701320493,0.028521602445131175
0.19156302521008403,5508.021511689665,2098.4149619296277,5682.760224353745,0.0009692384675377166,0.004999449867617617,0.02782574735383417
0.19573109243697479,5327.781642092368,2151.9886937797683,5864.830259462712,0.0009702392925034468,0.004841377170026078,0.025315731479330583
0.19989915966386554,6174.848955252256,1915.424916391153,5860.94834778127,0.0009729669354495049,0.00460986092325655,0.025384226206992534
0.2040672268907563,5834.362785528679,1898.877568570048,5238.752788862075,0.0010004587425259258,0.00484933486516232,0.0241767483154553
0.20823529411764707,6413.816019109621,1963.6132719200546,4883.962916035163,0.0009839872232817808,0.0046160248814306635,0.022357330531188505
0.21240336134453783,7555.748645189231,2348.832959231362,5067.402919093902,0.000980466378297133,0.0045386957452254505,0.021550299751843735
0.21657142857142858,6328.884728597703,2356.658782432671,5317.6222133171905,0.0009726314543254325,0.00450194475003746,0.020761666649850515
0.22073949579831934,5840.018949919753,2391.7210446478484,5036.5362787538825,0.0009966401574787404,0.0044336959891394445,0.019990873254059707
0.2249075630252101,5848.387955452829,2678.0977634491264,4799.759159808443,0.0010058188730392265,0.004284481368561546,0.019590019349958007
0.22907563025210084,5918.538681200841,2627.8201418560343,5040.811014799362,0.0009807450492972899,0.0041965571155227754,0.018913191698075857
0.2332436974789916,5352.667377528492,2938.1168666752424,5304.025737663363,0.0009563362168857271,0.004005874407749264,0.01840098412253455
0.23741176470588235,4958.739168245276,3127.7473565809514,5082.4517584041305,0.0009970202323246913,0.00396280380095427,0.017748177151410253
0.2415798319327731,6222.855162469587,2981.70331788073,5145.027209523686,0.0009880648755098808,0.0039701858861275145,0.016989067821962262
0.24574789915966386,6997.374684529137,3576.782752937031,5280.5782800151155,0.0009663991204129966,0.0042235956683260864,0.016260775692562564
0.24991596638655464,7209.23425825252,2827.8352261188647,5374.51746546196,0.0010007174422866382,0.0041952438120087246,0.014971779498825324
0.2540840336134454,6213.722946794073,2976.9718808171865,5332.584692236687,0.0009745999419042044,0.003824485544893053,0.015365228926363925
0.2582521008403361,6010.792093511278,2586.6169848904374,5546.231171754654,0.0009603934817573687,0.003995410282023852,0.01515544828562844
0.2624201680672269,5780.848712303331,2298.1634638705455,5505.505048115667,0.0009629224558199449,0.0037726380021047075,0.01444031896597904
0.2665882352941176,5226.372812075253,3049.848688163942,6207.415054047202,0.000961666849686981,0.0036106803534040888,0.013454268795690278
0.2707563025210084,5427.912261162414,3434.2001379068324,6199.747913523426,0.000980361109523812,0.003488605892273217,0.013185710926770325
0.2749243697478992,5806.647439547989,2196.367188610027,5516.78283474412,0.0009741925716476394,0.0034688203835568053,0.013097045487503801
0.2790924369747899,5504.717135326527,2165.2983633773033,5846.121538776335,0.0009494079444224952,0.0034149690857525616,0.012761523916448464
0.2832605042016807,4767.431403274388,2945.3231631516433,7298.196802329161,0.0009513166021517806,0.0033252294655272355,0.01267075040319946
0.2874285714285714,5120.543033047737,3736.0923664857064,7356.813669385827,0.0009541786604468751,0.0033779188339583843,0.01218214709275881
0.2915966386554622,6200.945219551163,3527.0447018679893,6855.143975035758,0.0009588331723016905,0.003380511823585973,0.01179350217599883
0.29576470588235293,6086.294080231769,3105.7564450661257,6920.7957654168085,0.000984796608262635,0.0033189607900525743,0.011550000776516516
0.2999327731092437,5297.156064112376,2958.9155323710893,7159.991136664659,0.0009466273039101311,0.0032236147780823564,0.010821596569315329
0.30410084033613444,4839.690352739828,2776.3759855918515,7174.58933831519,0.0009448184897875678,0.0032091385858631746,0.010520051605635553
0.3082689075630252,5453.726797299445,2836.960159721696,6595.586596634948,0.0009447408808349054,0.003039971222745228,0.01032287687307489
0.31243697478991594,6740.9694585731195,2238.443336900214,6038.257076626243,0.0009840702683671654,0.002986059671838928,0.00980820419989229
0.3166050420168067,6883.684224185017,2739.601037753322,6853.928551129476,0.0009260303491867603,0.0031187564066733164,0.009542827446286995
0.3207731092436975,6762.59727187803,2605.2761156528745,6920.170256166546,0.0009690343688670338,0.0029876750642879794,0.009142176658150092
0.32494117647058823,6257.478959638694,2258.978664573059,5806.94997035211,0.000986532618217702,0.003025210936277152,0.00895841604838272
0.329109243697479,6525.718602146554,2129.6137606664033,6711.380357833403,0.0009634714601989888,0.0029788674030559142,0.008955129820790211
0.33327731092436974,6594.8677213979145,3262.7603827505086,7035.751310932008,0.0009594440050861353,0.0029633591610882803,0.008786258713584483
0.3374453781512605,6234.427849365817,3491.487801260803,6770.1856491275485,0.0009676443272523585,0.0029253091362480515,0.008503647735485958
0.34161344537815125,6649.780204712112,2709.1171846185234,6631.130694573092,0.0009291623017083347,0.0028589968839028072,0.008165834148149637
0.34578151260504203,6821.486403557016,2582.549399715893,7424.948282760854,0.0009256778622084449,0.0028147516994891024,0.008146373106915019
0.34994957983193276,5854.753459702392,2649.8093406696203,7965.03602623145,0.0009646373638067052,0.002695941404265958,0.007646165650409883
0.35411764705882354,5191.278591905167,2397.125285913471,6870.748310093298,0.0009875575487130871,0.002673788816289501,0.007405843714665701
0.35828571428571426,5387.124747190026,2230.5138366527626,6310.339005542744,0.0009561964786746151,0.002673625292983074,0.0072717139216845585
0.36245378151260504,5248.218433750098,2159.4670937619476,6313.268936214672,0.0009477483868455651,0.002645970764625806,0.0074079699698116645
0.3666218487394958,4689.3765143833525,2470.952490960237,5690.725699956859,0.0009656220644788154,0.0027042558769258904,0.007152381420482939
0.37078991596638655,6302.0652248110955,2445.092849289073,5886.457576917594,0.0009250156548744282,0.0027084606641384922,0.006993018246854162
0.37495798319327733,6474.619426383482,2120.44457938283,6505.431941486355,0.0009403476680327529,0.0026471827507381,0.006935881640412715
0.37912605042016806,4629.49366858526,2683.9284728787025,5783.21296603922,0.0009568530325106671,0.00258950243910288,0.007056714201554539
0.38329411764705884,5451.200628413818,2595.7027544422162,6041.795697663389,0.0009401153624426884,0.0025261428625174276,0.00682606964889696
0.38746218487394957,5328.104118092434,2752.788115582805,6540.846675669264,0.0009817630215883375,0.002651298241939725,0.006420376137179359
0.39163025210084035,4909.858664730435,2601.3001377791234,6537.152451857721,0.0009852993970216103,0.0026114323877162427,0.006177031281692012
0.3957983193277311,5955.466804943441,2215.6735060094265,6798.60572504903,0.0009704045330394328,0.0025305928063405867,0.006182632161356646
0.39996638655462186,6513.812868023116,1949.162467856904,6151.149855699514,0.000974556802512744,0.0024721726166068462,0.00615902109943155
0.4041344537815126,5897.673132211952,1997.6209605893537,5426.529544749096,0.0009709952641970523,0.0023872585250000293,0.005824450496314385
0.40830252100840336,5496.318901127455,2022.2194520555734,4806.805218549264,0.0009728796900280571,0.002339024080582393,0.005822723146380271
0.41247058823529414,5142.382402808132,2299.642444294115,4991.059467699701,0.0009622261624090789,0.0024082319085907715,0.005914088336343287
0.41663865546218487,4630.754758423114,2315.0780201705816,5221.498523949592,0.0009633085235110122,0.0023285225289083555,0.0056114664436872075
0.42080672268907565,4064.813121491434,1900.844097451997,4865.076191783747,0.0009548250774233741,0.002247904805043742,0.005500390519285035
0.4249747899159664,3721.4072845520873,1828.720972362278,5089.351833028566,0.000978708788723088,0.0022240235195404804,0.0056253279096414735
0.42914285714285716,4112.849676883058,2232.9857317342157,5849.849104444854,0.0009678571808636719,0.0022087653819156754,0.005542730160025927
0.4333109243697479,4900.9799328446425,1638.748210660486,5126.107338651417,0.0009713065671870008,0.002283027024305291,0.005362906288000347
0.43747899159663867,4698.7117260846635,1618.8505713092588,4127.087701766727,0.0010229999155780506,0.0022477234915812285,0.005467868988183162
0.4416470588235294,4127.6532630566935,1447.5825549403778,4305.348933146664,0.0010241540675457893,0.0022156166431424344,0.005013412890178611
0.4458151260504202,4113.749145490005,1595.5166978019204,4667.285228706042,0.001001217602165692,0.0021417910480391778,0.005050030908585377
0.44998319327731096,4088.5537769360562,1371.099160705687,5137.408365510622,0.0009564438902416027,0.0021520717520102047,0.0048989726318163385
0.4541512605042017,3946.2228890742035,1544.463050659043,5266.252396114127,0.0009492518368270536,0.002123091592091951,0.00466167262613801
0.45831932773109246,3624.5951776316624,1630.7141125004166,5009.545996517156,0.000977954914249632,0.0021372401480663807,0.004513379326830635
0.4624873949579832,3711.029545837645,1554.998621270427,4803.769294151581,0.0009949448760623325,0.002179099046524849,0.00452552112253252
0.46665546218487397,3874.7704281527404,1807.3344128317572,4749.577358664004,0.0009921165811013204,0.0021830739504592163,0.004606675544281267
0.4708235294117647,4005.369845637497,1829.5710595033127,5369.154198571391,0.0009846709345834213,0.002145532090986157,0.004466497299127334
0.4749915966386555,3941.63879443212,1899.9141599659563,5990.713345448805,0.000958068218153104,0.002147072319232235,0.004269824710218248
0.4791596638655462,3902.9068627679253,2494.079759671644,6304.342331402174,0.0009348932583218362,0.0019755447820238325,0.004293498547392684
0.483327731092437,4010.4114684652463,2623.1813112692585,6448.185640859978,0.0009549686706359886,0.0019344259580014696,0.004168680188247255
0.4874957983193277,4171.84415006793,2359.9522158891396,6552.452093893107,0.0009876058411953626,0.0018784663382601047,0.003801330906976071
0.4916638655462185,3946.8735014779313,3280.9819175512557,5560.195050205409,0.000961627185977687,0.0019095227675476306,0.0038421552041818983
0.4958319327731093,3811.2928825204863,3441.6710901917536,6636.653899495045,0.0009736782274544181,0.0019129821770260385,0.004014937415848633
0.5,1658.384355707112,1793.700694943246,4532.680661469153,0.0004672807118202775,0.0009150238379857026,0.0019035302408330198
