Cohort,Subject,Group,n_beats,meanRR,HR,SD,beta_beat,beta_time,beta_var,real_s1,matched_s1,real_s2,matched_s2,real_s3,matched_s3,real_s4,matched_s4,real_s5,matched_s5,real_s6,matched_s6,real_s7,matched_s7,real_s8,matched_s8,real_s9,matched_s9,real_s10,matched_s10
CETRAM,C001,Control,1058,870.9716446124763,68.88858020940044,39.7032887134379,0.3466264952410821,0.784235186438476,0.10241318411898209,1.454365033720404,2.1572897989255164,1.4497423845984325,1.951868565047891,1.2988367049752472,1.8338288942079595,1.3094967538788302,1.7231535368456372,1.2862224242957767,1.6559882920699065,1.319499570601985,1.58885869229651,1.2705472949486059,1.5475386507255517,1.2707678138222398,1.4961706737107574,1.2546006412943023,1.4253267093162447,1.1415596825006784,1.3873471920958413
CETRAM,C003,Control,988,912.0769230769231,65.78392510753142,41.36204538248869,0.5815822326863307,0.8998079749560202,0.21988274009904182,1.864753739251559,2.1035140374501897,1.6823221924589693,1.8865815616347257,1.5651068183669223,1.7918922224124214,1.5850919353166741,1.7669826601113774,1.5907822133711056,1.6977411895011463,1.555635206441124,1.6275235892803188,1.5703318880443131,1.621332437583167,1.563567458368003,1.6088596828421082,1.6263448721563314,1.614167107523449,1.6275016248715302,1.5572901694962418
CETRAM,C004,Control,695,812.8446043165468,73.81484687402089,41.167108965946376,0.6135189278869356,0.7554177622050072,0.19623188761512542,1.8131343288127886,2.066645682831625,1.6989509745540994,1.8812577864813502,1.539073110426022,1.8138831795791688,1.329182263947003,1.7733610979475138,1.2966422058965645,1.7019094789080007,1.2756647327820525,1.6141865763656276,1.375037206595256,1.6275198846876122,1.3681826111768445,1.601760134190225,1.4227149924413938,1.492607303433215,1.3769339183603269,1.5341101258324479
CETRAM,C005,Control,1335,677.5026217228465,88.56054290597987,27.98336597395605,-0.2735266036888703,0.3448623855743648,0.3572598194763251,1.3087669775457507,2.18753965898556,1.4339571629009562,1.784093507982889,1.3344330846761219,1.5061549724351897,1.267006842561435,1.3436225818031005,1.2817728091234584,1.2243988078092174,1.2766479915151034,1.1194108278001778,1.2415208222039666,1.0239572935146521,1.2580171916787097,0.935167308412237,1.2562707972407174,0.8853514144114607,1.2429200105323894,0.8117004022250772
CETRAM,C008,Control,1378,653.855587808418,91.76338188239237,27.089998502448363,0.04012750156095436,0.7526486568028263,0.26830016863860545,1.7300429099426762,2.161661768656077,1.6342147225519208,1.858792782305805,1.4457162465664264,1.6893904123524133,1.3997564527278112,1.5362510009402082,1.320708438591364,1.428023723193548,1.3447567609756106,1.3741412837965605,1.3080224402794502,1.26945617166981,1.2941481846582223,1.2261392802609377,1.276890337443048,1.1651511830537118,1.2153418006487342,1.1184112386122844
CETRAM,C009,Control,942,955.0541401273886,62.823663579948445,60.29581910148959,1.2136190780766136,1.4769800818684504,0.13287064922628058,1.5560780243933834,1.4455496512294659,1.5230777891307905,1.4960530042784204,1.640892344917508,1.5308511215725755,1.7794231524104487,1.5235969726384948,1.7272835439403995,1.4959668583320493,1.789926288146394,1.5273591764143042,1.71932662186866,1.494579303719471,1.630614315297914,1.5522015703911511,1.705538293780926,1.5477703647749503,1.708987182944192,1.5179131511551731
CETRAM,C010,Control,1329,677.5778781038375,88.55070677322956,23.90682512090713,0.8678586425798253,1.513765199971496,0.14046636775813626,1.5844250764693695,1.8793843490275632,1.4082389319800086,1.790763083223027,1.2857246785078975,1.7690330131625986,1.4083031288357268,1.760407650970025,1.5451617301683072,1.6827304213101506,1.5297685227130084,1.7183579088495495,1.5907660129164753,1.709461473899327,1.6545346282681808,1.7113425975110126,1.635413398837361,1.6716581476751522,1.6248524758352871,1.6982378534919371
CETRAM,C011,Control,1231,732.3866774979691,81.92393696315752,46.113803565496625,0.5111326171638685,0.4872226968077583,0.25517829032716716,1.0313048228240778,2.1270245390139726,1.0737473036978942,1.935547571166203,0.975599506314449,1.803193076303403,0.8973436858637815,1.7157481293872638,0.8443705817221604,1.6805268100159203,0.7956918542652031,1.615707477539862,0.7945565389123166,1.6019403740210085,0.7761870798082017,1.5777967765583758,0.7415342001966042,1.540609591955678,0.7504971846819262,1.505918437546421
CETRAM,C012,Control,1131,802.0831122900089,74.80521542050099,55.96003779124094,0.9633912587569485,1.4194310377833685,0.234878442553721,1.7708986357308052,1.7993725141942616,1.6294142819373767,1.7384564386694308,1.644868349413601,1.730247869826931,1.6867594716901688,1.7297839724558697,1.717607514931076,1.7039841930720006,1.658875745019955,1.6551336893379898,1.6566966137574788,1.6755586201214598,1.5542768711373005,1.7400221816215478,1.4919607740423217,1.7108622063991101,1.479188108012587,1.7090466429333944
CETRAM,C013,Control,1009,892.1000991080277,67.25702649286936,63.12942495877092,1.443608446833189,1.5751279467610446,0.08856828285116278,1.4170027169140293,1.07857607307961,1.573010043625308,1.1843469536643896,1.601657725115138,1.2365413793039057,1.7631220111261008,1.2692694830943871,1.675146708719862,1.3517196224807548,1.650763889522844,1.390935127955465,1.6252879654144567,1.367023730057342,1.5858489850376207,1.3759101673421048,1.6630680968075333,1.4208859213485325,1.6070729133026025,1.4661921309644395
CETRAM,C014,Control,981,924.9123343527014,64.8710129290155,95.4212596683155,0.7430146946294228,0.8309145492259452,0.10604299757212726,1.039702734021124,1.9901887977805226,0.8431193820257926,1.8586545208223877,0.6568417333285226,1.8457857246065412,0.5991102112313734,1.8035564746195518,0.5809169374830526,1.7354897256155584,0.5731162170942379,1.687480920558029,0.5790763342936495,1.741209103620682,0.5767867695356724,1.6988370243750115,0.5897574847014772,1.672110597785197,0.5938077217213938,1.6702787957010867
CETRAM,C017,Control,1161,783.7579672695952,76.55424570550024,28.12817014781525,0.6787168840214906,0.8964156625935783,0.1410314223824126,1.6015492058989587,2.0411658255430623,1.5381416162034325,1.8864788276835665,1.4506623479011074,1.8185434125550752,1.3385078278166496,1.744102232062153,1.3855066493816415,1.713274613821527,1.5119185578460557,1.7273934053924975,1.5106434085471647,1.6692749757648297,1.6084456848018434,1.6730091355502585,1.5726745825962103,1.6904534604383974,1.6064674031418071,1.6278088325316398
CETRAM,C018,Control,1078,829.0751391465677,72.3697975816314,154.67855942052728,0.6725039872698013,1.3083092785852022,0.12655845178325073,0.9193574953062829,1.9918848682446815,0.7719215671681262,1.8725127735546747,0.7594729868786507,1.8485982986742595,0.7380606916923349,1.8529618601518825,0.7295481619534993,1.7833575439531082,0.7183381939685678,1.758846073259284,0.7309465456476298,1.6591299258740644,0.7347002273512091,1.666236184035051,0.7439982905493999,1.668955688505749,0.7081365076697608,1.6564484633783707
CETRAM,C019,Control,995,904.7477386934673,66.31682781174463,43.345132198714126,-0.1002840067455703,0.1169315055472718,0.4564827375359878,1.6042247187245717,2.1824295516933625,1.453294128943772,1.824677264070007,1.2803729115891953,1.590298945464977,1.1621941348902114,1.4644885019127256,1.060393834929083,1.3584327751595342,1.0560676408364083,1.247567458870117,1.0314055365795314,1.182744761426429,0.9974223406430732,1.123796366873991,0.964949187120117,1.0635855431319028,0.9522582221343423,1.0148597865454272
CETRAM,C020,Control,1088,838.0698529411765,71.59307758110154,43.81762289900368,0.6410795431027463,0.7651297692754113,0.2836352326469483,1.8478290387472696,2.0737782836316025,1.7255393955899319,1.9009780346841467,1.6314168191528755,1.8416858290200715,1.5169313957180488,1.743914318884027,1.4752469616895922,1.7020878961458445,1.4137452092543272,1.664492898412376,1.391245511299341,1.6321831020606818,1.3766749383114911,1.5894484764722818,1.3322783890488574,1.6086526505898202,1.2908559679683806,1.6214619424762937
CETRAM,C021,Control,1149,789.1575282854657,76.03044747017343,51.84762658729404,0.851318001102424,1.3142348567057374,0.1586960373503022,1.8251128310910374,1.9085744710739263,1.572300567276682,1.8158871184150642,1.4664715406553925,1.8090070776182268,1.502081569206396,1.7805772967953961,1.4852939337246946,1.7500850242520505,1.538570306695467,1.732604828342069,1.5538680612792897,1.7577943966082696,1.553876785341562,1.7464949032435708,1.6014057407368363,1.7611482721417617,1.5750981898021423,1.6802296509037724
CETRAM,C024,Control,927,970.8748651564185,61.79993133340963,63.75001363111822,1.4511199396316883,1.5468541282198718,0.11984175272109693,1.1171714893053593,1.06306057957973,1.0736787476992253,1.1403296531030442,1.0219774035611675,1.1663828089208284,1.034448089077114,1.2457718129630313,1.0900769005572912,1.2948448606818381,1.1642315404847379,1.3375492462791294,1.19635221824165,1.318599363563163,1.2529218625927867,1.361370208313681,1.2306410514080972,1.3904038429902836,1.2453937383888196,1.4202982564743003
CETRAM,C025,Control,1300,695.3507692307692,86.28738566921399,74.1674657172832,0.8893327900499807,1.032532578750675,0.23262944165391478,0.7045006921382155,1.8810612726466733,0.7380661105475567,1.758712685539668,0.7106046851759671,1.7285230042152033,0.784274571140926,1.7398441190519975,0.8563640465967123,1.7284031317432573,0.9140154180370196,1.7269721018471724,0.9654622014427916,1.731734460147387,0.9549863978804612,1.7606371624556723,0.8961815186432028,1.7332489142539032,0.8534353285698723,1.7649803431062105
CETRAM,C026,Control,1286,699.400466562986,85.7877609016387,36.52105367661034,0.2952499461096437,0.8503681324603191,0.19341147813021795,1.4746432818002555,2.193179182289354,1.5857837215362107,1.9167767348497569,1.5950133897648702,1.783305789073261,1.5173512895527554,1.647135227796987,1.5408084790758085,1.5328295331749162,1.6128105969127395,1.5087023196212261,1.552572526622286,1.4619340348776297,1.637946969992454,1.4112995466271705,1.656362246191996,1.364652496164469,1.6119987332957741,1.3690414484176052
CETRAM,C027,Control,993,907.8066465256798,66.0933693640926,40.91534430171095,0.5286443846702432,0.8961627434903513,0.1821665611094647,2.0119884558329217,2.103260415832217,1.7569600654304511,1.951336600047988,1.6438824714165303,1.8043494843410164,1.5324963595368206,1.7903612383141911,1.6044996307935178,1.7016672827897452,1.5624908762464609,1.728981840115205,1.5634575622197526,1.6442814604992977,1.590613827188465,1.6795442922034656,1.5713478729596668,1.5697326936086988,1.5674737133350682,1.5791306469232438
CETRAM,C028,Control,1424,639.8462078651686,93.77253355956981,26.803851679912672,0.2987295727251785,1.0396424692978277,0.22115378224983331,1.4017084731409262,2.1502346295845522,1.5490311945064676,1.9197791475437027,1.3871178685592807,1.77359654736694,1.4667094263286604,1.6645037587709546,1.4613605817849442,1.61904926721712,1.4053748636586358,1.52233881488222,1.430465579433028,1.4917465734901907,1.4289548582626057,1.4274988904315273,1.3726499176924165,1.3943933841331495,1.38931305608608,1.3449323315808677
CETRAM,C029,Control,1110,811.3900900900901,73.94716885602841,39.29360581649653,0.1932915310296466,0.4764500356588191,0.25910190222403523,2.164192969169078,2.183282027452631,1.723742683714159,1.8740443611524717,1.563636654514238,1.7629884873280635,1.4596744638631889,1.6241699302097559,1.4950013472187376,1.5027897830563866,1.4500564562682507,1.4452794089927972,1.4549908924061254,1.404267654305299,1.3886753146256325,1.3365761455341196,1.462430607614838,1.26975748220023,1.5055479852765965,1.2371483777633618
CETRAM,C030,Control,935,963.9850267379679,62.24163066415481,80.34867665245777,1.5484973708246885,1.3896492005401608,0.16595666908003903,1.5482423514071806,0.9293506949835942,1.4862181007817883,1.026602030700876,1.4871101521885484,1.089220451652355,1.48669985294817,1.0985588692903339,1.5531585612051828,1.1465025827201238,1.4955206345351373,1.1841193441643068,1.4257731720936782,1.1580278547528318,1.3828579316213094,1.2307258671651635,1.3920360036875659,1.2158145802834939,1.3107247565500457,1.2948656439552844
CETRAM,C031,Control,738,1220.7615176151762,49.1496489152224,36.19812110651821,1.0639234978271948,1.2635854487334075,0.13550030333794777,1.7111510659834706,1.6974715039836943,1.4728036040291732,1.6316468924332275,1.5449264362316906,1.6901911004828705,1.555979333909333,1.6390216105967543,1.6794302842541353,1.5728164563385925,1.752461681813685,1.7293520509062956,1.8450039837468672,1.6605976028602292,1.9761696438184257,1.6489114058622143,2.2719622327800626,1.7083273770280432,1.776645831418007,1.7845717569655004
CETRAM,C032,Control,982,917.7820773930754,65.37499639394538,47.72247502369801,-0.1425269772256435,0.40427186628481276,0.24864026090555968,2.0664653370360875,2.1583663540993006,1.6778899593034113,1.8053272462004504,1.4472466369366355,1.5577455740493933,1.345327497278095,1.4231310200240952,1.2548131541758287,1.3201132276584089,1.154408281841071,1.2111019638379898,1.1005446564191637,1.143957957676806,1.1575625883068548,1.0580845781465236,1.2046231504258775,0.9779611298454459,1.2032230586687944,0.9550819523700582
CETRAM,C033,Control,868,1037.8387096774193,57.8124514344326,111.19733915229261,1.1294609064961554,1.477701043299204,0.044704106406803175,1.2513505658403994,1.6149285851610857,1.183247809021118,1.6061990349913675,1.206894065200353,1.6377881856866552,1.2631945472051838,1.6115173211963476,1.2589549387432892,1.6000885570447039,1.2047692997881958,1.5589170698765455,1.2115774037111553,1.5765438977061377,1.2295878654234387,1.528929122086559,1.1237603029513379,1.520127194025149,1.2108242792750377,1.6389661434775669
CETRAM,C034,Control,1172,767.8617747440273,78.13906353132563,29.39134351940678,0.1369713605021832,0.648821708890881,0.21133611913715386,1.9491846653521447,2.16476456348568,1.7057636543197956,1.8762779025588836,1.5028162370060487,1.6962419985522361,1.3902825613491243,1.5919418199495425,1.3385284072503085,1.5034738390538092,1.377869711460639,1.4255207057435049,1.3382548393623546,1.3312407064550056,1.3093333199837622,1.2896260799906551,1.298475474244855,1.2588698398224296,1.187392113592885,1.2229931187018865
CETRAM,C035,Control,1312,686.2065548780488,87.43722946607976,49.22342021959114,0.4475487236519019,0.8380772222706863,0.1631550971199334,1.6510740663797676,2.128446920281723,1.2996659547100358,1.923891608304985,1.0680534820061613,1.7923212563516655,0.9779580155256926,1.7433992399727112,0.9557283635297226,1.6601593582900371,0.9335104907520807,1.6273840181756263,0.9350392950265515,1.5582667799954655,0.9202351681883161,1.4912762859006765,0.9176671292532244,1.4809522505983594,0.9327544054003586,1.4378110460413034
CETRAM,C036,Control,1170,773.1333333333333,77.6062774855566,54.69939001259716,0.5033546865115849,0.23227931601828034,0.30706409384828426,2.022221206418152,2.121855753433238,1.5648730433538665,1.8871665826669206,1.307679779726233,1.8100727302888695,1.2415293974376844,1.717294059163194,1.201068358485147,1.680646395757696,1.1778684205276253,1.6220805583504625,1.1563527671162865,1.5867876832306624,1.0994362155500172,1.5794581361548328,1.0809408622121874,1.5164503066098425,1.040973959284084,1.4989528598262887
CETRAM,C037,Control,1069,845.5500467726847,70.95972642779621,35.873354175373926,0.29774963327291204,0.6622371349379574,0.19966254542474496,1.7186562449459375,2.1978642144843903,1.754186642627486,1.9389306660648218,1.6825940575369545,1.7760166489528968,1.685436489588328,1.6975677548042283,1.594702593394246,1.5789170608333378,1.578820088088087,1.5349018475311766,1.563975538357343,1.452478308643875,1.5689465510793634,1.416819221692081,1.522314984326055,1.4054646636493109,1.484412217078414,1.3371692423155779
CETRAM,C038,Control,1319,683.1425322213798,87.82940187444856,28.669737921551103,0.14030504408890734,0.38115678864517033,0.17093467264208087,1.9293685582421127,2.1848571510699504,1.6265667946970677,1.9015659599445736,1.4209761711995819,1.7145522277868654,1.3081402094605044,1.5849204664576722,1.2006030778700734,1.5027830895323853,1.1017449831074477,1.4238090421219516,1.0617003675556975,1.3422179082540244,0.9956519113131762,1.291283469150572,0.9653377079816172,1.2563707378960276,0.8870844962575488,1.1899767585106986
CETRAM,C039,Control,1004,897.5039840637451,66.85207092711748,47.927235725533684,0.03153010583176026,0.4579889603519295,0.3314344423414675,1.9291827586569636,2.1843494304037705,1.6389131813441906,1.8697779440494673,1.5791145427291058,1.650356896333949,1.4306961474294382,1.5211071849652475,1.4010234825669532,1.4292825293956295,1.3071570405611668,1.3450027114207623,1.3089496847613442,1.287208567332904,1.2496613545194597,1.2345189955531672,1.2396908869280152,1.183509655277066,1.1898382933910312,1.1253628731618714
CETRAM,C040,Control,904,996.2776548672566,60.22417516530004,38.742202568155896,0.06974442552635098,0.2832106726680531,0.3477031060859342,1.5454408881405206,2.17871311999228,1.4589641481438338,1.8164063445468768,1.450093588777098,1.6623820680095986,1.4153040289864935,1.5283058735884307,1.4163161938182471,1.4251438292500638,1.4167773778449666,1.3472299056602257,1.3268498139629155,1.286747692596627,1.3547881752352608,1.216302496588529,1.3490661970406848,1.173463861157196,1.4067544456094758,1.1044161508932484
CETRAM,C041,Control,1229,729.726606997559,82.22257407725398,37.691639962825704,0.14525859615868852,0.7099350313427699,0.23719628547883678,1.6226342238809588,2.181475604833579,1.302804346289366,1.911872148143143,1.1818556015402062,1.758097296743039,1.117228099084015,1.6277829279434677,1.1262856845863698,1.4997067869187355,1.1133207050232363,1.4212281202441603,1.1062607344959354,1.3842540793679834,1.0923598259387808,1.3423004668882001,1.060359449617858,1.280337986704832,1.0179455789187892,1.237791734853101
CETRAM,C042,Control,917,986.7339149400218,60.806666408792765,63.775902993760994,0.6944344473231551,0.6989247212968757,0.28248445423171203,1.5214895553594423,1.9983177972455335,1.1565890933854033,1.9107951306345656,0.8758595984804656,1.803498919832066,0.7158956457259771,1.7611880191242761,0.6245059546179118,1.7002291279698654,0.5799612348773285,1.6933138811230002,0.5047946416347847,1.719499385785629,0.4470874403478587,1.6670354085770114,0.4374230903869663,1.710298256373286,0.44168858735411576,1.7010923757847145
CETRAM,C043,Control,1003,898.6241276171486,66.76873918253229,57.79875348399011,0.48932133187823973,0.7939822978370239,0.1987213390994245,1.7530027047836252,2.125924959274974,1.7776642803803717,1.9443139318324263,1.7522588568366715,1.8112027054909194,1.5784739275815438,1.7148931935347418,1.4618954371258828,1.666928708272982,1.3072536942717088,1.610230673858661,1.2762656142435125,1.5149571875722387,1.2006994789809669,1.5292001901709502,1.137138656622257,1.4713747043597554,1.0161360668438713,1.4484496959850395
CETRAM,C044,Control,1068,842.1666666666666,71.24480506629725,40.88987121843157,0.7046978703955161,1.128645352799709,0.13660711720526086,1.777723806709185,2.032250045910394,1.5220871903771878,1.88060457560037,1.3902721456666776,1.8124289084501033,1.4085590621039763,1.7665432487743917,1.4991567874295115,1.7277335868905042,1.4617457322746121,1.7076514064842057,1.4863620097751313,1.6438952994156182,1.4985753196222906,1.6309360296276398,1.467102179771838,1.6428738928658853,1.4380300355190794,1.6082591813230251
CETRAM,C045,Control,1361,663.0940484937546,90.48490200793155,54.17603362156825,0.731155352136,1.0623198742344755,0.13057161300853046,1.522214214778806,1.982546532156105,1.4223263785045976,1.8685255757647579,1.2806199229983342,1.8271974536506195,1.2823395314500539,1.7460068480213373,1.2694974478115002,1.7507432678470367,1.2193946247666898,1.708637358921458,1.2151655367233045,1.673716014931972,1.2669922207824826,1.6836787446371557,1.224347295915245,1.6659130851916284,1.1540281278096791,1.5974168667272817
CETRAM,C046,Control,1257,718.321400159109,83.52806972855039,42.62120366507321,-0.3801908958254714,0.21610603137403653,0.37237383372794786,1.8660368898274928,2.1524431576867875,1.7127926371191515,1.6941702676975716,1.4387509813611585,1.4511299805421354,1.3063665614018287,1.2678403805797411,1.2866395510703101,1.1371130397174498,1.2608483578542338,1.030586458574654,1.1900596073697867,0.9450655223586968,1.1675485173727524,0.8727190035633213,1.1484003486619385,0.7884224060641521,1.104392651583609,0.7171976011343676
CETRAM,C047,Control,1129,799.0956598759965,75.08487783466474,51.0638738235754,0.3310243488088677,0.9300811886726508,0.19502142111137044,1.8323741883822453,2.139471406422973,1.615555525259889,1.9172294136945534,1.4906543764441333,1.7956364371883298,1.4722226844591504,1.668259380054358,1.4422395172143665,1.6053158817272968,1.4262996957335898,1.5630886122103043,1.4422769958708272,1.4810052511046436,1.4184928927992444,1.4432802335397064,1.4576512999017226,1.3791096688340538,1.3725905765262276,1.3634990360823451
CETRAM,C048,Control,1073,841.955265610438,71.26269345972739,70.11195639691887,0.8627967901658268,1.1409931654849035,0.2184399197435995,1.8846447573938403,1.8875063524150273,1.685513213919761,1.8212911072599383,1.6622803938084802,1.7502095480943292,1.6031287432408357,1.6672611745800914,1.574171172833079,1.6765853578980996,1.5194832293362006,1.693719762239331,1.4224468358439966,1.692111355630785,1.387617988050399,1.652420240185361,1.4039439544640016,1.6935011322658926,1.3366974199805184,1.7031829388411286
CETRAM,C049,Control,1145,787.8978165938864,76.15200694346683,38.92222660960636,0.4695757508415846,0.8386941363113486,0.20921339748970944,1.5289023669692157,2.115510364917973,1.6734799204377266,1.9359648368452358,1.7135302976215925,1.8486296564562625,1.721894017373906,1.7239991289959227,1.7642950564376856,1.6832020484364996,1.760891750619824,1.6119573680828794,1.6738480885801588,1.5349508821867728,1.6458501984656555,1.5339731113923911,1.5955185924435613,1.474356114343049,1.6632711882126083,1.4972402158725606
CETRAM,C050,Control,1059,882.0254957507082,68.02524449583274,156.41022087556442,-0.07654961934642177,0.050287201482698,0.2520181677732491,1.2464292079791504,2.193195971135275,1.0610758550686787,1.8451099034073362,0.958715049654866,1.594688367064176,0.9642559836437465,1.4383486326161223,0.8362736912223472,1.3020670287674005,0.8471594233412291,1.2122512870709006,0.8597766882773267,1.1111975758859172,0.838168711719107,1.0618092657787068,0.7859503684042357,0.9948220601103164,0.7473059308220931,0.9563054370944025
CETRAM,P001,PD,1228,735.0399022801303,81.6282215616826,81.07200983168329,0.09283967340658753,0.06855388409148717,0.46319138753984096,1.568807690855271,2.185836138286664,1.6577342605175396,1.8845622822802108,1.6792620197550154,1.6577126836754925,1.6028153716736069,1.5773805589303211,1.411119520598918,1.4708809870393929,1.3917700763758534,1.3880940317449186,1.355874376499502,1.337497805600875,1.1910537523640137,1.2714001837489224,1.0998445747143748,1.2208404294878903,1.0377221875997324,1.1848526461509274
CETRAM,P003,PD,923,984.4236186348862,60.94937064106896,192.44647497999932,0.945009852433079,0.9733102242164023,0.10992799073295292,0.8596875370302102,1.8243289823645152,0.6058346857297701,1.755578711537474,0.5410845542836187,1.7639230484591346,0.5503090227575178,1.774637471701044,0.5549226080541471,1.74547891139809,0.5555709364878179,1.7582262734834366,0.5522186885393063,1.645643848434857,0.5703762206612799,1.659906235083757,0.5831572705540339,1.751221275006797,0.5716661745707923,1.8432204847848832
CETRAM,P004,PD,811,1111.5388409371146,53.9792203297325,205.58209896643493,0.020875631351067132,0.0711597202136421,0.4292105014028028,0.619987508962864,2.1563203124523227,0.5422329371554591,1.8522086489626644,0.725920145093715,1.6451408207423082,0.873817209315427,1.5177756550377801,0.931620897964401,1.4160669662237577,0.9746434939246401,1.3399702313229984,0.9698071942171237,1.2555598956743979,0.9218617769236104,1.1869944131286494,0.8760837289762825,1.1330143214450514,0.841557173212699,1.1160189268130176
CETRAM,P005,PD,1329,678.1730624529722,88.47299210466751,59.31026874531449,0.6134778282244127,0.8401867928808057,0.20083694741289415,1.201070172717334,2.051505100270701,1.0658834470324414,1.9189441594661645,0.9318937693594446,1.8248456446242327,0.8777727970281894,1.7532213454435757,0.848583272826349,1.7001911810301957,0.8567208770358288,1.6557356250396726,0.8367813446176136,1.6534157009858006,0.8644260788619113,1.566155364629689,0.8503288615595718,1.5764630721505657,0.8294239821929654,1.5585163972546319
CETRAM,P006,PD,925,975.1372972972973,61.52979705144778,112.55998671628657,1.1751087801234579,1.3961529671151345,0.10880991645841158,0.9055962315978393,1.5265176871045003,0.8628904807989862,1.5470945132452272,0.9260958000781058,1.5675050892912186,1.0792825225284424,1.5968956396187393,1.1845019605485394,1.5533290449330899,1.174495277928656,1.6297226626684649,1.174727647160148,1.6653951286157733,1.1989556900391372,1.6686243944438945,1.254456709757928,1.622632792345114,1.2093020898740199,1.6375672751451038
CETRAM,P007,PD,1309,689.5867074102368,87.00863771770162,129.95247722507423,0.6081593409155609,0.743708199687584,0.1504545925089634,0.96620177216865,2.0700955107233803,0.6390440960371224,1.8819688631930462,0.5328509334028331,1.8312403122717928,0.5058516416328519,1.7741686065388267,0.4893966947738185,1.6716704707339705,0.48298416747900796,1.6809346724578342,0.4879577017695689,1.6231545051861227,0.4816249168348761,1.6017000591536406,0.4719210567699475,1.6096098902773683,0.4772439839052996,1.5807123167912571
CETRAM,P009,PD,1229,741.8486574450773,80.87903024134286,60.429474401598156,1.676893617243956,1.6519480643560505,0.0835049759956836,0.5645054757422228,0.6372223177711724,0.5991323324699487,0.7558825894596696,0.6130661248286948,0.8376151118467247,0.6061029155949785,0.9075128885817634,0.6129398897633312,0.94603968895982,0.6282259478369887,1.0068595107383103,0.6418410876194842,1.0485068243837758,0.6620991691595097,1.0779750644595973,0.6662598252474016,1.1160740879861888,0.6647831897653658,1.14195369592307
CETRAM,P010,PD,1361,646.9375459221161,92.74465576809065,55.52850150123875,0.4525623614109338,0.8354209540102825,0.28100334458337417,1.1285597809446484,2.1365444426495106,0.9633330721174143,1.929372495179048,0.765766005869057,1.818328165906623,0.6026471010067749,1.7264158614923637,0.5422473975915789,1.6785322405040863,0.49526636242779676,1.6401311259419658,0.4571977054753967,1.5874768167321769,0.4239803669830136,1.5630006460769448,0.410764685389409,1.538445758360096,0.40083885562133,1.5363179101562938
CETRAM,P011,PD,1175,765.6127659574468,78.36859920297468,33.971137269534445,0.08848438955079914,0.6723236687798544,0.18024136540294355,1.4070025411623666,2.1758202503726163,1.383625150764861,1.835745011010775,1.3178491047827063,1.6610510398184894,1.328441177658737,1.562975853431227,1.2849873015977726,1.449365160361581,1.2584037198243019,1.3978516801743386,1.3093155735973696,1.3143754792612528,1.3070879017996448,1.2845574853138897,1.3093762375177274,1.2058900374142942,1.2967667090757624,1.1753912481753883
CETRAM,P012,PD,929,771.3433799784715,77.78636798785338,65.4235657428706,0.4831481673192292,0.9541772504045034,0.229442306362726,1.4620976581801821,2.100926558037873,1.3778809123735136,1.9194798927124692,1.358618533668255,1.8232836487340844,1.3357473354236906,1.7148654494417384,1.2805908511181083,1.6682260704451533,1.224572561995134,1.6487903981475036,1.2097350650400263,1.6485733777959544,1.1691404247280222,1.628227003960563,1.1022229022281445,1.5662370376543688,1.0818343423058139,1.5627854775205254
CETRAM,P013,PD,1162,776.2099827882961,77.2986708886021,92.10584839012944,1.0306253816125401,0.6663203891243995,0.23949274418218142,0.5589108178674528,1.699222292938133,0.5958037033524483,1.651240018605107,0.6569867118779251,1.6505247014571713,0.7130548189313303,1.6519150061307541,0.7472466589582427,1.6686202395283036,0.7974816572634074,1.711209391103977,0.8268245595549087,1.6592780246603553,0.8703739435234267,1.7332337989247388,0.8982342869859637,1.7097621258666524,0.9339863442516515,1.7248088351628432
CETRAM,P014,PD,678,889.1519174041298,67.48003218074298,43.88910007762624,0.24852278718072127,0.5611681540003617,0.29095649633015425,2.098541713053255,2.1790494215683602,1.8098916175514705,1.9336416156793526,1.5503203810771515,1.773731123149709,1.5275105847911692,1.638450499789079,1.5745672745308188,1.5775853105285627,1.6259127496376053,1.5019463872728316,1.5047346429386124,1.4013284971367608,1.47113324105692,1.2790608760654207,1.5336996528076172,1.2718967757400153,1.4352615321045472,1.2241007515889681
CETRAM,P015,PD,768,858.6875,69.87408108304825,40.505588971647185,0.42586062663038604,0.8001754424932204,0.20088362820120867,1.852872809796581,2.072429520728832,1.6706669986703044,1.9213883255738313,1.5135384987570333,1.7459268541407962,1.5507689242887848,1.6594163448125174,1.538628809951722,1.6132149708806638,1.5223293017431931,1.5454621454193849,1.5871993309183599,1.517559671152893,1.5751305989350388,1.3962639439791402,1.5799154731677787,1.3564434947118487,1.6364801211094224,1.3045960694012495
CETRAM,P016,PD,1026,878.7982456140351,68.2750566463372,56.05324330245312,0.7593276228565373,0.9937804390616312,0.11274145297638812,1.6877500897167532,1.961979405890436,1.3874333723742769,1.8549126650355898,1.3292203390264792,1.7982667366327336,1.2933958125024148,1.7359379812058162,1.3149904296483736,1.7172903955171963,1.2608583828203224,1.6728947565815464,1.2248709219635525,1.6630842093121343,1.2440318303749693,1.6174089081729102,1.2643734368929183,1.5934135980701114,1.2593613602079365,1.6124212536260316
CETRAM,P017,PD,983,815.1536113936928,73.60575867095305,81.38123932912893,-0.3793307831636649,-0.23763939436038636,0.3921035727904924,1.7425587730406906,2.1215873353491634,1.5164057330304663,1.7369931888049497,1.2963727855294715,1.477622137813431,1.1566720292780257,1.292453291984318,1.0413023121079696,1.1372682413223096,1.0468612236156645,1.037347696898474,0.9944237625965281,0.9226930677549535,0.9581144536554621,0.845626853716157,0.9189237971531728,0.8073597942869623,0.8970790230686578,0.7493732230741518
CETRAM,P019,PD,1073,840.6821994408201,71.37060834630377,55.85572958966491,1.1336990385034007,1.2450244997474287,0.1420944293742764,1.8031145091404945,1.59106609368317,1.608843823600349,1.5799805049934623,1.5354175149013094,1.5929462351935701,1.5668119167878911,1.573595502993135,1.5376314907738482,1.5951146191232655,1.5160227745054715,1.5211069830773283,1.550229291663406,1.5905400890797372,1.5937050412152007,1.5930849678852563,1.5991425085730007,1.6055850813633012,1.65322055487291,1.5937922026921136
CETRAM,P020,PD,1480,610.0675675675676,98.34976187839185,53.293497905734824,1.217017099941436,1.7722337160433126,0.14800801721257018,1.3286359622690764,1.4094113109422854,1.2456871438604682,1.4450774351573132,1.161753185539043,1.4584525277931872,1.206558853424315,1.481572339522258,1.2493360818330053,1.5070038166879123,1.303172000039446,1.5222219290925068,1.381116660684719,1.5325091964200883,1.4525727082435542,1.5156904338431145,1.4991069241271202,1.4699994268478243,1.4891824350560179,1.4962173583416964
CETRAM,P021,PD,1118,777.8801431127013,77.13270550898616,47.74101966838176,0.7615907164805367,0.8829194295295287,0.23556084295280919,1.8473909948882399,1.958256077000417,1.5928453173406807,1.8695237512276535,1.540402345133467,1.8046439229073752,1.490254579412683,1.7611141508391308,1.4846429025476209,1.6982005951397365,1.4723664988242382,1.6815394821847172,1.5012637358843537,1.6445047175882943,1.4550934153758837,1.6515315385533953,1.4331177287971522,1.6342383006279377,1.4306905233459881,1.6048491382684906
CETRAM,P023,PD,1056,839.2973484848485,71.48837072858113,157.51435542063751,0.38080252147787613,0.9870822953636333,0.021216628233048512,0.7111492446672517,2.121274657560809,0.39388633778298965,1.876166448016404,0.30760009799568383,1.732626589378769,0.29608905924687695,1.6494873496671094,0.29273014170883355,1.625095993161376,0.28387216408820937,1.5542493275226967,0.28911943356446856,1.4759802801021138,0.2909712205722496,1.4614666050422354,0.29115800180834334,1.4333488107935473,0.2849364343276489,1.4041865368213349
CETRAM,P025,PD,1232,739.9821428571429,81.08303771809165,37.74364776357874,0.3576129128072955,0.6985283663512386,0.1111272673422302,1.3675237853449438,2.1425303108812703,1.3654259486851426,1.9060764855254095,1.3068489397070506,1.7542129135068967,1.2330318665569449,1.693208347066261,1.217671648684098,1.6038330089251935,1.2318197946501248,1.5339009196642441,1.3150944704188339,1.4898659184739138,1.3159015635180322,1.4357839697148924,1.379400882600479,1.3977990507284757,1.414551560327566,1.3793243198795186
CETRAM,P026,PD,1044,867.4578544061303,69.16762548778414,140.88323346079207,0.8844329925167143,0.8946437204620752,0.13639503859712115,1.2376535185738722,1.8768149772160854,1.0863823296338002,1.788093804735728,0.9382364180985399,1.701791403045705,0.8930305095597564,1.6680657864542905,0.8372073416441452,1.6226796750173058,0.7753826529912874,1.619202625908308,0.759907356376733,1.641250127511525,0.7733321400804554,1.7120776112365057,0.7735585348438038,1.639914875331435,0.7560831786737006,1.739669184516183
CETRAM,P028,PD,1201,753.5761865112406,79.62035036931866,27.635202172443957,-0.14150629900707884,0.25380108905574617,0.2843332357554054,1.1067581881912796,2.169604063141039,1.0528812703242314,1.7986240853364304,1.070882349948447,1.5924044155187875,1.0083802969784377,1.4396307502661532,1.0581963195706237,1.3188222951054958,1.0620702831773714,1.2208005343936303,1.0522735784819421,1.1156677784447548,1.043872850608469,1.0612073971668845,1.0709417229519815,0.9854507676728042,1.086582738391035,0.915321815371434
CETRAM,P029,PD,1302,700.0560675883256,85.70742084515943,51.181076764811955,1.5972909325245075,1.830989766100033,0.15362255005598618,1.012870292572476,0.7778192440234725,1.3181973216200535,0.9200455266763058,1.5970486697520636,1.0078403102974942,1.8389635902418522,1.0711568379331784,1.9218652748013105,1.123847072503816,1.8957440387059503,1.1673878403482887,1.7868814107746223,1.2043533589227424,1.585946207792939,1.2486400737341172,1.6154285165712574,1.2850283702676881,1.60599111884502,1.3237858164582528
CETRAM,P030,PD,1421,634.8304011259677,94.51343208135737,20.710345218376656,-0.9045151844683057,-0.31494470773880096,0.3986439418616124,0.9744399265943445,2.0808812492747957,0.991705290948059,1.5194801476662183,1.0301411829201839,1.198073941499828,0.9303162072286595,0.9665188672970385,0.8479616167619343,0.8108376809011185,0.8003371085452721,0.6701221362254088,0.7374651865777948,0.5717712074046836,0.6353758338169584,0.4897816826978594,0.6165806525930402,0.4063818262508056,0.5673685668913087,0.34418617819081093
CETRAM,P031,PD,1140,642.45,93.39248190520662,45.51282417274393,-0.5703841720788762,-0.281661393593158,0.7514728302351937,1.0249245728769505,2.1227493007945957,1.0060108443937985,1.6453708754552168,0.8528803941012637,1.3583871810550516,0.7265194053976469,1.1406241324692248,0.6737830006842513,0.9925615374317242,0.6326635464408891,0.8713162870043077,0.5804498748382646,0.7710355211242211,0.5524885221773905,0.6812823349067617,0.5214472017116906,0.6082166795564539,0.488962227425507,0.5518989993149291
CETRAM,P033,PD,1340,672.0529850746269,89.27867494456171,28.892647713634407,0.19097909776161495,0.7785196612109206,0.2897724914089073,1.9101213761017608,2.179357537899772,1.751627900996156,1.8700349043458655,1.5822603308060876,1.728554504690507,1.5822277325072012,1.59210266808151,1.6376953207901122,1.5216422267470164,1.6165735186537598,1.4366174834658334,1.60355446100799,1.3829861741685727,1.4845477697547902,1.3596940143925396,1.4598947190495146,1.2974881520136388,1.4212905952747603,1.2865857302225454
CETRAM,P034,PD,1041,864.4197886647454,69.41072010010436,115.62099702989099,1.216962977923888,1.3523716260437535,0.07410206569732353,0.8719982378975677,1.4590976956781683,0.8027276937351865,1.4781967367712214,0.7595979470871898,1.5059477688630631,0.7811332209352144,1.531387229949719,0.8169011798007223,1.5190012922857374,0.8474080410836571,1.5538102623724337,0.8786859419777178,1.5635215795809547,0.9294537184004359,1.5565766717911143,0.9522158002467016,1.5516260443000232,1.0183918280453108,1.57559033573129
CETRAM,P035,PD,1002,876.2614770459082,68.47271228021421,186.34329520898956,0.9560636250014672,1.1214326541485058,0.1389242372268341,0.9213981487149948,1.7976529989394805,0.6630739022165083,1.6794047771309764,0.6692640505231715,1.6916972416333171,0.726082123442132,1.6858214980571116,0.7618442232310129,1.6802325990447133,0.8386689220197373,1.7203460862790647,0.9146288350831984,1.7056179204876667,0.9347090934339823,1.746341422527849,0.970203760866355,1.7153893085337533,1.0029632450968085,1.595999667960032
CETRAM,P036,PD,1456,622.0789835164835,96.45077488526046,88.66687304666421,0.4698542673571438,0.6155628153281286,0.24822122636568314,1.4062130044264098,2.133234394102874,1.1451041237785613,1.9361123884755038,1.0612011801010752,1.8024807850827298,1.0705380235248436,1.7073754347150987,1.0168871918693145,1.6653482978119911,1.0325401731426795,1.6101480827068075,0.9667417825569902,1.580079293402047,0.9564149506906338,1.5346185037869169,0.9486657100251253,1.5029011268603263,0.9411202051542443,1.4775319333438004
CETRAM,P037,PD,1078,836.7486085343228,71.70612462098745,42.76793713203843,0.552188128247575,0.6937038304892509,0.22409065806887116,2.076255134310428,2.0901186860456185,1.797024618660956,1.9145255117061215,1.6085267506398546,1.8530977472557943,1.5281327880618927,1.8053440800648766,1.4557648840406106,1.7095322552393164,1.4380081007506427,1.633062308624161,1.4016840154244519,1.6207431973484514,1.3659525550357001,1.5831124277422413,1.3644319468146786,1.5864592173785137,1.2702501276404048,1.5281914842133217
Cruces,B01,PD,485,925.3896907216495,64.83754963080474,77.55301237353667,2.0925205419440145,2.4009979748296524,0.04699430673585395,0.8725505565258646,0.35996129879844824,0.8727166223870253,0.5080507198611324,0.7402516497474187,0.6308501472119219,0.6935338034141717,0.7625106114731137,0.7128716859077239,0.8698892310261176,0.7475487269979902,0.9232878305986031,0.705434024552596,0.9635404603400449,0.7015345724668499,0.9894756671488372,0.7612738761590477,1.0293936162818988,0.74806293815606,0.9992720229222097
Cruces,B02,PD,720,622.6055555555556,96.36920111716888,31.658293307707755,1.525491591333845,1.581588106939964,0.061787975626583815,1.0337924340077937,1.0349810969844433,1.1518971597185406,1.1627849862761857,1.2826032949316053,1.197721606853471,1.4087127492576734,1.2675852786442965,1.4448885253859434,1.3031075472039335,1.6640963249719645,1.350269972061448,1.6601530050131168,1.3651001468879362,1.740604305927125,1.3945532389381194,1.6723303426650027,1.3893708147317814,1.5686159179138452,1.3928488913470545
Cruces,B03,PD,739,607.4966170500677,98.76598209114803,18.587985364806386,2.1101246917588035,2.481651672097886,0.05220856036199955,1.1004041744669062,0.26901977366718716,1.1631002421841183,0.4168593546896448,1.4632902764473772,0.5223444212783919,1.5678194224515856,0.6087610185284095,1.677324481136822,0.6689030992811958,1.7098806954649455,0.7128249133846639,1.664035095483824,0.7611131724039691,1.726518947359654,0.8001533872463322,1.7993930940831262,0.8564412820046,1.886190914353691,0.8666628901112094
Cruces,B04,PD,460,973.3521739130434,61.64264241460484,44.13948350375662,0.7288169025371606,0.7785861293518248,0.1999346440193282,1.1556304893838802,2.0070255899736336,1.131292508436719,1.8935680868125615,1.0975684472372116,1.8599079718092497,1.2540569087233475,1.781591018000211,1.2988927402228692,1.531885547860006,1.2858663957210401,1.6485614753711424,1.3979449783398659,1.6737474570530397,1.4039939382192916,1.5999858439360075,1.5445892656931752,1.5719903876768502,1.5746285077682391,1.5038146691338132
Cruces,B05,PD,393,1138.234096692112,52.713233748988436,34.64964819683017,-0.02198262938692542,0.5368203887502873,0.4092651912331409,1.9298315083704616,2.1584403991409244,1.7399647960383242,1.7485337501266909,1.3503007584719853,1.637351915214443,1.2413933369750694,1.5483628326424161,1.3761075158128977,1.4619217846116286,1.262152708845207,1.3176483025289973,1.1217347060889638,1.2736493182338042,1.144154309115026,1.1606095044786722,1.0658761412698383,1.1196386760834816,1.1462403376573642,1.069023366079876
Cruces,B06,PD,384,1168.3958333333333,51.35245974716046,33.890771918560034,0.6689646341927434,1.0537133183385488,0.18490586657848088,1.977607235798568,2.0555178204552136,1.7782274630094788,1.8333314251795858,1.8301294805010235,1.7966794252346894,1.6629786793621302,1.7493149457658692,1.725738368130261,1.6548021296556312,1.640690455938205,1.5414457097283398,1.6573292001385151,1.5302465472140099,1.73091780997181,1.704848846241368,1.6400748818959903,1.493705845772704,1.5859074150239063,1.5361134410740025
Cruces,B07,PD,442,1012.4027149321267,59.26495367411427,31.419779316458754,1.1398465116729122,1.4762666014630657,0.13380446783614872,1.375280320398024,1.734893839284948,1.717651497074333,1.6276996114750737,1.7775344782967077,1.688863120573466,1.6582280766035324,1.7317994009505828,1.3766324502081537,1.720847341267909,1.6814114120591896,1.701027176078549,1.521145305288422,1.921693046502894,1.2554049779582066,1.861855595595939,1.252762968495368,1.932277223044849,1.4675198010424764,1.910965184482633
Cruces,B09,PD,751,597.589880159787,100.40330666904343,53.22868503716412,0.29467318559984573,0.8184814610359112,0.2824230987946206,0.20338519294175264,2.1729620093143676,0.27023259590296445,1.9032335607230904,0.3248602069392808,1.7850943929391738,0.3629975294134537,1.6363744057610257,0.4184911140654328,1.5641506168796353,0.4644034507024787,1.4952335738221254,0.4951810383476089,1.4223552688022127,0.528479718869937,1.416349654594228,0.5582503740650138,1.3635897576202254,0.5800174804292032,1.2532283120498706
Cruces,B11,PD,444,1010.8423423423424,59.35643718778826,56.821628237710414,1.1250109508480282,1.4266811450715486,0.07017376733568907,1.2767399328143265,1.6106266656427604,1.0433074434774838,1.6672296460893952,0.9696706206546591,1.7198899436067918,1.1673736518776061,1.7889890745555663,1.1781386007711727,1.8640706389944153,1.1793477570205468,1.7689557329264929,1.2950456896547458,1.6911579676407715,1.5004867286455454,1.8566007803336622,1.5896352851379207,1.9139846959782716,1.884977598060156,1.8273788795844486
Cruces,B16,PD,492,909.7520325203252,65.95203731920161,22.440768288990512,0.9559024163945495,1.2086961316855396,0.08912791372476797,1.6327149751902457,1.8172779607829614,1.617493613266317,1.7745397576862054,1.6348845780952648,1.7797930629999872,1.535100292788268,1.7335691294827853,1.7047480922384253,1.8184178788992673,1.6217080050259147,1.8398329776613682,1.7376922479577792,1.7655165815394707,1.8168055011541426,1.8383212219610219,1.9339339580085977,1.8348200253940739,1.4176168322489318,1.905172962760453
Cruces,B18,PD,534,839.2284644194757,71.49423851049207,17.906266647596567,1.7931714646767574,1.9500863042205596,0.08031514829709618,1.4746241298627787,0.6908491214103284,1.3515331429972894,0.849560772140399,1.2980368780500138,0.9382909376542092,1.4648900999401835,1.0460270914009688,1.447279798383141,1.1199835428836769,1.4864762012992654,1.159059148447472,1.5606477482646683,1.2622633932018055,1.5496194172231903,1.2622898174544908,1.5859074150239063,1.259379965446718,1.4957091471057575,1.3451628318176168
Cruces,B20,PD,531,842.9491525423729,71.17867052720473,39.50642716085966,1.9750383927778048,1.8213336185703315,0.11064930962263776,1.4904922821859676,0.4514440848615366,1.490249395168982,0.6230502658719203,1.432416967855542,0.7489380084069216,1.482039418078275,0.8299865538722488,1.6210490733617784,0.8988496139911218,1.6534979022281309,0.9841879161610549,1.740254780695335,1.0567285772605552,1.4121477399462243,1.068719125791886,1.5627973349809894,1.046932691158913,1.4962218968359653,1.1246871250863495
Cruces,B21,PD,561,799.7397504456328,75.02440633539432,54.70240925036807,1.5078527005030222,1.5417468488690647,0.04518811536311392,0.9596222979134699,1.1305432697421016,1.152873703550026,1.2626108400462142,1.2144153284569303,1.3296346983297083,1.3151238876785682,1.3683697350768618,1.3059198574314983,1.4322199178560036,1.2923982753527639,1.3609141602848327,1.2436512881441122,1.4983599756454573,1.2023116743758595,1.5125722826045134,1.166931532645587,1.518710029523602,1.1967301446266332,1.5468526229813129
Cruces,B22,PD,534,839.7303370786517,71.45150931278098,37.906401181631914,0.7651208573219637,1.055163595819207,0.15697652320196903,1.749199854809259,1.9880131688096299,1.4158025957398723,1.9188898582000222,1.4420763584605376,1.9036542475394327,1.252762968495368,1.7138008939574678,1.2581732612236156,1.8312718816861782,1.2678242763124687,1.7351102421227733,1.1593076944166214,1.7539808844573954,1.1710600231242014,1.6453212219142515,1.1162159930863578,1.6294077499749724,1.124295883402805,1.546646036400394
Cruces,C01,PD,362,1238.5911602209944,48.44213484399046,121.29227414191388,-0.1790271181344175,0.7081484184008522,0.3078048003689003,1.1809054393425424,2.180183923441633,1.0776471602030648,1.9499128562558588,0.8833489987792058,1.5686477339453573,0.9323349030731158,1.4303985169986628,1.054028382060083,1.2910130913553688,0.9932517730102834,1.1967732209207531,0.9495957265183385,1.1788372059646732,1.0445450673978338,1.0837827810448102,1.101890980129808,0.9932882336454325,1.0818988076943692,0.9396599750515188
Cruces,C02,PD,614,730.0488599348535,82.18627997769102,23.510871255945165,0.9946737552975674,0.8881556719410153,0.20375634428251815,1.7504127977712827,1.7650212133856724,1.4946623978416722,1.752467430301202,1.5051555639966194,1.6715946636992263,1.230112192528971,1.741157963437716,1.3712466450607481,1.7786025534731735,1.5340755926616692,1.6763601845692326,1.3917538833247896,1.838269192942981,1.2386198407706481,1.6971542559436041,1.3121863889661687,1.7750583621953873,1.3396734525827279,1.7477446705330761
Cruces,C03,PD,508,882.9330708661417,67.95532071433348,25.99869987681901,0.560053326330855,0.7463080976311051,0.08834249454999367,1.4888340004360756,2.112428033160791,1.2742630083551802,1.9085993849715894,1.3662536102364444,1.8701110758757855,1.2120149138620187,1.8447398866095828,1.320305513404673,1.6649289096987097,1.377060685172945,1.7061050169754202,1.2986043278436092,1.555917792744381,1.5922173146824299,1.5809768613358406,1.6204877486206855,1.5343876142806963,1.6466672542024563,1.5104818949797771
Cruces,C05,PD,611,733.2045826513912,81.83254908613623,21.438185143420313,1.0309249534045168,1.1426252146974922,0.23929176081459147,1.5605640627547654,1.8002443108108828,2.0204948338080424,1.7155700323792864,1.8671676626025302,1.6949506793507174,1.8064440209109762,1.6439875591291475,1.7501115704171626,1.6284296809635073,1.639331442712243,1.7322933986157814,1.655337901181299,1.6118247363520328,1.654679876547435,1.5733331343156756,1.764666178572529,1.6210664985563454,1.4384801142904609,1.671703704987084
Cruces,C06,PD,443,1013.0925507900678,59.22459893048128,71.09166865128111,0.6905471167519127,0.6978798560205061,0.36271886500290323,0.8836961990749058,1.9569868426009347,0.9210709550471446,1.8331176083571605,0.9562888576960116,1.7039403391525596,1.1323351891597517,1.7531395104790342,1.1496188035871047,1.6925585206028628,1.1484326373316593,1.6094648473727704,1.0275711900429716,1.7577866138797844,1.0886122053335263,1.6901113140960724,1.2283784316940767,1.7656434387762696,1.230630440146365,1.6966266258389051
Cruces,C07,PD,515,869.8990291262136,68.97352220322412,65.43959030739967,0.1569853129612439,0.3697193166399002,0.33687776795081026,1.1304027961239662,2.22736963777481,0.8678641379686807,1.8708029390670198,0.8397363876866272,1.7459449580165376,0.7912584826439819,1.5696105770962785,0.8256642230273858,1.5493333548513728,0.7920606261631024,1.4271481965824766,0.8272680220668458,1.396159829082739,0.7867867309196148,1.3335160096311653,0.8299963907514507,1.2314434279714153,0.8809269778616268,1.2414245847140235
Cruces,C12,PD,534,838.4943820224719,71.55683005922869,18.707859869903515,1.606892082122156,1.7874891426115052,0.06495230408261121,1.6848055950210439,0.9776904797622349,1.4268109655018737,1.113833223727404,1.414465238086587,1.1809025879831487,1.4159548203707732,1.213314397624267,1.7385908013473768,1.3178040794352333,1.6689924431906908,1.3949888122159322,1.834546744433264,1.3962228518359456,1.836211231798889,1.4863599251342505,1.8336065791635554,1.4603519822433138,2.056867219641297,1.6408580975753662
Cruces,C16,PD,541,829.0388170055453,72.37296827272525,30.671623537885704,1.9238392845486014,1.9517835407790056,0.11929409533707151,1.2247168498096643,0.5079131144389262,1.5429515495379391,0.6765454232920339,1.516851293096816,0.8167412274427033,1.464186067748972,0.9034999531503813,1.540445040947149,0.9721162806082425,1.4786676812509059,1.0547529693167388,1.588384503236268,1.126740251653037,1.5188587915417529,1.1633232843981618,1.5489491509534494,1.1381445142923223,1.6169099272728014,1.1513966340739088
Cruces,C17,PD,570,787.140350877193,76.22528807363987,18.631887359851696,-0.1782061210904023,0.8103534918453361,0.25992534500341824,1.5560703588502298,2.235949215627953,1.2967812989998917,1.7847578755683067,1.339047948572741,1.5299381590098668,1.46249312786964,1.3908947587811973,1.5678294452032318,1.2776162685859587,1.5420597676018857,1.1888409914205345,1.5873201071804814,1.1182438083174897,1.5224265354444706,1.0280523921461189,1.4637524201588945,0.9743488677663962,1.4321038971511848,0.8826834971971849
Cruces,C19,PD,559,802.1717352415027,74.79695103185895,30.561516592700475,0.03401783519098035,0.5375105106613667,0.24209402848420034,0.9322181238441152,2.1567966043927185,0.991453283792904,1.930865592331388,0.9739063740868544,1.652860709922176,1.1127899888713517,1.502074289827082,1.2157565507479984,1.4145281781958758,1.2962295466433704,1.3258459626003616,1.3032277624212771,1.2473993657100926,1.3912819026309298,1.2079809070958587,1.3627638637096966,1.152262039490914,1.4774320731184147,1.0906494533531343
Cruces,C22,PD,439,1020.0318906605922,58.82169033082176,29.293178469820067,1.5513805890974257,1.8934078328709616,0.10510405837504938,1.8038078077442294,1.1035485756901104,1.594279352003259,1.1643043351050373,1.4616641630940346,1.1584973075453504,1.496857148802787,1.139758262069487,1.8645645096013608,1.2794876516412694,1.80280930541464,1.4603359066317354,1.6058600910862164,1.5219934173716283,1.6582280766035324,1.674036724660725,1.8428146400283392,1.8871890349253075,1.4469189829363254,2.116877158815166
Cruces,C24,PD,547,818.9104204753199,73.26808708231385,46.70424854985635,0.7394747951527738,0.9151519408383451,0.14479618411745426,1.2770882205669063,2.052150956805343,1.0128231566870238,1.927717876976273,0.9313750082859769,1.8851468084780894,1.015730305020491,1.7437449060070431,1.1659754804577536,1.6338474751056407,1.2211429852187432,1.738654184140816,1.3086557996820547,1.7936681561126975,1.2924946678631404,1.627314249738446,1.441163571365705,1.5976672937373901,1.3329483804145978,1.647419010966189
Cruces,C26,PD,562,797.7366548042704,75.21279063542764,31.31033284397363,-0.9975935584464312,0.6798676220252493,0.37154936924851245,0.4045662316431473,2.1117107698979036,0.3286177080114645,1.4885692714899967,0.3556082771709299,1.1706131428614572,0.4199276881614368,0.9384451703831526,0.4869620593121148,0.7852189559782013,0.5424943371633985,0.6255686702569422,0.6030305554279937,0.5241311144720443,0.6152419047391319,0.4434157618093362,0.6494077990082927,0.3831018946656495,0.642844475654091,0.31409518775023076
Cruces,C27,PD,598,750.3377926421405,79.96398500563849,25.458994714438916,0.5191506679706698,0.8030868103115839,0.3441686385063233,1.0533806217096902,2.0929158190602717,0.9575807019831342,1.9671853891690194,1.004053706043097,1.8121917929501958,0.9899976210986057,1.7094639957580247,1.1298119626805418,1.7414092656249898,1.1272578867450742,1.609354274804091,1.2331651719719547,1.6059849588966875,1.2081808057261412,1.5008171217249766,1.2615606791988971,1.4843679508156225,1.2391026516169357,1.4245443883845514
Cruces,C28,PD,491,911.5967413441955,65.81857665652355,44.738062021517244,0.9834679182176089,1.2117947073397835,0.04124766399389386,1.361193563661463,1.82737493009141,1.374143543337378,1.7837548243967294,1.270303525160308,1.7049429426422922,1.519264218867702,1.675708062753013,1.6158688027643908,1.5285990661747346,1.6156044273497643,1.5260189335010936,1.5109978396208479,1.5274540070666356,1.3786897617346714,1.5967115888072232,1.6122118393168257,1.6551389004183923,1.5515439340151977,1.7786479640462727
Cruces,C29,PD,495,905.2404040404041,66.28073573848344,15.615469849538501,1.7641024344129708,1.7386513908402432,0.1450670483534153,1.7503494123562455,0.7530009354859898,1.5572315149546494,0.8955243908206446,1.9036773854320403,1.0304010804328494,1.9153734251952317,1.122693504537994,2.230481799092702,1.1951453030493626,1.9619104904017544,1.2613685091370828,1.8495790401168812,1.2947665977724496,1.7092090661790504,1.4764774180179792,1.5985682401971966,1.384823080883189,1.612558039770344,1.5317971787677669
Cruces,C30,PD,582,771.0,77.82101167315174,14.735651149578203,0.5795918188610357,1.3710923355989564,0.10933120636529467,1.6436613098129556,2.111833362514772,1.562071967228048,1.9021181212513063,1.0171826796111043,1.7895642864533639,1.1911893647002612,1.724954675145514,1.2342781538212648,1.6817507090976507,1.3024817073694528,1.5973457864491623,1.4472550609095778,1.5796279541092453,1.6715462987183798,1.5431439100070747,1.54368653487132,1.6045043531361645,1.8228793779418595,1.553832022394251
Cruces,E02,Control,425,1054.7576470588235,56.88510547167791,76.90597109897922,0.5901360092044072,1.0304493593423725,0.2887101846665606,2.140918315230837,2.0163746472291795,1.807833294059116,1.8826067591314872,1.666596326274049,1.7189677169306812,1.5370145058503597,1.756608645830041,1.7227665977411035,1.7024364524094786,1.5635008172470748,1.674584982002755,1.6529230243738393,1.571521964317663,1.4962952563342191,1.5413258335019278,1.4966424182887559,1.5568886966117808,1.5745506534336597,1.6281945262336281
Cruces,E04,Control,455,984.698901098901,60.93233163258474,83.26029654744578,-0.39693502515341644,0.2982550765581335,0.4941424034457936,0.8965905623831824,2.1867856161103094,0.8234574482871554,1.6606896332006358,0.8257202597426563,1.433406648076935,0.8453516369815876,1.3054708730052962,0.8903573498476506,1.128692583923414,0.9072726346853024,1.0604854591771993,0.9494691305714738,0.9229869543900998,0.911048255909305,0.8302703320174151,0.9655467273279227,0.7727245741801138,0.8672745534648638,0.7182645312976458
Cruces,E08,Control,500,895.984,66.96548152645583,31.21378453006586,0.5345123844526788,0.7318807615468174,0.23349939355757038,1.8304622281104759,2.130833417277307,1.9085300516239123,1.9141683560103955,1.6627023569984536,1.913631076919576,1.7094663185536225,1.756446341983473,1.6422277352570913,1.7400728185003853,1.4512139072192063,1.619825312890785,1.5455341104546203,1.7034365796227313,1.5643696270323941,1.7028670632931657,1.5836537952783858,1.6918661058370963,1.497885426528353,1.668161178542892
Cruces,E09,Control,496,903.8145161290323,66.38530243680458,32.57807825510429,0.9440044583947054,0.5704033857264545,0.32980512046608323,1.2776351691112926,1.8825170649473337,1.1001213975025363,1.775809015752906,1.0775390131704743,1.7959200227340526,1.0775839399286344,1.7838731953266505,1.1212464318414734,1.811839235343502,1.1874322663565453,1.7435256581803156,1.103396986791446,1.8372410110635968,1.0142452499315702,1.7859468888890835,1.06410911258844,1.9022802268359509,0.9773412829600077,1.7120888064251594
Cruces,E10,Control,477,939.6058700209644,63.856561473654146,30.13268638870216,1.6270414537283893,2.0727737394053456,0.0719272911002693,1.33088074775932,0.9796652444240438,1.1891807868576167,1.106316980492297,1.4825317547134078,1.199226959847956,1.640824226254771,1.3498302136944431,1.9025108335207577,1.3897213201393992,1.8718021769015913,1.4626024527268182,2.0605135317943173,1.5547095700414866,1.9205923410710233,1.5101934083467867,2.0395956331326364,1.56467822786609,2.0748011621233338,1.5998013366251473
Cruces,E11,Control,521,860.510556621881,69.72604756360326,45.983696775190374,1.6076634611938447,1.671538734534787,0.09799443067417046,1.6618969079170705,0.9924003769011348,1.560787403316917,1.0971224140032516,1.4622370220494136,1.189074717350775,1.5631183779546505,1.2582170634634406,1.554431282921889,1.3261308979917537,1.5783133689301707,1.4342630742455713,1.6307772284690958,1.4822918510713032,1.6950757975959176,1.5826956665230736,1.4595265997909004,1.5962210770824823,1.4904346203724874,1.5763746026519572
Cruces,E14,Control,463,967.9352051835854,61.98762032694118,63.40309537002984,0.6734520736551126,1.0012526140075881,0.24614811363613953,1.4653628845955837,2.0655370030927354,1.0633958124111194,1.951662488563283,1.1208899704115156,1.7270963917972786,1.0456059317631312,1.7182474270071142,1.1197060717279093,1.7320389392633977,0.9859972231701688,1.6900301894025656,0.9769925807252389,1.662535112204125,0.9709592760729531,1.745478538410346,1.0309626007276258,1.8363204346609805,1.0328245481301066,1.7537496923506979
Cruces,E15,Control,554,808.3610108303249,74.2242626699298,35.13425034948285,1.5786510900647523,1.5887508272911837,0.16648379493865767,1.2749164345670632,1.0121083960356965,1.5414297776096884,1.1508095666206402,1.7885021373577485,1.2363743084058132,1.5655571434075202,1.228289357396666,1.5875791186216013,1.2618414311285737,1.5333778737240564,1.3930086853262449,1.6007798496909857,1.4973129250926345,1.5151272329628591,1.414660839581904,1.5362345084108053,1.4959498617137938,1.3819746999753741,1.4764203224387125
Cruces,E16,Control,437,1026.4897025171624,58.451633613924955,42.652296034579344,0.1998278582251792,0.7405137544736309,0.2046342345862532,1.4536773583659386,2.2564053095117793,1.198242129616951,1.9666491849145604,1.039852593461187,1.7235345560305044,1.2567903601653503,1.6898680831255035,1.2039728043259361,1.5081529138182346,1.4181349669755494,1.4897017258959606,1.4208746947166697,1.4134161377893557,1.3798078518902839,1.4373354960054117,1.524338581916096,1.3364618991508255,1.5550438403683016,1.3667851097726744
Cruces,E17,Control,458,978.0393013100437,61.3472279893379,42.742404153939276,1.3821196917835434,1.7970830602874555,0.16226566558001732,1.3724830666613421,1.3579157131248747,1.343204383389803,1.3897497867304967,1.4521729354774833,1.4367968129080164,1.5757333856827092,1.4414099090640626,1.3387758431554082,1.4931833254385705,1.4058853705970604,1.59044339981919,1.4649746707625315,1.5409865093451323,1.562710836026131,1.6507508841099245,1.6896753431147753,1.5696033927046955,1.9572739077056285,1.6251643555902948
Cruces,E19,Control,469,955.091684434968,62.82119400452741,75.81941345291884,0.3168585494290924,0.5184477770546126,0.34726166864728053,2.0260821308548134,2.2810251061481313,1.8728952722919046,1.910613662408208,1.772063219252331,1.7895412921921716,1.4508990876929522,1.68147635365324,1.5283420187759054,1.5102484105509186,1.3606376275265268,1.5747414060149019,1.3957731050744344,1.4534089448108445,1.4884679858491978,1.4138943004898776,1.4371920076288873,1.4425065974997853,1.3598027456729143,1.2282974163556781
Cruces,E21,Control,476,941.7352941176471,63.712170898528996,43.78268456241874,1.529016603456508,1.9034265791472333,0.08529286766648507,1.3366365958130306,1.1002665785800672,1.6303154974556555,1.2273301959314649,1.5533484457830569,1.2815070267413555,1.341173925839421,1.392229183224232,1.3127602770737414,1.4480650747716368,1.5539252025038415,1.4425555856358585,1.5726586609308038,1.5227453322974245,1.835909253840985,1.5539390808821973,1.826048542706687,1.6241046227040676,1.9798117007309946,1.7574872765107186
Cruces,E22,Control,724,619.2182320441989,96.89637173945047,76.09371741702239,0.08107070847482606,0.25658668851102223,0.4384167256502797,0.4284525249693935,2.1479326761964965,0.5045424164014823,1.823230621011673,0.5766639453417463,1.6024793779594457,0.6100977738876705,1.5131655308095244,0.6483351861135174,1.3996757633884431,0.7129627445504116,1.3355305773966524,0.7501632109760814,1.2410878793236917,0.8071285873073901,1.2016846156106178,0.8539286347854005,1.165089579007472,0.8883726674483073,1.142771087344226
Cruces,E25,Control,543,825.1344383057091,72.71542334749847,22.195590882410446,1.410829004552217,1.8806867043080133,0.12001619457044145,1.2182105869887083,1.2534278022960168,1.3896444480051726,1.3942672820114173,1.466337068793427,1.4194136268077948,1.414329063237871,1.3889071556347623,1.3995395878699113,1.4901097289686265,1.4313531776764645,1.6023277311985717,1.4921866502547523,1.6397195633582395,1.4421144312175809,1.6830917184496166,1.5987616544427585,1.6986171934196215,1.3725955167617288,1.71840153841314
Cruces,E26,Control,623,719.8619582664527,83.34931344960911,33.52745499740112,0.28130827524521224,0.6081692250369826,0.14493093839585364,0.8090667124831641,2.1784810911600263,1.034370019939756,1.9122279901139958,0.9187006942134075,1.7174404796901548,0.8689001002845457,1.6146984504869255,0.9149199297403763,1.5697352998606713,0.932885344213006,1.5191866807393613,0.9997962574037308,1.4796028697503942,0.9768906894327978,1.439589756260179,0.9210516151362921,1.3766795065930009,1.0185695809945732,1.3307199334583308
Cruces,E28,Control,424,1055.617924528302,56.83874686649597,36.850156736087236,0.6382350272092935,1.1810263788348792,0.1031355015663984,1.8602272685055157,2.047226362754358,1.4825317547134078,1.9247509829820635,1.452350826818687,1.830047599479199,1.410199881973445,1.7301028616392944,1.5040773967762742,1.7168136371476388,1.4831019207897191,1.7222557216476344,1.8292425624827955,1.659084021042457,1.8237622003142289,1.7112631611726947,1.8841327893590702,1.5858788361399718,1.6302719993369423,1.722899137996431
Cruces,E29,Control,662,676.9516616314199,88.63262091033646,14.509032773778133,1.295899630656324,0.9834043199611053,0.11787479426744224,1.600425459393019,1.4079484295419995,1.8489178830680035,1.4389723520461637,1.5117439412744993,1.4563347213894755,1.670681537674819,1.5002588354397204,1.4841802023610111,1.439186811393447,1.6614695705277034,1.4740923188733592,1.6926267317060806,1.4937628026807939,1.5453133842645617,1.4836728912198847,1.6234024527844728,1.546335280609177,1.850768022356165,1.4876397430972832
Cruces,E32,Control,361,1241.7340720221607,48.31952456800203,45.335002141898144,0.5710878710973826,0.5483004525751745,0.4613474508994276,1.584624942491664,2.011130478531728,1.4817502179584887,1.8676068776238255,1.53305069765952,1.7868026379443112,1.501896370829914,1.7329034392693423,1.3862943611198906,1.740421789719214,1.3662782964134208,1.7904931661105359,1.3119299458310283,1.8887564645260309,1.2310014767138553,1.9100935633473692,1.23985956365946,1.693569199824098,1.238776726520628,1.7088819141996963
Cruces,E33,Control,383,1167.0548302872062,51.411466233539606,57.338113758951586,1.4634738764030808,2.0040300768069876,0.11850810218816278,1.3579784410026028,1.2354295479412938,1.472089721282877,1.3337086763073949,1.447279798383141,1.3832741841984648,1.455287232606842,1.4294930445345464,1.3581234841531944,1.452678114751975,1.5432981099295555,1.3943727580918426,1.4777285670795224,1.4212154686025837,1.6392908755837816,1.4212367819403662,1.5362345084108053,1.6271848201596082,2.117181869662683,1.761723045619106
Cruces,E34,Control,482,928.0041493775933,64.65488332163346,27.84348861056649,1.7042256790917811,1.86211368129112,0.10328654133751253,1.490148955485525,0.8476225622441085,1.5138672820488006,1.016227897705711,1.42024596159316,1.1259142758068983,1.3383966557334783,1.2108822582862848,1.3560242968171343,1.2609589328206006,1.3536827755311298,1.3135386658829444,1.3051481035826589,1.420550409598383,1.2878542883066382,1.4901400767129338,1.3015531326648,1.6748283219939781,1.4315509527080115,1.6328941190691595
Cruces,E35,Control,469,955.8848614072494,62.769066048047115,62.91436627677759,0.039785747392092806,0.2655703508101867,0.31072988087596176,1.6056111552854735,2.114578577673122,1.6077122864666307,1.8552334873758234,1.5640574216736631,1.690362830489753,1.3452226208038782,1.5268596433741226,1.3733652899210333,1.4807948988074358,1.3851521565411136,1.4411067990871302,1.454004358793953,1.2352735686748575,1.3119996650369548,1.2671941930986037,1.3432290576890542,1.1869717642685915,1.3862943611198906,1.1409902887387047
Nagoya,SUB-001,PD,14000,742.2537857142858,80.83488579618465,59.31924288598678,1.7350611098445614,1.9554740887037352,0.030457572720096325,0.7338578124430182,0.3687030940372278,0.9072032235766154,0.4882269983378505,1.144375909884981,0.5687060341757114,1.2843446832471122,0.6333207368306534,1.3957348547562765,0.6855698212593877,1.4180416048625697,0.7340248411178857,1.4360118790549525,0.775823748299663,1.4275523976316684,0.814776628445446,1.4414519591454449,0.8541230335138645,1.4310382549292822,0.8784757796791604
Nagoya,SUB-003,Control,14000,911.2612857142857,65.84280594447664,194.09451285700595,0.606695626899657,0.9561150386514006,0.030510151147406347,0.39195318714190874,2.02267639763395,0.6147689859947673,1.9091707221617062,0.7536748782999826,1.833543940610743,0.8943147885090664,1.7536944951052027,1.0027658648080005,1.7206785017577202,1.063863129751188,1.6673705925035218,1.095529343201436,1.6351655323180854,1.118285510143325,1.610956038015703,1.143851468284629,1.573570073843803,1.156702178047826,1.5361224986685735
Nagoya,SUB-004,PD,14000,904.0014285714286,66.37157653037842,81.68451257780215,0.9285116676955316,1.3206906747648068,0.012608641163465302,0.5919642204811314,1.7731482197654793,0.4500725582253942,1.7229021983870985,0.3786621586104976,1.7008290439335152,0.4052166867574218,1.6902329676922774,0.44682921652297974,1.6588022676756025,0.4534434239591255,1.648371424866487,0.45231103395421246,1.6619027426094821,0.4639165344536663,1.638904530083822,0.46697065345457056,1.6405816192966924,0.462416318651121,1.6209360666535069
Nagoya,SUB-005,PD,14000,722.6164285714286,83.03160242096429,43.68864916289082,0.07283891142127444,0.33743536560644605,0.07452268672922098,0.24921064558772263,2.168111782299883,0.17614063679081554,1.858120232521449,0.2194295279966858,1.666945379921361,0.27050883281142934,1.5386068707020202,0.31114379290997995,1.4237204900641303,0.3469037209366527,1.3541450113440456,0.37919562265491147,1.293161001728581,0.4028917425570268,1.2275855466805787,0.4242254794220503,1.177030122124826,0.44583787054296126,1.1354500796113605
Nagoya,SUB-006,PD,14000,713.7722142857143,84.06043104387744,111.82294134720576,1.0779922312169747,1.414928570761009,0.017207111146033936,0.6652821128527022,1.5657141907141254,0.6148451975527933,1.5505013048048244,0.6763795508732654,1.5492011486304247,0.7347423789248109,1.547042558039724,0.8029996549935928,1.5493968096651571,0.8663760277832689,1.5477571432843862,0.8882651777117783,1.5509637221852077,0.9106454291286199,1.5743986162078716,0.9439717855541402,1.5430635818832605,0.9613684222310636,1.5375561784627285
Nagoya,SUB-008,Control,14000,1100.9692142857143,54.49743664170187,88.0566034259312,0.8527503684279165,1.1604013480057924,0.06098198370782696,0.8859774025047624,1.8474659702551877,0.7659925240379061,1.7623973894056586,0.7288059096199058,1.7173292233503625,0.6721263697764659,1.6976703568473492,0.695501678070933,1.6769439176230598,0.7426282136447597,1.6787377909722914,0.7635751025923282,1.665991637662569,0.7657248675281428,1.6480963526089614,0.7645488149542743,1.6436709511845127,0.7682249155856876,1.6249098580248074
Nagoya,SUB-009,Control,14000,756.1999285714286,79.34409636000457,57.04726348150734,0.10618083745350908,0.5496093217851874,0.07349674100280172,0.8346129921405046,2.2097916075592825,0.7088422482472108,1.8755183765355146,0.7114154609273939,1.680253403726568,0.790136198466686,1.5638331402066952,0.8906615014757727,1.4726842681787131,0.9372142457139768,1.3929031674797245,0.9695534025852821,1.3307592608631371,1.0060850470367555,1.2783041082842685,1.017885777778919,1.230777599484357,1.0248919334044013,1.174318673129914
Nagoya,SUB-010,Control,14000,998.6411428571429,60.08164236888755,94.56804134596057,1.3317472308869487,1.7267531654897408,0.014071863768274824,0.9598491690932585,1.0841763991785542,1.1027646138564307,1.1511065871265342,1.0277227248615033,1.1945988481347525,0.9919865627232245,1.2237839737751999,0.9824006210833963,1.2479685974890253,1.0140268993664385,1.2559640707977915,1.0022645337317913,1.2790808869266823,1.0079916831745155,1.298318788737512,0.984248995076403,1.3067520435201618,0.9686860860333951,1.309922313904275
Nagoya,SUB-011,PD,14000,826.6128571428571,72.58536990022968,57.05607459919393,0.5538410735039835,0.9782171191562418,0.009822311377332867,0.35129509606840925,2.100785240986182,0.40900352094969245,1.9078305512175948,0.48326778993984926,1.7931373045524233,0.5620007380629161,1.76283624702209,0.6243749580100187,1.6998757317212714,0.6737084980168498,1.6708454027647317,0.7227915777405092,1.625330847833088,0.7516382406538701,1.5964519493157798,0.7882462488614278,1.570073524806934,0.8091292655044396,1.5529789628755923
Nagoya,SUB-013,PD,14000,758.0326428571428,79.15226417407392,42.61324908926484,0.7091324453006453,0.9933765789004071,0.038477591679862415,0.638984622726875,2.008467264660893,0.7165572802030318,1.8605075677677652,0.7516639745051682,1.8035265469055892,0.7618857196853912,1.745900878806781,0.7682309371918797,1.6975081428352592,0.7499842525074469,1.6729671930329386,0.7578446456228639,1.6467372756415666,0.7305815543945879,1.633466552245416,0.7073181874889943,1.6066324487020847,0.6930892716506434,1.5844200223600742
Nagoya,SUB-014,PD,14000,907.0577142857143,66.14794081460245,109.64835029948516,0.9561696574649944,1.3271665185746602,0.008061613626149893,0.3893539883097679,1.7510518650210536,0.4641624808967393,1.6928296500350737,0.5433173660515943,1.655495170479009,0.6183544988449531,1.6401726731844126,0.6808391197226135,1.6403580307873542,0.738822629306712,1.6458056419957454,0.7854491969011338,1.642687998428782,0.8363936883598825,1.6194310244308572,0.8623776128646313,1.6159896010461423,0.888354639630058,1.6093067979815145
Nagoya,SUB-015,PD,14000,671.517,89.34993455117294,85.37524435704374,1.2091579372880603,1.3366726904444541,0.015894839991286696,0.6679342878566624,1.3098114338235638,0.9433759862401292,1.3587295618872617,0.9563986104373621,1.3822668301866703,0.9884433496215349,1.412063632804438,1.016843719130645,1.4242954388055074,1.045660177919212,1.438598567910587,1.0826875493024763,1.4730303704046823,1.1090924782676264,1.484085268379978,1.117180330631675,1.4768947620901158,1.120537468840341,1.4847699835984531
Nagoya,SUB-016,Control,14000,690.4615,86.89840056252231,62.26047566206353,0.8178220456877139,0.9287992599497601,0.02248899981420824,1.1426645945378062,1.8920801054773324,1.122923113830448,1.8239911902410135,0.9771298121639116,1.7603827393804632,0.7611755566311031,1.7366651892746001,0.7272899605890394,1.6991609959907976,0.776041702174094,1.6743861862984888,0.8290653634240803,1.6611953015167435,0.8126165415166163,1.6301204894138905,0.8073505652448257,1.6242921947271656,0.841356294061377,1.6206039012872724
Nagoya,SUB-017,PD,14000,659.2138571428571,91.0175041830128,44.90265499638397,0.3092932837619243,0.6775387440644244,0.044329120761643165,0.729527091704325,2.1618360407005746,0.5940011331014794,1.91184591406424,0.5789491445636767,1.7611416409302318,0.5614456825508654,1.6704811187677697,0.6187810710273044,1.586461563505993,0.6752658795516773,1.5242137468714987,0.6964312557611352,1.4535421106863475,0.6953907058738256,1.403084272071079,0.7001951267971929,1.3676539093486777,0.7143965415626888,1.338918860878539
Nagoya,SUB-018,Control,14000,838.1327857142857,71.58770188051518,83.74134102936705,0.7517980187435354,1.0494737809918775,0.056005725388218276,0.8301485476224507,1.95296931076426,0.7934732441424841,1.8329775284255891,0.7778947468080248,1.773659345604864,0.8466141512115186,1.7313780391896756,0.8971606573709064,1.7017176242561547,0.9292713112214773,1.684119635585897,0.973850067840352,1.6710561385620248,1.0122768664903532,1.637773513901369,1.0302662058978398,1.630713486507729,1.0503365114910965,1.637495042917574
Nagoya,SUB-019,Control,14000,907.8169285714285,66.09262078249414,65.11834621174738,0.7719523678145201,1.065967766293404,0.034255845976119484,1.0176739248666289,1.9539221599589516,0.7826095532704721,1.8311680562046682,0.7493527400211458,1.7822596293455242,0.7305655908087088,1.7498996567389444,0.8088022112270523,1.7033818501806899,0.9036710366524502,1.6863594422321138,0.9062324807233805,1.6805644621659355,0.9285724335851736,1.6584664399435187,0.9386124542705326,1.6316854199182131,0.9580384361517797,1.624381219028774
Nagoya,SUB-020,PD,14000,685.0135,87.58951465920015,88.72949234745225,0.8306348653476631,1.124320134065175,0.02464906236674889,0.3344070091424823,1.9003014166400576,0.5788353704415132,1.8026129608454768,0.7102614918219394,1.739957932619368,0.8197354666249433,1.706907705582186,0.8937079089403924,1.7019021614869223,0.9504708264335963,1.6804886933503347,0.9876361482452044,1.6499800812329992,1.0226432686852318,1.656827562959566,1.0509105411488002,1.666141231369024,1.0767059800208199,1.6465931477778122
Nagoya,SUB-021,PD,14000,849.6229285714286,70.61956308180747,119.74962821695541,0.9052736435687563,1.1610320594643497,0.00919100600262735,0.6590697282028896,1.8064011628611254,0.6404769496381487,1.749988477768807,0.6317381950267096,1.7057661271131759,0.6493172535034327,1.691057680237555,0.7025082514514666,1.6692969541341416,0.7651219396047065,1.6737436097361622,0.8249168257313111,1.654395779524549,0.8684921484062278,1.638303217660063,0.906747776469008,1.6277803801737327,0.9359700862081566,1.6493435517449042
Nagoya,SUB-022,PD,14000,587.0080714285714,102.21324530339265,32.903318022292275,0.49234460438841254,0.7810569136580261,0.2098220506513825,0.17619818961747818,2.1515759939197032,0.24076736729400777,1.913736681217667,0.3099653512784875,1.8039970339698506,0.3649228647375666,1.7052373831373862,0.4079322963572223,1.6632624813783259,0.4317377264235582,1.6303051203075516,0.4373175885883887,1.6058558158527185,0.4324226782552829,1.5808630544925133,0.4260674339084556,1.5499567548412285,0.4235641799498458,1.5309885421046427
Nagoya,SUB-023,PD,14000,682.0808571428571,87.96611042762841,64.84307821552558,0.2309763921374762,0.464899838559243,0.2146220810705388,0.389505310912645,2.1660480794703916,0.4328811118873878,1.9000211145877375,0.4932509870011741,1.743702174994931,0.5250870524670441,1.6335979064570099,0.563772659594662,1.5550059979398607,0.5970248712051036,1.4913972583327773,0.6109134577235957,1.4185187198048979,0.6090674834214649,1.35036903274215,0.6127424421749288,1.3125308617676827,0.6139945636633556,1.274756219634629
Nagoya,SUB-024,PD,14000,572.0679285714285,104.88264942562391,45.101175559564666,0.3049071083832198,0.5733690777827184,0.0942830684883625,0.3309811314286069,2.1650719511320013,0.4125774977107344,1.9206938424174647,0.4785489973833775,1.7817265907282913,0.5281619134260079,1.685939274625613,0.5636542258089433,1.6081580700862679,0.594379371100845,1.5392492375747089,0.6219589819253798,1.4853675066095677,0.6464240780031523,1.4371338798119204,0.6647034906252045,1.3884430110306052,0.6814287161166142,1.3538984031978032
Nagoya,SUB-025,Control,14000,911.1430714285714,65.85134857682301,203.37313684469572,-0.4414961991221403,-0.023383893903526277,0.442035170388916,0.5166624109905731,2.142797864184487,0.4588367585099794,1.6899023359824585,0.4832330442174322,1.4179588926710667,0.5382905717611455,1.2236053742278077,0.6100075908614302,1.0874955470457868,0.6470022845285007,0.9712362280855448,0.6573308701251946,0.879383892375914,0.6555917467257253,0.799315448714493,0.6500583564722312,0.7231137064899452,0.6477529108505378,0.6665632315310401
Nagoya,SUB-026,PD,14000,900.5447142857142,66.62634186642275,102.75037144447603,-0.06658147229880258,0.16397957743270855,0.08365599234502198,0.32990627903704306,2.1681821623094737,0.38446615006072876,1.8183849408714448,0.4393005593773042,1.5941056188754883,0.4242851674349343,1.4558391106994002,0.44418619329470566,1.3485250871060732,0.44536309188209106,1.2519191888156487,0.4615321146834692,1.1776291825637732,0.4444558034551266,1.106939143457746,0.46014839450209544,1.0529049903569037,0.43792551073471847,0.9976900897508045
Nagoya,SUB-027,Control,14000,829.9015714285714,72.2977303160392,85.10292712509693,0.5652620471431362,0.7753862627360706,0.028426705726224483,0.3189665830024298,2.0946707915544986,0.30826386366874586,1.8931915705277433,0.28684196967983366,1.793891594451969,0.3551325425149233,1.7199540608996446,0.3961821843529078,1.6728872328376603,0.41863420957849357,1.6292324474891655,0.4502993342007486,1.585574943083247,0.4860116085206016,1.56152694905104,0.5147488243898218,1.5280214863450876,0.5459405481534024,1.5057056511713192
Nagoya,SUB-028,PD,14000,593.9123571428571,101.02500693644915,87.83045585151517,0.12224490532311104,0.5689433437369715,0.22893685700022187,0.17335080140583972,2.1999329344033005,0.26333522730019604,1.8804495775019407,0.32835509852072275,1.6908923296108807,0.3816032242454979,1.574786074832666,0.43107957551502557,1.4669688385716615,0.4746588928610264,1.3832832437441736,0.5074918197325895,1.3165039549670283,0.5352765738644555,1.2611123678085736,0.5546170717587727,1.2070324406336648,0.5685138117807312,1.1663835269408562
Nagoya,SUB-030,PD,14000,776.2259285714285,77.2970829645235,87.59089260892556,0.15945885626432083,0.5943272980258659,0.2935734882991543,0.5174477414427727,2.180162098026036,0.539395113541233,1.884608287782508,0.36946133679273546,1.713943747490612,0.3571284302516894,1.5903843073027,0.328689315913938,1.5006884401326415,0.3419723967012591,1.4284630506537848,0.3735514263092559,1.3441745783930852,0.40931128489870766,1.2961447043765117,0.42788204163164206,1.2513667839213556,0.4450000041675711,1.2011920880130706
Nagoya,SUB-031,Control,14000,1044.6817142857142,57.433761096339396,125.56972493248429,0.376371022808035,0.7336633841365051,0.0943449723934371,0.571672129674591,2.1611543778119406,0.5861327226686349,1.9123609223264146,0.6407385204120039,1.7736523651753675,0.7419395815180645,1.6787739154691523,0.8343897135909931,1.6027228287165574,0.895546258867326,1.543628637086042,0.9475081011857138,1.4970363329250116,0.9882295488168822,1.4620851098555552,1.0098932995035712,1.4202098300685577,1.0191103792147564,1.3779883331083118
Nagoya,SUB-032,Control,14000,961.0098571428572,62.434323179976296,120.40706508134211,0.7187339023868718,1.093619033297697,0.046429125891421265,1.173673384367344,1.9723544393004542,1.1548396428056176,1.8633212487475366,1.1943878812311215,1.8041681173371142,1.252046892560724,1.7535434520097624,1.3048482275698818,1.721376418974984,1.3544245363289333,1.6680123647593446,1.3457027972755866,1.6346271588549819,1.3430893030245918,1.619093012462686,1.3602446960747463,1.6123040975864102,1.304860147350016,1.620289853215888
Nagoya,SUB-034,Control,14000,900.123,66.65755680057059,119.35692937888643,0.551377151712846,0.8966501421000536,0.03176579775043695,0.946259092307772,2.0867044367467806,0.9317627458013851,1.904771011166665,0.928700602924156,1.7944247348952906,0.9930895902798935,1.7371283941827762,1.01817525399336,1.697270233546159,1.0178728042554477,1.630670005878885,1.0233311290431393,1.6056991632783955,1.0164090463888957,1.5717266230988765,1.0042060480137482,1.5363309426570284,0.9844148611998447,1.5128738980315923
Nagoya,SUB-035,PD,14000,707.0302142857142,84.86200276549103,108.18939714520873,0.03936227769630713,0.5907344550836456,0.06235431699217273,0.19589582604206238,2.174223782637615,0.3145434536580007,1.8627203285142622,0.34357246393578794,1.648208429146621,0.32065792792624265,1.5267880974693206,0.32876899875365234,1.4250826267214396,0.343198623372807,1.3436472038314025,0.3547219887811927,1.2673597105468402,0.36518253452142063,1.2089905943561583,0.37463717534905006,1.1654656024099592,0.38227581330397387,1.125743778323918
Nagoya,SUB-036,PD,14000,887.7216428571429,67.58875429339457,82.78702017523374,0.4759285776190324,0.8875098544114988,0.020666302059074496,0.5642605683464648,2.126494974062815,0.4990435054949422,1.9207528977529862,0.511277112464156,1.7977003373338123,0.5659645070990061,1.7194328169315376,0.6208005810181164,1.634805382750044,0.6358255813410445,1.6135892997233172,0.654095718963374,1.5641812183440378,0.664942964147681,1.5145114646364168,0.6724136173994695,1.4746750516334526,0.6672114367383113,1.4580665007955627
Nagoya,SUB-037,PD,8647,758.4569214756563,79.10798662534954,94.14749386898225,0.6607239721251674,0.9390795848497181,0.029254068675425647,1.1065859958749702,2.014491948864278,0.592500861287244,1.8881349610536697,0.524612767767414,1.8045243036556426,0.48795059797546225,1.7445326230512477,0.5290780000624239,1.7202780136779634,0.5257431944773964,1.678235558004476,0.4939159688602312,1.6403299230112978,0.5059257977060846,1.624435543677697,0.5148844089276873,1.6186344968568698,0.5220062729555748,1.588284263188303
Nagoya,SUB-038,Control,14000,975.766,61.490152352100814,119.63915655711843,0.6534170508118303,1.023546386231529,0.057637667568460844,0.9217693274981354,2.0644170658902286,1.0007572415434833,1.8811245722337464,1.124806787409252,1.7981322550437984,1.216770588375575,1.734834874383142,1.23483659634042,1.6918210765935866,1.2664458978608106,1.666635976787817,1.2580938024728006,1.6549322870674998,1.2769737532819159,1.6387127762470612,1.28407377374498,1.6124970357880495,1.298791130446813,1.5739351490583502
Nagoya,SUB-040,Control,14000,803.9619285714285,74.63039960936317,88.52020129970605,0.7143725974397342,1.0543894458321983,0.011390827595591407,0.523359414464703,2.005885682990772,0.4839388598612962,1.889954967848223,0.5164155746032943,1.81166330949774,0.6038737698482001,1.771221796019052,0.6757658172408298,1.7354594088697357,0.7195491992140561,1.7142863798369865,0.7607485105498877,1.6754914751234073,0.795308029730798,1.6623179706779592,0.8031030339490148,1.649134385444852,0.8190925498461797,1.623523116363016
Nagoya,SUB-041,Control,14000,845.2305714285715,70.98654737321041,103.32602077958275,0.9541544522925688,1.2728920038275349,0.028966319677031657,0.9185247479340342,1.7547603779598562,0.9380121267764283,1.6996975703203967,0.9952449046969888,1.6777561061810993,1.0872733097875917,1.6636615139085038,1.1429886710036057,1.64607354243722,1.179070605867986,1.6441700880638974,1.1468060205691424,1.64615702833838,1.1418540336418277,1.6268352550213916,1.1524977743631464,1.6262467043851718,1.1947743582138466,1.617805707829412
Nagoya,SUB-043,Control,14000,967.3196428571429,62.027066692019,90.85085205809023,1.113570692936012,1.4079549017158113,0.04575611862267512,0.9616654851237272,1.5047233429338787,1.0484872802133682,1.501175388232501,1.0071746372115873,1.498827466157458,0.9968356070630127,1.5092639530373877,1.0337400186440269,1.5086743218757401,1.011517524490873,1.5233840187402887,0.9830167563788945,1.538998746470967,0.982031143891983,1.5336103133848311,0.9784574237299484,1.547536687754583,0.9672683037024129,1.5565143429250023
Nagoya,SUB-044,Control,14000,836.6605,71.71367597729306,119.13792583204666,0.6359962079056293,1.081817257351321,0.0191618028988519,0.4490612116362232,2.0517017934921875,0.4762450116402558,1.902237879331107,0.549006880807663,1.8166196928851044,0.6330106993633425,1.7526403327454687,0.7133197067723758,1.721139373423241,0.7613497080935167,1.6820755808230459,0.7992710475974784,1.656196884069664,0.8126952470110091,1.648807268179479,0.8156743516793056,1.6158016153551003,0.8304812903685999,1.5904895929995033
Nagoya,SUB-045,Control,14000,743.4293571428572,80.70706304979885,68.40161595589039,0.4852674501338006,0.8780145469862947,0.13117436508332195,0.593550073790358,2.1146207017332137,0.5489472584572265,1.9171535806850233,0.6589790749874457,1.806028745775798,0.7585507318090465,1.733446266164246,0.8294375156776055,1.6768248863268767,0.8724336858871526,1.628362826167279,0.8822035548625036,1.5674173593657927,0.8883020574906555,1.5384519070922051,0.8979948824868322,1.5046406747729655,0.8997658713965365,1.4786130297923241
Nagoya,SUB-046,PD,14000,837.8418571428572,71.61255968352704,70.35721914934261,0.7336195255490305,1.0999789653835967,0.0467943808347751,0.5388309789248109,1.9901155734961185,0.5977159838158105,1.8655814745267698,0.640549099794292,1.7958609337222604,0.7521185296952183,1.7577075519845409,0.7963354849448189,1.7148784611657426,0.8586584332512228,1.6839132240351564,0.8861579019280746,1.666556857021842,0.9292889448430796,1.6508794663413242,0.9682323004233357,1.6151325672383408,0.9990745051448774,1.6188456636591806
Nagoya,SUB-047,PD,14000,764.1686428571429,78.51669989449785,49.00530026265972,0.30752240987315976,0.6688282773140058,0.056694843241547783,0.336223331095328,2.136202518642095,0.29823674285877866,1.9049757099927742,0.33209049800068063,1.752418863659951,0.357457157468753,1.6550848586194042,0.38144868028127304,1.5719958732243375,0.4067320195210535,1.5160636084714827,0.4252442235952785,1.4502977852437091,0.4394350032470531,1.4099274151533552,0.4498001107066421,1.3700940631147869,0.4654940387397604,1.3416750881472475
Nagoya,SUB-048,PD,14000,655.1598571428572,91.58070255045715,74.92722294164234,0.19277695700025652,0.5925796662541104,0.21209102695726445,0.22757741814432894,2.1701307568764308,0.15572300268872197,1.894549578660773,0.17780314071253023,1.7176986045670526,0.19099275938554558,1.620892780120667,0.21316312449874877,1.5383253011586315,0.23355959729547407,1.46016207231232,0.24517002830157605,1.4088881753468494,0.2548089003156567,1.3483207921116325,0.26331009672845557,1.2948885234983483,0.27317038744576533,1.262317689197012
Nagoya,SUB-049,PD,14000,766.7575714285714,78.2515911622653,113.19138138765848,0.57300678142063,0.9917648319046282,0.019230671270735227,0.7315317822258697,2.0591230530991376,0.7592189286329791,1.9088048799709725,0.7869813605445147,1.8142095139062704,0.8566716449273245,1.7416710799214767,0.9384606256418605,1.699617813817998,1.0092599770451531,1.649707371254283,1.0326251526017753,1.6210144879633726,1.062752043032307,1.5823117843516856,1.1056155121789877,1.5602859941656018,1.1271255547238404,1.5260428812796594
