Dataset,Block,n,n_PD,predictors,n_params,CV_AUC,CV_AUC_SD,Nagelkerke_R2,Delta_R2,LogLik,LR_chi2,LR_p
Chile,Block1_Confounders,57,19,"Age, Sex",2,0.6276785714285714,0.16336114055949158,0.1194396597511221,0.1194396597511221,-33.7184955070077,5.125624171593017,0.0770876582506257
Chile,Block2_Conf+pNN50,57,19,"Age, Sex, pNN50",3,0.5961309523809524,0.1261272865149652,0.1506520931355153,0.03121243338439321,-33.00897741096011,1.4190361920951915,0.23356210626624097
Chile,Block3_Conf+pNN50+Complexity,57,19,"Age, Sex, pNN50, Complexity",4,0.7026785714285715,0.08663935336220144,0.2564124786477168,0.10576038551220152,-30.464376771787464,5.089201278345286,0.024075277563689705
Spain,Block1_Confounders,52,31,Age,1,0.6302380952380953,0.1868988473434815,0.061215881429789704,0.061215881429789704,-33.86992523961527,2.4123471907748666,0.12038174660117051
Spain,Block2_Conf+pNN50,52,31,"Age, pNN50",2,0.5873809523809523,0.22282025539243944,0.12451576612528152,0.06329988469549182,-32.56089949264081,2.6180514939489257,0.10565410728764574
Spain,Block3_Conf+pNN50+Complexity,52,31,"Age, pNN50, Complexity",3,0.6126190476190476,0.2394149141841144,0.1574827304558824,0.03296696433060088,-31.852123564908485,1.4175518554646445,0.23380677627597402
Japan,Block1_Confounders,37,21,"Age, Sex",2,0.34541666666666665,0.12173799279144078,0.006674797058103422,0.006674797058103422,-25.21530017114071,0.18454369733427,0.9118572286759054
Japan,Block2_Conf+pNN50,37,21,"Age, Sex, pNN50",3,0.6933333333333334,0.22125902367034786,0.2778963134773379,0.2712215164192345,-21.013611191283715,8.403377959713993,0.0037452441931650816
Japan,Block3_Conf+pNN50+Complexity,37,21,"Age, Sex, pNN50, Complexity",4,0.9041666666666668,0.12332207155790614,0.616395844086552,0.3384995306092141,-13.927024243713356,14.173173895140717,0.00016673074267320085
Pooled,Block1_Confounders,147,71,"Age, Center_Spain, Center_Japan",3,0.6486051587301587,0.06370606408169514,0.09261582725419103,0.09261582725419103,-96.51827394277367,10.578622364011466,0.01423693207062418
Pooled,Block2_Conf+pNN50,147,71,"Age, Center_Spain, Center_Japan, pNN50",4,0.637015873015873,0.08878352031467253,0.10387283968274631,0.011257012428555285,-95.84864493475675,1.3392580160338525,0.2471648609605345
Pooled,Block3_Conf+pNN50+Complexity,147,71,"Age, Center_Spain, Center_Japan, pNN50, Complexity",5,0.7144880952380952,0.05337843012604516,0.23289444816701063,0.1290216084842643,-87.70357386360318,16.290142142307133,5.434594250216817e-05
