Dataset,Metric,n_adjusted,rho_adj,p_adj,q_adj,delta_rho,flag,rho_unadj,p_unadj,q_unadj
CETRAM,SDNN,62,-0.27239303971191864,0.03220495286179812,0.018502867319995904,0.011583692175971383,,-0.28397673188789,0.02529958276516907,0.020237038104127757
CETRAM,RMSSD,62,-0.2654931882853618,0.03702036719359517,0.018502867319995904,0.02351993150512449,,-0.2890131197904863,0.02271261656204359,0.020237038104127757
CETRAM,pNN50,62,0.401123114502279,0.001233524487999727,0.018502867319995904,0.0029211049835058955,,0.3982020095187731,0.0013491358736085171,0.020237038104127757
CETRAM,SDANN,0,,,,,,,,
CETRAM,SD1,62,-0.2654931882853618,0.03702036719359517,0.11106110158078553,0.02351993150512449,,-0.2890131197904863,0.02271261656204359,0.08517231210766346
CETRAM,SD2,62,-0.2699755735186724,0.03382881941839415,0.16914409709197076,0.019440457304021552,,-0.28941603082269396,0.02251570826046151,0.16886781195346132
CETRAM,SD1SD2,62,-0.12578378786734154,0.3299858029568299,0.49497870443524483,-0.018080632570320554,,-0.10770315529702099,0.40471823725910194,0.5304263574821669
CETRAM,VLF_power,62,0.08634887059001285,0.5045659170570347,0.5110832790171703,0.029563596988240036,,0.056785273601772816,0.6611092294837971,0.5304263574821669
CETRAM,LF_power,62,0.13469819445493694,0.2965797251944469,0.5110832790171703,0.018483543602528282,,0.11621465085240866,0.3683834978414423,0.5304263574821669
CETRAM,HF_power,62,0.05441817128755257,0.6744266889744599,0.5110832790171703,-0.002719649467401976,,0.05713782075495455,0.6591345691272669,0.5304263574821669
CETRAM,Total_power,62,0.13857621313993607,0.28276132139990773,0.5110832790171703,0.015260255344866691,,0.12331595779506938,0.33963774033754546,0.5304263574821669
CETRAM,LF_HF,62,0.001838281584447634,0.9886863155940551,0.5110832790171703,0.07826546800634586,,-0.07642718642189822,0.5549185904444924,0.5304263574821669
CETRAM,LF_norm,62,0.16340560549973557,0.20443331160686812,0.5110832790171703,0.03283724912492758,,0.130568356374808,0.3117715315662305,0.5304263574821669
CETRAM,HF_norm,62,-0.07285135101105487,0.5736346258120412,0.5357797274012138,-0.09211553473848556,,0.019264183727430686,0.8818589295587291,0.5304263574821669
CETRAM,DFA_alpha1,62,0.08362922112261087,0.5181306818139378,0.5357797274012138,0.08043111480446224,,0.0031981063181486242,0.9803185917249275,0.5304263574821669
CETRAM,DFA_alpha2,62,0.1279997985444839,0.3214678364407283,0.5357797274012138,-0.032686157487849726,,0.16068595603233363,0.21217054299286675,0.5304263574821669
Cruces,SDNN,52,-0.0013660035857594125,0.992331700048306,0.37284797793818186,-0.011098779134295227,,0.009732775548535815,0.9454039252930122,0.4433086129130488
Cruces,RMSSD,52,0.05925040553231452,0.6765018681982282,0.37284797793818186,0.008452147186886368,,0.05079825834542815,0.7206143702860248,0.4433086129130488
Cruces,pNN50,52,0.31093656620848625,0.024856531862545456,0.37284797793818186,0.008920822917921567,,0.3020157432905647,0.029553907527536585,0.4433086129130488
Cruces,SDANN,0,,,,,,,,
Cruces,SD1,52,0.05925040553231452,0.6765018681982282,0.9225025475430385,0.008452147186886368,,0.05079825834542815,0.7206143702860248,0.9381782942057891
Cruces,SD2,52,-0.000597626568769743,0.99664507827617,0.9769909291066019,-0.016562793477332877,,0.015965166908563134,0.9105578382892652,0.9381782942057891
Cruces,SD1SD2,52,0.11175616835994194,0.4302462088384019,0.9769909291066019,0.02774694783573807,,0.08400922052420387,0.5537695778524239,0.9381782942057891
Cruces,VLF_power,52,-0.13753948604115085,0.33088512281655846,0.9769909291066019,-0.04934687953555879,,-0.08819260650559206,0.5341263093784441,0.9381782942057891
Cruces,LF_power,52,0.09493724921027918,0.5031926342325653,0.9769909291066019,-0.01152565525484503,,0.10646290446512421,0.4525375548445064,0.9381782942057891
Cruces,HF_power,52,0.027917698283957997,0.8442487443717931,0.9769909291066019,-0.022880560061470153,,0.05079825834542815,0.7206143702860248,0.9381782942057891
Cruces,Total_power,52,-0.02527106633654913,0.8588559437511611,0.9769909291066019,-0.017416545718432506,,-0.007854520618116622,0.9559283700103179,0.9381782942057891
Cruces,LF_HF,52,-0.06633654913344146,0.6403235594704599,0.9769909291066019,0.014086911978143948,,-0.08042346111158541,0.5708749668806832,0.9381782942057891
Cruces,LF_norm,52,0.21258430803380857,0.1302654572142136,0.9769909291066019,0.0218560573721506,,0.19072825066165797,0.17560945083262508,0.9381782942057891
Cruces,HF_norm,52,0.13267309826688292,0.34844170056262747,1.0,-0.007598394945786763,,0.14027149321266968,0.32127654510336545,0.9381782942057891
Cruces,DFA_alpha1,52,-0.13386835140442244,0.34407729927213027,1.0,-0.017416545718432513,,-0.11645180568598992,0.4110000499933144,0.9381782942057891
Cruces,DFA_alpha2,52,-0.0848629727653035,0.5497330475506358,1.0,-0.03969947921113291,,-0.04516349355417058,0.7505426353646313,0.9381782942057891
Nagoya,SDNN,38,0.7161615056351899,4.2935271475370174e-07,4.040572146425035e-08,-0.01072327388116856,,0.7268847795163584,2.3691062678205677e-07,5.479547257277417e-08
Nagoya,RMSSD,38,0.4489550279023964,0.004693735500787486,4.040572146425035e-08,-0.007878323667797227,,0.4568333515701936,0.0039368181665668835,5.479547257277417e-08
Nagoya,pNN50,38,0.5410876463508042,0.0004520661847255767,4.040572146425035e-08,-0.009191377612430274,,0.5502790239632345,0.00034453553840229793,5.479547257277417e-08
Nagoya,SDANN,38,0.49228580807528177,0.0016924105828176402,4.040572146425035e-08,-0.02144654776233723,,0.513732355837619,0.0009706066929828285,5.479547257277417e-08
Nagoya,SD1,38,0.4489550279023964,0.004693735500787486,4.040572146425035e-08,-0.007878323667797227,,0.4568333515701936,0.0039368181665668835,5.479547257277417e-08
Nagoya,SD2,38,0.7931940037203195,2.8861229617321682e-09,4.040572146425035e-08,0.00393916183389853,,0.7892548418864209,3.913962326626726e-09,5.479547257277417e-08
Nagoya,SD1SD2,0,,,,,,,,
Nagoya,VLF_power,38,0.25418535944851733,0.1235655327079483,0.2471310654158966,0.02669876354086881,,0.22748659590764853,0.16957716879564594,0.3391543375912919
Nagoya,LF_power,38,0.07057664952401796,0.6737141257787699,0.301956890904062,0.020790020790020805,,0.049786628733997154,0.7665907354668622,0.4646274574392054
Nagoya,HF_power,38,0.05919684867053288,0.7240631460961682,0.301956890904062,0.014443593390961816,,0.044753255279571066,0.7896266267342594,0.4646274574392054
Nagoya,Total_power,38,0.050880840354524566,0.7616082281944915,0.301956890904062,0.002407265565160299,,0.04847357478936427,0.7725819511558794,0.4646274574392054
Nagoya,LF_HF,38,-0.023525549841339317,0.8885051044438997,0.301956890904062,0.059962796804902053,,-0.08348834664624137,0.6182471708245918,0.4646274574392054
Nagoya,LF_norm,38,0.22595469963891016,0.17254679480232116,0.301956890904062,0.04070467228361965,,0.1852500273552905,0.2655014042509745,0.4646274574392054
Nagoya,HF_norm,38,0.12856986541197066,0.4417250805181875,0.6184151127254625,-0.017726228252544052,,0.1462960936645147,0.38079471959006517,0.5923473415845458
Nagoya,DFA_alpha1,38,-0.13841776999671737,0.4072394570535627,0.6334835998610975,-0.03961046066309226,,-0.09880730933362511,0.5550634955161393,0.777088893722595
Nagoya,DFA_alpha2,0,,,,,,,,
Pooled,SDNN,152,0.014225766988566079,0.8619063138591885,2.374605026609442e-09,0.02024002351027549,,-0.006014256521709414,0.9413785622504485,4.2264971508858156e-08
Pooled,RMSSD,152,0.17270142633560917,0.03336666124564405,2.374605026609442e-09,0.031069102440557966,,0.1416323238950512,0.08176579534813556,4.2264971508858156e-08
Pooled,pNN50,152,0.4899910469590415,1.4841281416309013e-10,2.374605026609442e-09,0.030647773918676513,,0.459343273040365,2.6415607193036347e-09,4.2264971508858156e-08
Pooled,SDANN,38,0.5157019367545683,0.0009205993135293664,2.907619647560729e-06,0.0019695809169493206,,0.513732355837619,0.0009706066929828285,1.2498411660047291e-06
Pooled,SD1,152,0.1725168980105113,0.033558643260303465,2.907619647560729e-06,0.030406167346687746,,0.14211073066382354,0.08072920399191454,1.2498411660047291e-06
Pooled,SD2,152,-0.04284474333476855,0.6002049884592229,2.907619647560729e-06,0.014611909594789467,,-0.05745665292955802,0.48198923481537426,1.2498411660047291e-06
Pooled,SD1SD2,114,0.008946760899941276,0.9247323167874859,2.907619647560729e-06,0.018978959518843284,,-0.010032198618902007,0.9156325301239032,1.2498411660047291e-06
Pooled,VLF_power,152,0.28776850579897345,0.00032450439883847037,2.907619647560729e-06,-0.00939044143275991,,0.29715894723173336,0.00020103137702076412,1.2498411660047291e-06
Pooled,LF_power,152,0.38131411504999346,1.2550327434037007e-06,2.907619647560729e-06,-0.001137924671437085,,0.38245203972143055,1.159626783445642e-06,1.2498411660047291e-06
Pooled,HF_power,152,0.2865212310089599,0.0003453879128466908,2.907619647560729e-06,0.008293523055789065,,0.2782277079531708,0.0005191167687773908,1.2498411660047291e-06
Pooled,Total_power,152,0.3265707119376157,4.02301763368759e-05,2.907619647560729e-06,-0.0005980084609654712,,0.3271687203985812,3.886680132829049e-05,1.2498411660047291e-06
Pooled,LF_HF,152,-0.19510111468777122,0.016009189859603305,2.907619647560729e-06,-0.023687969436641865,,-0.17141314525112936,0.03472661383891585,1.2498411660047291e-06
Pooled,LF_norm,152,0.3986768635652239,3.6345245594509115e-07,2.907619647560729e-06,-0.011286982551821645,,0.40996384611704556,1.5623014575059114e-07,1.2498411660047291e-06
Pooled,HF_norm,152,0.24587715881054406,0.002262876828213167,0.00012736309172429393,0.010029456188191538,,0.23584770262235252,0.003443429200893953,0.0004895834519566976
Pooled,DFA_alpha1,152,-0.33060299756012546,3.184077293107348e-05,0.00012736309172429393,-0.02822941654877359,,-0.30237358101135187,0.00015299482873646798,0.0004895834519566976
Pooled,DFA_alpha2,114,0.020554464267633302,0.8281569537163547,0.9464650899615482,-0.010716672404366055,,0.03127113667199936,0.7411842069213459,0.8470676650529667
