HRV,Clinical,rho,p,ci_lo,ci_hi,p_fdr,adjustment
Complexity (rcMSE nAUC/HR),Disease duration (yr),-0.14693635711456274,0.5034761241389898,-0.5480819664925455,0.27913749713087266,0.6473264453215583,crude
Complexity (rcMSE nAUC/HR),Hoehn & Yahr stage,-0.22756764093225842,0.2963488044185939,-0.5618368688517995,0.1686932795634805,0.5636729120141021,crude
Complexity (rcMSE nAUC/HR),Schwab & England (%),0.009970491131808337,0.9639868314453793,-0.35425667715708253,0.4439185122712219,0.9639868314453793,crude
Complexity (rcMSE nAUC/HR),CISI-PD motor signs,-0.2095655227850261,0.3372023432112645,-0.599573209408701,0.2773023999302102,0.5636729120141021,crude
Complexity (rcMSE nAUC/HR),CISI-PD disability,-0.20203394346000483,0.3552413241895759,-0.5521397079781938,0.22243442014797904,0.5636729120141021,crude
Complexity (rcMSE nAUC/HR),CISI-PD motor comp.,-0.4293221298525102,0.04091737995111668,-0.6891316686928353,-0.10199106066506626,0.3682564195600501,crude
Complexity (rcMSE nAUC/HR),CISI-PD cognitive,-0.08671086524313974,0.6940221806199203,-0.4781165463056826,0.35995677077831856,0.7807749531974103,crude
Complexity (rcMSE nAUC/HR),CISI-PD total,-0.3003543613578059,0.16376523492781414,-0.6281527672738797,0.1562268726847917,0.5636729120141021,crude
Complexity (rcMSE nAUC/HR),Non-motor burden,-0.198529772305252,0.3757819413427347,-0.5601711953998806,0.2580625937798156,0.5636729120141021,crude
RMSSD,Disease duration (yr),-0.0938208496440958,0.6702548358512617,-0.48703499634086705,0.32395025947949807,0.9302178016470679,crude
RMSSD,Hoehn & Yahr stage,-0.01995261306752029,0.9279997550820063,-0.4592195383186801,0.4597320240093187,0.9302178016470679,crude
RMSSD,Schwab & England (%),-0.15304703887325796,0.4856899333668432,-0.5450190274163267,0.2996280228592451,0.9302178016470679,crude
RMSSD,CISI-PD motor signs,0.019336469683406396,0.9302178016470679,-0.37983986569689654,0.41620879997660565,0.9302178016470679,crude
RMSSD,CISI-PD disability,0.12678660737541117,0.5642954397259556,-0.318794064207114,0.5823265290079496,0.9302178016470679,crude
RMSSD,CISI-PD motor comp.,0.07524733608459362,0.7329280352441012,-0.4299502450935463,0.5017511992979758,0.9302178016470679,crude
RMSSD,CISI-PD cognitive,0.4256715202845042,0.042856552967737264,0.0026789275417233595,0.7058226011374997,0.3857089767096354,crude
RMSSD,CISI-PD total,0.18846738899769605,0.3891230853942693,-0.24914138272877984,0.5797075750633927,0.9302178016470679,crude
RMSSD,Non-motor burden,0.16591825351159392,0.46055257365129043,-0.31399045511701634,0.6467093308939051,0.9302178016470679,crude
DFA α₁,Disease duration (yr),-0.11566274056653082,0.599211464529879,-0.5040293526558052,0.3174361780093071,0.7191175108069934,crude
DFA α₁,Hoehn & Yahr stage,-0.18334833629613237,0.40236498424361855,,,0.7191175108069934,crude
DFA α₁,Schwab & England (%),-0.030409997952015426,0.8904462592439171,-0.46249759555446285,0.39410038927475316,0.8904462592439172,crude
DFA α₁,CISI-PD motor signs,-0.2654845026802824,0.22082613547660213,-0.6252181610609067,0.1490607774237694,0.7191175108069934,crude
DFA α₁,CISI-PD disability,-0.24429614591847523,0.26127025525105724,-0.7059946234245382,0.2145226251559396,0.7191175108069934,crude
DFA α₁,CISI-PD motor comp.,-0.19121069648893313,0.3821291681371233,-0.5936019670682825,0.27395320828569053,0.7191175108069934,crude
DFA α₁,CISI-PD cognitive,-0.10878272185048442,0.6212492615932883,-0.614863892876628,0.356343446045199,0.7191175108069934,crude
DFA α₁,CISI-PD total,-0.21780663952768042,0.3181022641446478,-0.618490790137386,0.2648066704573649,0.7191175108069934,crude
DFA α₁,Non-motor burden,-0.1058444031022237,0.6392155651617719,-0.5442222354971522,0.42480218331545433,0.7191175108069934,crude
Complexity (rcMSE nAUC/HR),Disease duration (yr),-0.09110052748951417,0.679313760470653,-0.4929861626543176,0.3185288384566614,0.7735254912342535,age_adjusted
Complexity (rcMSE nAUC/HR),Hoehn & Yahr stage,-0.19820700884021625,0.3646191150181318,-0.5339464651121507,0.19650199910280153,0.6710906645058167,age_adjusted
Complexity (rcMSE nAUC/HR),Schwab & England (%),-0.06348318576253002,0.7735254912342535,-0.471770931171719,0.35284583736791564,0.7735254912342535,age_adjusted
Complexity (rcMSE nAUC/HR),CISI-PD motor signs,-0.17548537556859997,0.42318410128069983,-0.6063346318274618,0.2817065471668589,0.6710906645058167,age_adjusted
Complexity (rcMSE nAUC/HR),CISI-PD disability,-0.16660103147303626,0.4473937763372111,-0.5122871694094094,0.28718889745300885,0.6710906645058167,age_adjusted
Complexity (rcMSE nAUC/HR),CISI-PD motor comp.,-0.4272299849591814,0.04202009813084591,-0.7317204363938467,-0.09100759358370923,0.37818088317761317,age_adjusted
Complexity (rcMSE nAUC/HR),CISI-PD cognitive,-0.06560470038029538,0.7661582918443782,-0.43827392309000246,0.38880881929237254,0.7735254912342535,age_adjusted
Complexity (rcMSE nAUC/HR),CISI-PD total,-0.28615181713269894,0.18560730625014868,-0.637321052842429,0.14858118129941456,0.6710906645058167,age_adjusted
Complexity (rcMSE nAUC/HR),Non-motor burden,-0.18452794919261717,0.41102788190888306,-0.6148522759286562,0.299273972858482,0.6710906645058167,age_adjusted
RMSSD,Disease duration (yr),0.0736134370454589,0.7385280076700734,-0.35251367958404767,0.44334219330466174,0.7385280076700734,age_adjusted
RMSSD,Hoehn & Yahr stage,0.12914137089287683,0.5570225147239382,-0.33752797448882965,0.5645886977286085,0.6266503290644304,age_adjusted
RMSSD,Schwab & England (%),-0.31669323696521323,0.14093592454140258,-0.6325925512326683,0.09105381954862032,0.3171058302181558,age_adjusted
RMSSD,CISI-PD motor signs,0.17916939377793314,0.413357986805053,-0.19734645225083,0.4919822065407764,0.5314602687493538,age_adjusted
RMSSD,CISI-PD disability,0.337409974717986,0.11537156669144089,-0.046926670264542905,0.6072538677552703,0.3171058302181558,age_adjusted
RMSSD,CISI-PD motor comp.,0.19660996444426884,0.3685745904728115,-0.2098322821092016,0.5184076156288809,0.5314602687493538,age_adjusted
RMSSD,CISI-PD cognitive,0.4837533991716449,0.019347940574311297,0.08656798845244609,0.741985332212888,0.17413146516880168,age_adjusted
RMSSD,CISI-PD total,0.37489723768727945,0.07796546144735726,0.03749342384387278,0.6268684872371075,0.3171058302181558,age_adjusted
RMSSD,Non-motor burden,0.23997120554092427,0.28207056754867466,-0.24891998532058204,0.6939863315828809,0.5077270215876144,age_adjusted
DFA α₁,Disease duration (yr),-0.14722575552832046,0.5026266594165325,-0.5533013657943229,0.3717240506096158,0.6462342763926846,age_adjusted
DFA α₁,Hoehn & Yahr stage,-0.21592514156958958,0.32240390534311336,-0.6052464563108129,0.20478135023722155,0.6176966131397469,age_adjusted
DFA α₁,Schwab & England (%),-0.047859214131365596,0.8283262186110673,-0.45243989013030494,0.39162658697329195,0.8283262186110673,age_adjusted
DFA α₁,CISI-PD motor signs,-0.3187115850651712,0.1382819597682125,-0.6272298817475725,0.07119770405627156,0.6176966131397469,age_adjusted
DFA α₁,CISI-PD disability,-0.3019232834889175,0.16146764906297956,-0.6653996128032057,0.1294364202812227,0.6176966131397469,age_adjusted
DFA α₁,CISI-PD motor comp.,-0.2070503319545171,0.34316478507763715,-0.567018699494018,0.24427858636024377,0.6176966131397469,age_adjusted
DFA α₁,CISI-PD cognitive,-0.10728465440400962,0.6260907142423731,-0.5926624945806993,0.3377288314209205,0.7043520535226697,age_adjusted
DFA α₁,CISI-PD total,-0.25195067939518984,0.2461471298359777,-0.6073094523508219,0.1560760854009016,0.6176966131397469,age_adjusted
DFA α₁,Non-motor burden,-0.1530651511929414,0.4964688493160221,-0.5515520175655909,0.3893632640316745,0.6462342763926846,age_adjusted
