Dataset,Scale,Metric,n,rho,p,q_BH,sig
Chile,1,RMSSD,71,-0.7726022803487592,2.9864628295927848e-15,1.4932314147963924e-13,***
Chile,1,SDNN,71,-0.7847082494969818,5.636497846857147e-16,5.636497846857147e-14,***
Chile,1,pNN50,71,-0.0270623742454728,0.8227378035649744,0.8853614164972264,
Chile,1,SD1,71,-0.7726022803487592,2.9864628295927848e-15,1.4932314147963924e-13,***
Chile,1,SD2,71,-0.7740442655935612,2.461801175022007e-15,1.4932314147963924e-13,***
Chile,1,SD1SD2,71,-0.3818578135479544,0.0010163913566984,0.0068591127510569,**
Chile,1,VLF_power,71,-0.1166331321260898,0.3327272692062173,0.5109920837922366,
Chile,1,LF_power,71,-0.1521797451374915,0.2051830087759168,0.3787541204276753,
Chile,1,HF_power,71,-0.1750838363514419,0.1441792727032776,0.3089555843641663,
Chile,1,Total_power,71,-0.1526492287055667,0.2037722540126922,0.3787541204276753,
Chile,1,LF_HF,71,-0.1658283031522468,0.1669464737698761,0.3316817359666412,
Chile,1,LF_norm,71,-0.1261569416498993,0.2944800241735371,0.4801304741959845,
Chile,1,HF_norm,71,-0.0696177062374245,0.564008658375858,0.7109352836670478,
Chile,1,DFA_alpha1,71,0.1470489604292421,0.2210546622467272,0.3971041836767555,
Chile,1,DFA_alpha2,71,0.4856807511737088,1.76019977993442e-05,0.0002112239735921,***
Chile,1,SDANN,0,,,,
Chile,2,RMSSD,71,-0.7677062374245472,5.695419590588913e-15,2.1357823464708426e-13,***
Chile,2,SDNN,71,-0.7856807511737088,4.907078443315705e-16,5.636497846857147e-14,***
Chile,2,pNN50,71,0.0069751844399731,0.9539625855039254,0.9635985712160864,
Chile,2,SD1,71,-0.7677062374245472,5.695419590588913e-15,2.1357823464708426e-13,***
Chile,2,SD2,71,-0.7858148893360162,4.813899118373813e-16,5.636497846857147e-14,***
Chile,2,SD1SD2,71,-0.2592890677397719,0.0289975668607027,0.1035627387882241,
Chile,2,VLF_power,71,-0.1733400402414486,0.1482803347325616,0.3132683128152711,
Chile,2,LF_power,71,-0.1679409792085848,0.1615303759162586,0.3257422269399712,
Chile,2,HF_power,71,-0.1419181757209926,0.2377677895604635,0.4171364729130938,
Chile,2,Total_power,71,-0.1412810194500335,0.239902612517442,0.4184347892746081,
Chile,2,LF_HF,71,-0.2468812877263581,0.0379327447518945,0.1264424825063151,
Chile,2,LF_norm,71,-0.1707243460764587,0.1545944385195005,0.319850562454139,
Chile,2,HF_norm,71,-0.003085177733065,0.9796283990218002,0.9820637053293998,
Chile,2,DFA_alpha1,71,0.0618041582830315,0.6086388835768968,0.7351580386709027,
Chile,2,DFA_alpha2,71,0.4150234741784037,0.0003197681348996,0.0023891924549742,**
Chile,2,SDANN,0,,,,
Chile,3,RMSSD,71,-0.713346747149564,2.940317211725278e-12,7.350793029313196e-11,***
Chile,3,SDNN,71,-0.734507042253521,3.099359054692681e-13,9.298077164078042e-12,***
Chile,3,pNN50,71,0.049664654594232,0.6808468850872117,0.7825826265370249,
Chile,3,SD1,71,-0.713346747149564,2.940317211725278e-12,7.350793029313196e-11,***
Chile,3,SD2,71,-0.736787391012743,2.40120623170294e-13,8.004020772343132e-12,***
Chile,3,SD1SD2,71,-0.1969483568075117,0.0997169908120903,0.2386850048132099,
Chile,3,VLF_power,71,-0.1505700871898054,0.2100725652042064,0.3840083819809791,
Chile,3,LF_power,71,-0.1114352783366867,0.3548673409528096,0.5281133896178022,
Chile,3,HF_power,71,-0.0655600268276324,0.5869933982479527,0.7246832077135218,
Chile,3,Total_power,71,-0.0717639168343393,0.5520254264143196,0.7109352836670478,
Chile,3,LF_HF,71,-0.2653252850435948,0.0253365916826029,0.0915780422262758,
Chile,3,LF_norm,71,-0.1356807511737089,0.2592355392849391,0.439382269974473,
Chile,3,HF_norm,71,0.0536552649228705,0.6567514232803531,0.7658464113721424,
Chile,3,DFA_alpha1,71,0.0673373574782025,0.5768735288916779,0.7210919111145973,
Chile,3,DFA_alpha2,71,0.3492287055667337,0.002835635789273,0.0164414836404752,*
Chile,3,SDANN,0,,,,
Chile,4,RMSSD,71,-0.5972837022132796,3.8326065440393975e-08,7.18613727007387e-07,***
Chile,4,SDNN,71,-0.6097585513078471,1.6604833587167926e-08,3.831884673961829e-07,***
Chile,4,pNN50,71,0.0666331321260898,0.5808736613122538,0.723079246446789,
Chile,4,SD1,71,-0.5972837022132796,3.8326065440393975e-08,7.18613727007387e-07,***
Chile,4,SD2,71,-0.6083501006036217,1.8282455101343883e-08,3.917668950287974e-07,***
Chile,4,SD1SD2,71,-0.1930918846411804,0.1066652960708311,0.2480588280717003,
Chile,4,VLF_power,71,-0.1187122736418511,0.3241210824324623,0.5066543071625725,
Chile,4,LF_power,71,-0.0381958417169684,0.7518153510895853,0.8353044587785369,
Chile,4,HF_power,71,-0.0446344735077129,0.7116765740508915,0.8117983734420815,
Chile,4,Total_power,71,-0.0185446009389671,0.8780046671260554,0.9177749133721832,
Chile,4,LF_HF,71,-0.1678403755868544,0.1617853060468523,0.3257422269399712,
Chile,4,LF_norm,71,-0.0174044265593561,0.8854530091845236,0.922346884567212,
Chile,4,HF_norm,71,0.0139839034205231,0.9078549567607092,0.9359329451141332,
Chile,4,DFA_alpha1,71,0.1121730382293762,0.3516706802171432,0.5281133896178022,
Chile,4,DFA_alpha2,71,0.2264587525150905,0.0575570102684116,0.1692853243188576,
Chile,4,SDANN,0,,,,
Chile,5,RMSSD,71,-0.5829644533869885,9.590584613946328e-08,1.4385876920919491e-06,***
Chile,5,SDNN,71,-0.5918846411804157,5.4445831738419195e-08,9.60808795383868e-07,***
Chile,5,pNN50,71,0.1229040912139503,0.3072052697766348,0.4954923706074756,
Chile,5,SD1,71,-0.5829644533869885,9.590584613946328e-08,1.4385876920919491e-06,***
Chile,5,SD2,71,-0.5891348088531186,6.494609862032683e-08,1.082434977005447e-06,***
Chile,5,SD1SD2,71,-0.2164989939637826,0.0697630697950085,0.1885488372838067,
Chile,5,VLF_power,71,-0.1035881958417169,0.3899695728526194,0.5570993897894564,
Chile,5,LF_power,71,-0.0628772635814889,0.602419031191971,0.7346573551121598,
Chile,5,HF_power,71,-0.0392018779342722,0.7454970706220254,0.8345116462186852,
Chile,5,Total_power,71,-0.0297786720321931,0.8052794300196343,0.8762385020694126,
Chile,5,LF_HF,71,-0.1858148893360161,0.1207919534273654,0.2724630528436814,
Chile,5,LF_norm,71,-0.052917505030181,0.6611807351512828,0.7658464113721424,
Chile,5,HF_norm,71,0.0148222669349429,0.9023569635235956,0.9359329451141332,
Chile,5,DFA_alpha1,71,0.1256874580818242,0.296294997993625,0.4804783751247973,
Chile,5,DFA_alpha2,71,0.2513078470824949,0.034513029465893,0.1176580549973628,
Chile,5,SDANN,0,,,,
Chile,6,RMSSD,71,-0.5507042253521126,6.494539135284414e-07,8.118173919105518e-06,***
Chile,6,SDNN,71,-0.5613011401743796,3.542827670937297e-07,5.032965019171679e-06,***
Chile,6,pNN50,71,0.0262575452716297,0.82792759197103,0.8870652771118179,
Chile,6,SD1,71,-0.5507042253521126,6.494539135284414e-07,8.118173919105518e-06,***
Chile,6,SD2,71,-0.5605969148222669,3.6908410140592314e-07,5.032965019171679e-06,***
Chile,6,SD1SD2,71,-0.2077464788732394,0.0821310148630499,0.218046942114292,
Chile,6,VLF_power,71,-0.0511066398390342,0.6721017308168071,0.775501997096316,
Chile,6,LF_power,71,0.0032193158953722,0.978742877962914,0.9820637053293998,
Chile,6,HF_power,71,-0.0359154929577464,0.7661965652536799,0.8450697410886175,
Chile,6,Total_power,71,0.0132461435278336,0.9126967736859108,0.9377021647457988,
Chile,6,LF_HF,71,-0.1102280348759221,0.3601367958978951,0.5322218658589584,
Chile,6,LF_norm,71,0.0107310529845741,0.9292257496912512,0.9514256822777316,
Chile,6,HF_norm,71,-0.0209926224010731,0.8620490910277366,0.9042472982808426,
Chile,6,DFA_alpha1,71,0.1601274312541918,0.1822254705884124,0.3504335972854085,
Chile,6,DFA_alpha2,71,0.1969818913480885,0.0996581584521737,0.2386850048132099,
Chile,6,SDANN,0,,,,
Chile,7,RMSSD,71,-0.4418175720992622,0.0001146832843815,0.0010751557910771,**
Chile,7,SDNN,71,-0.4694164989939637,3.634050346477074e-05,0.0004037833718307,***
Chile,7,pNN50,71,0.0709590878604963,0.5565047799696947,0.7109352836670478,
Chile,7,SD1,71,-0.4418175720992622,0.0001146832843815,0.0010751557910771,**
Chile,7,SD2,71,-0.478169014084507,2.4714568256241803e-05,0.0002851680952643,***
Chile,7,SD1SD2,71,-0.0977867203219315,0.4172007988171017,0.5848609329211706,
Chile,7,VLF_power,71,-0.0296445338698859,0.8061394219038596,0.8762385020694126,
Chile,7,LF_power,71,0.0606975184439973,0.6150822256879885,0.7351580386709027,
Chile,7,HF_power,71,0.0980214621059691,0.4160781215876254,0.5848609329211706,
Chile,7,Total_power,71,0.1186787391012743,0.3242587565840464,0.5066543071625725,
Chile,7,LF_HF,71,-0.1571093226022803,0.1907134387706971,0.3618303017685266,
Chile,7,LF_norm,71,0.0027162977867203,0.9820637053293996,0.9820637053293998,
Chile,7,HF_norm,71,0.0773641851106639,0.5213450152482215,0.6829847361330413,
Chile,7,DFA_alpha1,71,0.1021462105969148,0.3966373286122179,0.5639393297804046,
Chile,7,DFA_alpha2,71,0.1207914151576123,0.3156580425934586,0.5021194214123432,
Chile,7,SDANN,0,,,,
Chile,8,RMSSD,71,-0.4219315895372233,0.0002474781616514,0.0019036781665496,**
Chile,8,SDNN,71,-0.4470824949698189,9.280212543359803e-05,0.0009600219872441,***
Chile,8,pNN50,71,0.0608316566063045,0.6142996528649307,0.7351580386709027,
Chile,8,SD1,71,-0.4219315895372233,0.0002474781616514,0.0019036781665496,**
Chile,8,SD2,71,-0.4533199195171025,7.189050626399003e-05,0.000770255424257,***
Chile,8,SD1SD2,71,-0.1071428571428571,0.3738199669527972,0.5430770139763066,
Chile,8,VLF_power,71,0.0069751844399731,0.9539625855039254,0.9635985712160864,
Chile,8,LF_power,71,0.1450033534540576,0.2276164970230137,0.4040529532952907,
Chile,8,HF_power,71,0.1366532528504359,0.2558047624272484,0.4360308450464462,
Chile,8,Total_power,71,0.1755868544600939,0.1430122278728993,0.3089555843641663,
Chile,8,LF_HF,71,-0.1069416498993963,0.3747231396436515,0.5430770139763066,
Chile,8,LF_norm,71,0.0955399061032863,0.4280344584006106,0.5944923033341815,
Chile,8,HF_norm,71,0.070020120724346,0.56175249726429,0.7109352836670478,
Chile,8,DFA_alpha1,71,0.1666331321260898,0.1648676737363441,0.3297353474726882,
Chile,8,DFA_alpha2,71,0.0847082494969818,0.482455323537439,0.654916728783854,
Chile,8,SDANN,0,,,,
Chile,9,RMSSD,71,-0.389235412474849,0.0007939602015162,0.0055392572198809,**
Chile,9,SDNN,71,-0.4261234071093225,0.0002112653923709,0.0017605449364246,**
Chile,9,pNN50,71,0.0825285043594902,0.4938344848824199,0.6613854708246695,
Chile,9,SD1,71,-0.389235412474849,0.0007939602015162,0.0055392572198809,**
Chile,9,SD2,71,-0.4319919517102615,0.0001687028725996,0.0014460246222827,**
Chile,9,SD1SD2,71,-0.0143527833668678,0.9054352922563876,0.9359329451141332,
Chile,9,VLF_power,71,0.0340040241448692,0.7783126412787917,0.855288616789881,
Chile,9,LF_power,71,0.1502012072434607,0.2112046100895385,0.3840083819809791,
Chile,9,HF_power,71,0.1644198524480214,0.1706306264038343,0.3367709731654625,
Chile,9,Total_power,71,0.2037558685446009,0.0883189596898564,0.2324183149733063,
Chile,9,LF_HF,71,-0.1519785378940308,0.2057897387657036,0.3787541204276753,
Chile,9,LF_norm,71,0.0615358819584171,0.6101982055824963,0.7351580386709027,
Chile,9,HF_norm,71,0.0812206572769953,0.50072879837494,0.6676383978332534,
Chile,9,DFA_alpha1,71,0.0621059691482226,0.6068867239629974,0.7351580386709027,
Chile,9,DFA_alpha2,71,0.1206237424547283,0.3163352354897762,0.5021194214123432,
Chile,9,SDANN,0,,,,
Chile,10,RMSSD,71,-0.2914822266934943,0.0136521597525327,0.055346593591349,
Chile,10,SDNN,71,-0.3263581488933601,0.0054758228553495,0.025667919634451,*
Chile,10,pNN50,71,0.1151240778001341,0.3390632258227528,0.5163399378011465,
Chile,10,SD1,71,-0.2914822266934943,0.0136521597525327,0.055346593591349,
Chile,10,SD2,71,-0.3318578135479543,0.0046950176540792,0.0237765731352054,*
Chile,10,SD1SD2,71,0.0217974513749161,0.8568151028344879,0.9019106345626188,
Chile,10,VLF_power,71,0.0549631120053655,0.6489284597038448,0.7658464113721424,
Chile,10,LF_power,71,0.1877934272300469,0.1168165781826344,0.2675188813342773,
Chile,10,HF_power,71,0.1844064386317907,0.1236843886641841,0.2769053477556362,
Chile,10,Total_power,71,0.2233400402414486,0.0611765773969692,0.1747902211341978,
Chile,10,LF_HF,71,-0.1082494969818913,0.3688761050881625,0.5398186903729207,
Chile,10,LF_norm,71,0.1119047619047619,0.3528310322929662,0.5281133896178022,
Chile,10,HF_norm,71,0.083869885982562,0.4868153543520832,0.6577339116693982,
Chile,10,DFA_alpha1,71,0.0392689470154258,0.7450764413938131,0.8345116462186852,
Chile,10,DFA_alpha2,71,0.0392689470154258,0.7450764413938131,0.8345116462186852,
Chile,10,SDANN,0,,,,
Chile,11,RMSSD,71,-0.2430918846411804,0.041079899948703,0.1339561954849014,
Chile,11,SDNN,71,-0.2902749832327297,0.0140646335631661,0.0555182903809191,
Chile,11,pNN50,71,0.1918846411804158,0.1089158415570619,0.251344249747066,
Chile,11,SD1,71,-0.2430918846411804,0.041079899948703,0.1339561954849014,
Chile,11,SD2,71,-0.3033869885982562,0.0101131549040713,0.0427316404397382,*
Chile,11,SD1SD2,71,0.0979208584842387,0.416559055240374,0.5848609329211706,
Chile,11,VLF_power,71,0.0642186452045606,0.5946838655804693,0.7311686871891016,
Chile,11,LF_power,71,0.2025486250838363,0.0902616485868347,0.2354651702265255,
Chile,11,HF_power,71,0.2524480214621059,0.0336751680795638,0.1174715165566182,
Chile,11,Total_power,71,0.2696177062374245,0.0229780620037853,0.0861677325141951,
Chile,11,LF_HF,71,-0.1951374916163648,0.1029343636919331,0.2431520402171648,
Chile,11,LF_norm,71,0.0545942320590207,0.6511311507695283,0.7658464113721424,
Chile,11,HF_norm,71,0.1679745137491616,0.1614454651655118,0.3257422269399712,
Chile,11,DFA_alpha1,71,0.024748490945674,0.8376781089362236,0.8879979953387529,
Chile,11,DFA_alpha2,71,0.0250838363514419,0.8355091646342806,0.8879979953387529,
Chile,11,SDANN,0,,,,
Chile,12,RMSSD,71,-0.3047954393024815,0.0097526863773987,0.0417972273317091,*
Chile,12,SDNN,71,-0.3446680080482897,0.0032458847461617,0.0173886682830096,*
Chile,12,pNN50,71,0.0863849765258215,0.4737979059701976,0.6490382273564351,
Chile,12,SD1,71,-0.3047954393024815,0.0097526863773987,0.0417972273317091,*
Chile,12,SD2,71,-0.3555667337357477,0.0023424270165834,0.0140545620995008,*
Chile,12,SD1SD2,71,0.0248826291079812,0.8368103854815422,0.8879979953387529,
Chile,12,VLF_power,71,0.0773977196512407,0.5211639205389684,0.6829847361330413,
Chile,12,LF_power,71,0.186150234741784,0.120110970725061,0.2724630528436814,
Chile,12,HF_power,71,0.2241113346747149,0.0602646937153481,0.1738404626404272,
Chile,12,Total_power,71,0.2535546613011401,0.0328782872376703,0.1160410137800129,
Chile,12,LF_HF,71,-0.1466130114017438,0.2224418410646469,0.3972175733297267,
Chile,12,LF_norm,71,0.0382293762575452,0.7516044767858596,0.8353044587785369,
Chile,12,HF_norm,71,0.1084171696847753,0.3681305211764329,0.5398186903729207,
Chile,12,DFA_alpha1,71,0.1144533869885982,0.3419033464852791,0.518035373462544,
Chile,12,DFA_alpha2,71,0.065627095908786,0.5866100603828321,0.7246832077135218,
Chile,12,SDANN,0,,,,
Chile,13,RMSSD,71,-0.1751844399731723,0.1439452943627799,0.3089555843641663,
Chile,13,SDNN,71,-0.2170690811535882,0.0690124552782473,0.1885488372838067,
Chile,13,pNN50,71,0.2412139503688799,0.0427179721273299,0.1363339535978616,
Chile,13,SD1,71,-0.1751844399731723,0.1439452943627799,0.3089555843641663,
Chile,13,SD2,71,-0.2333333333333332,0.0501916979340219,0.1498927003608821,
Chile,13,SD1SD2,71,0.080281690140845,0.5057091579872375,0.6712953424609347,
Chile,13,VLF_power,71,0.2218309859154929,0.062993016093474,0.1782821210192662,
Chile,13,LF_power,71,0.3308182427900737,0.0048345698708251,0.0237765731352054,*
Chile,13,HF_power,71,0.2886988598256204,0.0146192972251865,0.0569583008773502,
Chile,13,Total_power,71,0.3462776659959758,0.0030954181879728,0.0173886682830096,*
Chile,13,LF_HF,71,-0.0396378269617706,0.7427643123888268,0.8345116462186852,
Chile,13,LF_norm,71,0.2018108651911468,0.0914653033744165,0.2365481983821118,
Chile,13,HF_norm,71,0.0729040912139503,0.5457094742292998,0.7109352836670478,
Chile,13,DFA_alpha1,71,0.0779342723004694,0.5182707192061976,0.6829847361330413,
Chile,13,DFA_alpha2,71,0.0291750503018108,0.8091511932336267,0.8763370323829892,
Chile,13,SDANN,0,,,,
Chile,14,RMSSD,71,-0.1966465459423205,0.1002477020215481,0.2386850048132099,
Chile,14,SDNN,71,-0.2368544600938966,0.0467296044232946,0.1445245497627668,
Chile,14,pNN50,71,0.1223340040241448,0.3094715979318336,0.4964784993558828,
Chile,14,SD1,71,-0.1966465459423205,0.1002477020215481,0.2386850048132099,
Chile,14,SD2,71,-0.2495975855130784,0.0358024295458253,0.1206823467836808,
Chile,14,SD1SD2,71,0.0530516431924882,0.6603745365323079,0.7658464113721424,
Chile,14,VLF_power,71,0.1371562709590878,0.2540423853773657,0.4360308450464462,
Chile,14,LF_power,71,0.3298122065727699,0.0049731022848668,0.0240633981525815,*
Chile,14,HF_power,71,0.2764252179745137,0.0196206345066541,0.0745087386328639,
Chile,14,Total_power,71,0.3252515090543259,0.0056461147326734,0.0260589910738773,*
Chile,14,LF_HF,71,-0.0675720992622401,0.575542979381297,0.7210919111145973,
Chile,14,LF_norm,71,0.224413145539906,0.0599108832026827,0.1738404626404272,
Chile,14,HF_norm,71,0.1175385647216633,0.3289618303940548,0.5109920837922366,
Chile,14,DFA_alpha1,71,0.0703219315895372,0.5600631818107489,0.7109352836670478,
Chile,14,DFA_alpha2,71,-0.053252850435949,0.6591659614382485,0.7658464113721424,
Chile,14,SDANN,0,,,,
Chile,15,RMSSD,71,-0.2349094567404426,0.0486168554933425,0.1473238045252804,
Chile,15,SDNN,71,-0.2771629778672032,0.0192833207468294,0.0741666182570364,
Chile,15,pNN50,71,0.1554996646545942,0.1953550424534816,0.366290704600278,
Chile,15,SD1,71,-0.2349094567404426,0.0486168554933425,0.1473238045252804,
Chile,15,SD2,71,-0.2908786049631119,0.013857071478011,0.0554282859120442,
Chile,15,SD1SD2,71,0.1112676056338028,0.3555963490093201,0.5281133896178022,
Chile,15,VLF_power,71,0.1711938296445338,0.1534466702303716,0.319850562454139,
Chile,15,LF_power,71,0.3265258215962441,0.0054504205438206,0.025667919634451,*
Chile,15,HF_power,71,0.2966465459423205,0.0120034685966741,0.0500144524861423,
Chile,15,Total_power,71,0.3589872568745807,0.0021095025030262,0.0132116392470717,*
Chile,15,LF_HF,71,-0.0906773977196512,0.4520206773169933,0.6220468036472385,
Chile,15,LF_norm,71,0.17458081824279,0.1453534433602328,0.3092626454473038,
Chile,15,HF_norm,71,0.105197853789403,0.3826057823191325,0.5518352629602874,
Chile,15,DFA_alpha1,71,0.0544600938967136,0.6519328697747698,0.7658464113721424,
Chile,15,DFA_alpha2,71,-0.0306505700871898,0.7996951407419041,0.8755786212502599,
Chile,15,SDANN,0,,,,
Chile,16,RMSSD,71,-0.1611012835509629,0.1795460401036409,0.3475084647167244,
Chile,16,SDNN,71,-0.2001693508567231,0.0941886935457634,0.2386850048132099,
Chile,16,pNN50,71,0.2191332925403346,0.0663487031281308,0.1860244012938247,
Chile,16,SD1,71,-0.1611012835509629,0.1795460401036409,0.3475084647167244,
Chile,16,SD2,71,-0.2142036737472473,0.0728518084319114,0.1951387725854771,
Chile,16,SD1SD2,71,0.1342063565301735,0.2644961018156351,0.4457799468802839,
Chile,16,VLF_power,71,0.1296456207760247,0.2812218380762081,0.4610194066823083,
Chile,16,LF_power,71,0.3423402275457963,0.0034750080437335,0.01828951601965,*
Chile,16,HF_power,71,0.3157806487422237,0.0073052322372444,0.0327099950921393,*
Chile,16,Total_power,71,0.3451739199812785,0.0031979059492737,0.0173886682830096,*
Chile,16,LF_HF,71,-0.0960269620000379,0.4256724812975621,0.5939616018105518,
Chile,16,LF_norm,71,0.2174733188651113,0.068484151700941,0.1885488372838067,
Chile,16,HF_norm,71,0.148626329870497,0.2160862222718279,0.390517269165954,
Chile,16,DFA_alpha1,71,0.0098089353535921,0.9352936975867592,0.9543813240681216,
Chile,16,DFA_alpha2,71,-0.0636658590386143,0.5978661678467228,0.73208102185313,
Chile,16,SDANN,0,,,,
Chile,17,RMSSD,71,-0.1163648558014755,0.3338481614109279,0.5109920837922366,
Chile,17,SDNN,71,-0.1567404426559356,0.1917700599373191,0.3618303017685266,
Chile,17,pNN50,71,0.3075117370892019,0.0090890129803809,0.0400985866781511,*
Chile,17,SD1,71,-0.1163648558014755,0.3338481614109279,0.5109920837922366,
Chile,17,SD2,71,-0.1700871898054996,0.1561623101774192,0.3208814592686697,
Chile,17,SD1SD2,71,0.1331321260898725,0.2683739170874167,0.4472898618123613,
Chile,17,VLF_power,71,0.1575117370892018,0.1895655490298456,0.3618303017685266,
Chile,17,LF_power,71,0.3490610328638497,0.002849857164349,0.0164414836404752,*
Chile,17,HF_power,71,0.3456405097250167,0.0031542176601286,0.0173886682830096,*
Chile,17,Total_power,71,0.3814889336016096,0.0010288669126585,0.0068591127510569,**
Chile,17,LF_HF,71,-0.0854795439302481,0.4784625031919546,0.652448867989029,
Chile,17,LF_norm,71,0.2169349429912809,0.0691884840266904,0.1885488372838067,
Chile,17,HF_norm,71,0.1369885982562038,0.2546289236716185,0.4360308450464462,
Chile,17,DFA_alpha1,71,0.0377598926894701,0.7545583610966117,0.8353044587785369,
Chile,17,DFA_alpha2,71,-0.0218980549966465,0.8561612823097626,0.9019106345626188,
Chile,17,SDANN,0,,,,
Chile,18,RMSSD,71,-0.0702883970489604,0.560250764523953,0.7109352836670478,
Chile,18,SDNN,71,-0.12018779342723,0.3181002979458266,0.5022636283355157,
Chile,18,pNN50,71,0.323440643863179,0.0059348639424411,0.0269766542838233,*
Chile,18,SD1,71,-0.0702883970489604,0.560250764523953,0.7109352836670478,
Chile,18,SD2,71,-0.1408115358819583,0.2414840715268412,0.4187585055378749,
Chile,18,SD1SD2,71,0.1760228034875922,0.1420065362752028,0.3089555843641663,
Chile,18,VLF_power,71,0.1309188464118041,0.2764834307516354,0.4557419188213771,
Chile,18,LF_power,71,0.3578806170355466,0.0021824799884299,0.0133621223781425,*
Chile,18,HF_power,71,0.4144533869885982,0.0003265229688464,0.0023891924549742,**
Chile,18,Total_power,71,0.4237089201877934,0.0002314800676539,0.0018768654134101,**
Chile,18,LF_HF,71,-0.1708249496981891,0.1543479527944417,0.319850562454139,
Chile,18,LF_norm,71,0.1793762575452716,0.1344472969342763,0.2987717709650584,
Chile,18,HF_norm,71,0.239570757880617,0.0441952480459131,0.1395494260742678,
Chile,18,DFA_alpha1,71,0.0834674714956405,0.488915541007586,0.6577339116693982,
Chile,18,DFA_alpha2,71,-0.0914486921529175,0.448167119855627,0.6195858799847379,
Chile,18,SDANN,0,,,,
Chile,19,RMSSD,71,-0.1984238765928906,0.0971538882028816,0.2386850048132099,
Chile,19,SDNN,71,-0.2417169684775318,0.0422739947713391,0.1363339535978616,
Chile,19,pNN50,71,0.1309859154929577,0.2762353129563076,0.4557419188213771,
Chile,19,SD1,71,-0.1984238765928906,0.0971538882028816,0.2386850048132099,
Chile,19,SD2,71,-0.2666331321260898,0.0245971954569469,0.0899897394766352,
Chile,19,SD1SD2,71,0.1422870556673373,0.2365378550862589,0.4171364729130938,
Chile,19,VLF_power,71,0.047719651240778,0.6927092795835177,0.7931785644086081,
Chile,19,LF_power,71,0.2670355466130114,0.0243734003120823,0.0899897394766352,
Chile,19,HF_power,71,0.4376592890677397,0.0001352269288664,0.0011931787841158,**
Chile,19,Total_power,71,0.3309523809523809,0.0048163592939437,0.0237765731352054,*
Chile,19,LF_HF,71,-0.3337692823608316,0.0044477026947632,0.0230053587660165,*
Chile,19,LF_norm,71,0.0269617706237424,0.8233861173424206,0.8853614164972264,
Chile,19,HF_norm,71,0.3589201877934272,0.0021138622795314,0.0132116392470717,*
Chile,19,DFA_alpha1,71,0.0567739771965123,0.6381590532783324,0.7597131586646815,
Chile,19,DFA_alpha2,71,-0.0082494969818913,0.9455636928796656,0.9615901961488124,
Chile,19,SDANN,0,,,,
Chile,20,RMSSD,71,-0.1983232729711602,0.0973269922044732,0.2386850048132099,
Chile,20,SDNN,71,-0.2330650570087189,0.0504638757881636,0.1498927003608821,
Chile,20,pNN50,71,0.1940979208584842,0.1048175211853794,0.2456660652782331,
Chile,20,SD1,71,-0.1983232729711602,0.0973269922044732,0.2386850048132099,
Chile,20,SD2,71,-0.2513749161636485,0.0344632659233172,0.1176580549973628,
Chile,20,SD1SD2,71,0.072300469483568,0.549048843784988,0.7109352836670478,
Chile,20,VLF_power,71,0.1616700201207243,0.1779945445394321,0.3475084647167244,
Chile,20,LF_power,71,0.3634473507712944,0.0018370579514441,0.0119808127268099,*
Chile,20,HF_power,71,0.443796109993293,0.000105955758732,0.0010595575873202,**
Chile,20,Total_power,71,0.4389336016096579,0.0001285969182321,0.0011690628930193,**
Chile,20,LF_HF,71,-0.1981220657276995,0.0976739235457253,0.2386850048132099,
Chile,20,LF_norm,71,0.1043594902749832,0.3864306311405305,0.554685116469661,
Chile,20,HF_norm,71,0.2390677397719651,0.0446558163437657,0.1395494260742678,
Chile,20,DFA_alpha1,71,0.1332662642521797,0.2678876220276852,0.4472898618123613,
Chile,20,DFA_alpha2,71,-0.0431924882629107,0.7206027760642784,0.8188667909821344,
Chile,20,SDANN,0,,,,
Spain,1,RMSSD,58,-0.239656710449414,0.0699946430328602,0.9528873703876618,
Spain,1,SDNN,58,-0.2365191177827678,0.0738532891939084,0.9528873703876618,
Spain,1,pNN50,58,0.09117204037875,0.496092852051557,0.9528873703876618,
Spain,1,SD1,58,-0.239656710449414,0.0699946430328602,0.9528873703876618,
Spain,1,SD2,58,-0.2095727337045126,0.1143581215662681,0.9528873703876618,
Spain,1,SD1SD2,58,-0.1305792242148328,0.3285667070411849,0.9528873703876618,
Spain,1,VLF_power,58,-0.065181949613953,0.6268805267339075,0.9528873703876618,
Spain,1,LF_power,58,-0.0616752283982897,0.6455751294075327,0.9528873703876618,
Spain,1,HF_power,58,-0.1296564028422898,0.3320259828073141,0.9528873703876618,
Spain,1,Total_power,58,-0.1652773078224492,0.2150265695121002,0.9528873703876618,
Spain,1,LF_HF,58,0.0661662924113322,0.6216738989886783,0.9528873703876618,
Spain,1,LF_norm,58,0.2219385400965886,0.0940534188239727,0.9528873703876618,
Spain,1,HF_norm,58,-0.0443877080193177,0.7407570430391168,0.9578754866885132,
Spain,1,DFA_alpha1,58,0.0334368943984742,0.8032261287905746,0.9768713650628876,
Spain,1,DFA_alpha2,58,0.2170168261096927,0.1017686726870024,0.9528873703876618,
Spain,1,SDANN,0,,,,
Spain,2,RMSSD,58,-0.1858254637177397,0.1625353689058793,0.9528873703876618,
Spain,2,SDNN,58,-0.207234919560737,0.1185483620620935,0.9528873703876618,
Spain,2,pNN50,58,0.1199729279233028,0.3696961155909319,0.9528873703876618,
Spain,2,SD1,58,-0.1858254637177397,0.1625353689058793,0.9528873703876618,
Spain,2,SD2,58,-0.1879787135870066,0.15763472775343,0.9528873703876618,
Spain,2,SD1SD2,58,-0.0826540342674336,0.5373479407204419,0.9528873703876618,
Spain,2,VLF_power,58,0.0120274385554769,0.928599154000616,0.9905395946560788,
Spain,2,LF_power,58,0.0784705773785721,0.5582056440183338,0.9528873703876618,
Spain,2,HF_power,58,-0.0209480451567258,0.8759701692098822,0.9905395946560788,
Spain,2,Total_power,58,-0.0435879294964471,0.7452688829893563,0.959573669085008,
Spain,2,LF_HF,58,0.0484481220585068,0.7179872495102364,0.9528873703876618,
Spain,2,LF_norm,58,0.255406195207481,0.0529904806029592,0.9528873703876618,
Spain,2,HF_norm,58,0.0112891814574425,0.932971440488515,0.9905395946560788,
Spain,2,DFA_alpha1,58,0.0247008520717339,0.8539749700926696,0.9891601970185362,
Spain,2,DFA_alpha2,58,0.0967424405549232,0.4700319497357224,0.9528873703876618,
Spain,2,SDANN,0,,,,
Spain,3,RMSSD,58,-0.1414685164108401,0.2894735190864244,0.9528873703876618,
Spain,3,SDNN,58,-0.2114798978744347,0.1110245498125892,0.9528873703876618,
Spain,3,pNN50,58,0.1004646344369284,0.453036901180197,0.9528873703876618,
Spain,3,SD1,58,-0.1414685164108401,0.2894735190864244,0.9528873703876618,
Spain,3,SD2,58,-0.2033590697960565,0.1257520206446303,0.9528873703876618,
Spain,3,SD1SD2,58,0.002491617705866,0.9851900870201984,0.995695277836047,
Spain,3,VLF_power,58,0.0619828355224707,0.6439262857802728,0.9528873703876618,
Spain,3,LF_power,58,0.1600479867113722,0.2300966307277607,0.9528873703876618,
Spain,3,HF_power,58,0.0271617090651819,0.8396105374650848,0.9839185985918965,
Spain,3,Total_power,58,0.0281460518625611,0.8338790133902618,0.9839185985918965,
Spain,3,LF_HF,58,0.0492479005813774,0.713530158572782,0.9528873703876618,
Spain,3,LF_norm,58,0.2688793872466086,0.0412607568982069,0.9528873703876618,
Spain,3,HF_norm,58,0.0207634808822172,0.8770544493620271,0.9905395946560788,
Spain,3,DFA_alpha1,58,-0.0388507797840598,0.772162716072106,0.9768713650628876,
Spain,3,DFA_alpha2,58,0.0365129656402842,0.7855360166726728,0.9768713650628876,
Spain,3,SDANN,0,,,,
Spain,4,RMSSD,58,-0.0740410347903657,0.5806990908365981,0.9528873703876618,
Spain,4,SDNN,58,-0.1783813713125596,0.1803388687333101,0.9528873703876618,
Spain,4,pNN50,58,0.1020646837449591,0.4458364010510629,0.9528873703876618,
Spain,4,SD1,58,-0.0740410347903657,0.5806990908365981,0.9528873703876618,
Spain,4,SD2,58,-0.1905010920052908,0.1520335254486094,0.9528873703876618,
Spain,4,SD1SD2,58,0.0923744193915531,0.4904048737280092,0.9528873703876618,
Spain,4,VLF_power,58,0.0852994555353902,0.5243582024755717,0.9528873703876618,
Spain,4,LF_power,58,0.2347349964625181,0.0761217424369949,0.9528873703876618,
Spain,4,HF_power,58,0.0732412562674951,0.5848039811093404,0.9528873703876618,
Spain,4,Total_power,58,0.1000030760712418,0.455125800504454,0.9528873703876618,
Spain,4,LF_HF,58,0.0592758928296779,0.6584938031369408,0.9528873703876618,
Spain,4,LF_norm,58,0.3161893629456458,0.0156061984158789,0.9528873703876618,
Spain,4,HF_norm,58,0.0359592728167584,0.7887125764096286,0.9768713650628876,
Spain,4,DFA_alpha1,58,-0.1079393398751115,0.419950580695848,0.9528873703876618,
Spain,4,DFA_alpha2,58,-0.0468485650127657,0.7269293683178256,0.9528873703876618,
Spain,4,SDANN,0,,,,
Spain,5,RMSSD,58,-0.0804392629733304,0.5483426765706509,0.9528873703876618,
Spain,5,SDNN,58,-0.2071733981359008,0.1186601919992123,0.9528873703876618,
Spain,5,pNN50,58,0.0848949238626295,0.5263343756616531,0.9528873703876618,
Spain,5,SD1,58,-0.0804392629733304,0.5483426765706509,0.9528873703876618,
Spain,5,SD2,58,-0.2141253191423913,0.1065247575684223,0.9528873703876618,
Spain,5,SD1SD2,58,0.0947122335353286,0.4794440131741666,0.9528873703876618,
Spain,5,VLF_power,58,0.05373896459442,0.6886820084275674,0.9528873703876618,
Spain,5,LF_power,58,0.2168322618351841,0.102067251608503,0.9528873703876618,
Spain,5,HF_power,58,0.0750253775877449,0.5756650183971308,0.9528873703876618,
Spain,5,Total_power,58,0.1017871973914916,0.4470805719923955,0.9528873703876618,
Spain,5,LF_HF,58,0.0237165092743547,0.8597342300884374,0.9905395946560788,
Spain,5,LF_norm,58,0.240579531821957,0.0688909158079718,0.9528873703876618,
Spain,5,HF_norm,58,0.0480174720846534,0.7203911061512678,0.9528873703876618,
Spain,5,DFA_alpha1,58,-0.1178442892737395,0.3783103491524632,0.9528873703876618,
Spain,5,DFA_alpha2,58,0.0173798025162262,0.896970702202724,0.9905395946560788,
Spain,5,SDANN,0,,,,
Spain,6,RMSSD,58,-0.1037558829862499,0.4382951634367683,0.9528873703876618,
Spain,6,SDNN,58,-0.2506075240702575,0.057772039171059,0.9528873703876618,
Spain,6,pNN50,58,0.0823102288265799,0.5390475936338713,0.9528873703876618,
Spain,6,SD1,58,-0.1037558829862499,0.4382951634367683,0.9528873703876618,
Spain,6,SD2,58,-0.2563905380048602,0.0520505695571339,0.9528873703876618,
Spain,6,SD1SD2,58,0.1142145252084038,0.3932738522685988,0.9528873703876618,
Spain,6,VLF_power,58,0.063336306868867,0.6366916995232037,0.9528873703876618,
Spain,6,LF_power,58,0.1600479867113722,0.2300966307277607,0.9528873703876618,
Spain,6,HF_power,58,0.067950413731582,0.6122838270665601,0.9528873703876618,
Spain,6,Total_power,58,0.0773631917315205,0.5637901881759568,0.9528873703876618,
Spain,6,LF_HF,58,-0.0279614875880525,0.8349530296353056,0.9839185985918965,
Spain,6,LF_norm,58,0.1719216217047587,0.1968956351921263,0.9528873703876618,
Spain,6,HF_norm,58,0.0797625273001322,0.5517236070090275,0.9528873703876618,
Spain,6,DFA_alpha1,58,-0.160909286659079,0.2275655242362348,0.9528873703876618,
Spain,6,DFA_alpha2,58,0.0131963456273647,0.9216807049164846,0.9905395946560788,
Spain,6,SDANN,0,,,,
Spain,7,RMSSD,58,-0.0642908777780336,0.6316094586251464,0.9528873703876618,
Spain,7,SDNN,58,-0.2115754341422563,0.1108595444259331,0.9528873703876618,
Spain,7,pNN50,58,0.0541563479913681,0.6863887446359571,0.9528873703876618,
Spain,7,SD1,58,-0.0642908777780336,0.6316094586251464,0.9528873703876618,
Spain,7,SD2,58,-0.2212959687728107,0.0950339989775513,0.9528873703876618,
Spain,7,SD1SD2,58,0.1143085654656331,0.3928818301914217,0.9528873703876618,
Spain,7,VLF_power,58,0.1074795822758132,0.4219448891721743,0.9528873703876618,
Spain,7,LF_power,58,0.1777381300485544,0.181940910506743,0.9528873703876618,
Spain,7,HF_power,58,0.0645677284478912,0.6301386249471108,0.9528873703876618,
Spain,7,Total_power,58,0.1090176415527997,0.4152943895803092,0.9528873703876618,
Spain,7,LF_HF,58,0.0112585939075408,0.9331526368964252,0.9905395946560788,
Spain,7,LF_norm,58,0.1527292862047546,0.2523909393410636,0.9528873703876618,
Spain,7,HF_norm,58,0.0053216850983731,0.968374758416534,0.9905395946560788,
Spain,7,DFA_alpha1,58,-0.1293815463801003,0.3330607150511645,0.9528873703876618,
Spain,7,DFA_alpha2,58,0.0797022317334379,0.5520253227395211,0.9528873703876618,
Spain,7,SDANN,0,,,,
Spain,8,RMSSD,58,-0.046203300680673,0.7305469839638741,0.9528873703876618,
Spain,8,SDNN,58,-0.1695864158805261,0.2031394137851906,0.9528873703876618,
Spain,8,pNN50,58,0.087696358963295,0.5127255069397068,0.9528873703876618,
Spain,8,SD1,58,-0.046203300680673,0.7305469839638741,0.9528873703876618,
Spain,8,SD2,58,-0.1887198732862376,0.1559733579296674,0.9528873703876618,
Spain,8,SD1SD2,58,0.106372179596383,0.4267706265363883,0.9528873703876618,
Spain,8,VLF_power,58,-0.0071673562307568,0.9574152995809052,0.9905395946560788,
Spain,8,LF_power,58,0.0867773044075756,0.5171703585797639,0.9528873703876618,
Spain,8,HF_power,58,0.0013227309782083,0.9921375110240274,0.9987961520376116,
Spain,8,Total_power,58,0.0086131319511241,0.94883575527216,0.9905395946560788,
Spain,8,LF_HF,58,0.0255317839979751,0.8491191705810561,0.9891601970185362,
Spain,8,LF_norm,58,0.1515295999687052,0.2561805602851243,0.9528873703876618,
Spain,8,HF_norm,58,0.0023993724720988,0.9857383250576864,0.995695277836047,
Spain,8,DFA_alpha1,58,-0.1427319009043427,0.2851440774188143,0.9528873703876618,
Spain,8,DFA_alpha2,58,0.0689665779800725,0.6069630520930291,0.9528873703876618,
Spain,8,SDANN,0,,,,
Spain,9,RMSSD,58,-0.0133813215271876,0.9205863969169744,0.9905395946560788,
Spain,9,SDNN,58,-0.1662360035239586,0.2123406423022739,0.9528873703876618,
Spain,9,pNN50,58,0.0755738843677298,0.5728686048101994,0.9528873703876618,
Spain,9,SD1,58,-0.0133813215271876,0.9205863969169744,0.9905395946560788,
Spain,9,SD2,58,-0.1780177187996204,0.1812433159110483,0.9528873703876618,
Spain,9,SD1SD2,58,0.1319982774095682,0.323291803271877,0.9528873703876618,
Spain,9,VLF_power,58,-0.010212870682819,0.9393493229109408,0.9905395946560788,
Spain,9,LF_power,58,0.0823797219535827,0.5387038328541482,0.9528873703876618,
Spain,9,HF_power,58,0.0376830318869077,0.7788347719123601,0.9768713650628876,
Spain,9,Total_power,58,0.0296850006292783,0.8249354816739256,0.9835573826355248,
Spain,9,LF_HF,58,-0.0373754153000758,0.7805950369214784,0.9768713650628876,
Spain,9,LF_norm,58,0.078534514618184,0.5578840094423847,0.9528873703876618,
Spain,9,HF_norm,58,0.0628153070310739,0.6394726119932929,0.9528873703876618,
Spain,9,DFA_alpha1,58,-0.1901993356381636,0.1526957340372229,0.9528873703876618,
Spain,9,DFA_alpha2,58,0.0893318568159837,0.5048638851544403,0.9528873703876618,
Spain,9,SDANN,0,,,,
Spain,10,RMSSD,58,0.0091974530130117,0.9453698505691136,0.9905395946560788,
Spain,10,SDNN,58,-0.0876987911040019,0.5127137700566408,0.9528873703876618,
Spain,10,pNN50,58,0.146866064369819,0.2712760106390474,0.9528873703876618,
Spain,10,SD1,58,0.0091974530130117,0.9453698505691136,0.9905395946560788,
Spain,10,SD2,58,-0.0887446553262173,0.507679354099225,0.9528873703876618,
Spain,10,SD1SD2,58,0.0821003414439078,0.5400864898128186,0.9528873703876618,
Spain,10,VLF_power,58,0.1014795902673106,0.4484620386337862,0.9528873703876618,
Spain,10,LF_power,58,0.1280568457965486,0.3380760785034464,0.9528873703876618,
Spain,10,HF_power,58,0.0078439816666154,0.9533994019261078,0.9905395946560788,
Spain,10,Total_power,58,0.0578609000584453,0.6661595734167594,0.9528873703876618,
Spain,10,LF_HF,58,0.0836383770648128,0.532496232280615,0.9528873703876618,
Spain,10,LF_norm,58,0.1994832200313759,0.1332826928298174,0.9528873703876618,
Spain,10,HF_norm,58,-0.0450029222676797,0.7372922811524314,0.9575224430551056,
Spain,10,DFA_alpha1,58,-0.1105232397182318,0.4088430034567557,0.9528873703876618,
Spain,10,DFA_alpha2,58,0.0478329078101448,0.7214221557395246,0.9528873703876618,
Spain,10,SDANN,0,,,,
Spain,11,RMSSD,58,-0.0579233123713097,0.6658207291388489,0.9528873703876618,
Spain,11,SDNN,58,-0.1777073688630146,0.1820177801016701,0.9528873703876618,
Spain,11,pNN50,58,0.0822807241641582,0.5391935763154305,0.9528873703876618,
Spain,11,SD1,58,-0.0579233123713097,0.6658207291388489,0.9528873703876618,
Spain,11,SD2,58,-0.1894581417391911,0.1543313543880774,0.9528873703876618,
Spain,11,SD1SD2,58,0.0489718073792486,0.7150677341285391,0.9528873703876618,
Spain,11,VLF_power,58,0.1301813372041333,0.3300554228811355,0.9528873703876618,
Spain,11,LF_power,58,0.1183382807713376,0.3763006132839519,0.9528873703876618,
Spain,11,HF_power,58,-0.0248857991016407,0.8528937043879286,0.9891601970185362,
Spain,11,Total_power,58,0.0369441838332145,0.7830645007028981,0.9768713650628876,
Spain,11,LF_HF,58,0.1121245212923123,0.4020457350665746,0.9528873703876618,
Spain,11,LF_norm,58,0.2254179676351344,0.0888801190439687,0.9528873703876618,
Spain,11,HF_norm,58,-0.0916683329083925,0.4937409472566216,0.9528873703876618,
Spain,11,DFA_alpha1,58,-0.0130735038543848,0.9224075104344754,0.9905395946560788,
Spain,11,DFA_alpha2,58,0.0420505406328096,0.7539656511020191,0.9666226296179732,
Spain,11,SDANN,0,,,,
Spain,12,RMSSD,58,-0.0579242033004467,0.6658158926530655,0.9528873703876618,
Spain,12,SDNN,58,-0.1735265166318746,0.1926845728610711,0.9528873703876618,
Spain,12,pNN50,58,0.0773586096500296,0.5638133499027065,0.9528873703876618,
Spain,12,SD1,58,-0.0579242033004467,0.6658158926530655,0.9528873703876618,
Spain,12,SD2,58,-0.1914913253028576,0.1498753878970044,0.9528873703876618,
Spain,12,SD1SD2,58,0.0535252861087505,0.6898571195534475,0.9528873703876618,
Spain,12,VLF_power,58,0.0125199950840583,0.9256831734080472,0.9905395946560788,
Spain,12,LF_power,58,0.0064291866647867,0.9617976693895632,0.9905395946560788,
Spain,12,HF_power,58,-0.106712193971986,0.4252856235501502,0.9528873703876618,
Spain,12,Total_power,58,-0.0628460686897571,0.6393082796613713,0.9528873703876618,
Spain,12,LF_HF,58,0.1383044174396221,0.3005045225578975,0.9528873703876618,
Spain,12,LF_norm,58,0.1925064600394029,0.1476866643946326,0.9528873703876618,
Spain,12,HF_norm,58,-0.1433493294636653,0.283043815535087,0.9528873703876618,
Spain,12,DFA_alpha1,58,-0.0710286698994856,0.5962279592329556,0.9528873703876618,
Spain,12,DFA_alpha2,58,0.0812107789236215,0.544500417440262,0.9528873703876618,
Spain,12,SDANN,0,,,,
Spain,13,RMSSD,58,-0.1458365375742102,0.2746867596392812,0.9528873703876618,
Spain,13,SDNN,58,-0.2429173459657326,0.0661569993048171,0.9528873703876618,
Spain,13,pNN50,58,-0.0168928282713242,0.899842522482317,0.9905395946560788,
Spain,13,SD1,58,-0.1458365375742102,0.2746867596392812,0.9528873703876618,
Spain,13,SD2,58,-0.2224922329201144,0.0932148159653133,0.9528873703876618,
Spain,13,SD1SD2,58,-0.0273462733396905,0.8385352367551127,0.9839185985918965,
Spain,13,VLF_power,58,0.0332523301239656,0.8042907572351109,0.9768713650628876,
Spain,13,LF_power,58,-0.0485711649081792,0.7173009307410151,0.9528873703876618,
Spain,13,HF_power,58,-0.1333476883324618,0.3183258834368854,0.9528873703876618,
Spain,13,Total_power,58,-0.1466363160970808,0.2720346924547681,0.9528873703876618,
Spain,13,LF_HF,58,0.1062167399796979,0.4274504828545253,0.9528873703876618,
Spain,13,LF_norm,58,0.2105570765018918,0.1126281254534659,0.9528873703876618,
Spain,13,HF_norm,58,-0.1036328401365775,0.4388414058915216,0.9528873703876618,
Spain,13,DFA_alpha1,58,0.0215632594050878,0.8723575484514693,0.9905395946560788,
Spain,13,DFA_alpha2,58,0.0912670337445015,0.4956422338436085,0.9528873703876618,
Spain,13,SDANN,0,,,,
Spain,14,RMSSD,58,0.0651531930909963,0.6270329066676803,0.9528873703876618,
Spain,14,SDNN,58,-0.0314384151742201,0.8147725328167732,0.9835573826355248,
Spain,14,pNN50,58,0.1509015997310045,0.2581795692555598,0.9528873703876618,
Spain,14,SD1,58,0.0651531930909963,0.6270329066676803,0.9528873703876618,
Spain,14,SD2,58,-0.0044604405090625,0.973490877310871,0.9905395946560788,
Spain,14,SD1SD2,58,0.0474037160307957,0.7238216945142264,0.9528873703876618,
Spain,14,VLF_power,58,0.2800541406517615,0.0332370060729163,0.9528873703876618,
Spain,14,LF_power,58,0.0630614003005394,0.6381584359473,0.9528873703876618,
Spain,14,HF_power,58,-0.0169496739344376,0.8995072215664781,0.9905395946560788,
Spain,14,Total_power,58,0.0480189492044595,0.7203828563635817,0.9528873703876618,
Spain,14,LF_HF,58,0.0350067675814701,0.7941851184528012,0.9768713650628876,
Spain,14,LF_norm,58,0.0046450104611616,0.9723943655866,0.9905395946560788,
Spain,14,HF_norm,58,-0.1048049711336282,0.4336532639922924,0.9528873703876618,
Spain,14,DFA_alpha1,58,-0.0091977359462738,0.9453681725868632,0.9905395946560788,
Spain,14,DFA_alpha2,58,0.1581456872902796,0.2357557597141616,0.9528873703876618,
Spain,14,SDANN,0,,,,
Spain,15,RMSSD,58,-0.0676130858163244,0.6140545479838226,0.9528873703876618,
Spain,15,SDNN,58,-0.0601996401012497,0.6535080844427641,0.9528873703876618,
Spain,15,pNN50,58,0.0005846423930886,0.9965247637740786,0.9994272140086,
Spain,15,SD1,58,-0.0676130858163244,0.6140545479838226,0.9528873703876618,
Spain,15,SD2,58,-0.0143347124615137,0.9149485486998452,0.9905395946560788,
Spain,15,SD1SD2,58,-0.0378977805849461,0.7776065753207166,0.9768713650628876,
Spain,15,VLF_power,58,0.012704369627908,0.9245919066466302,0.9905395946560788,
Spain,15,LF_power,58,-0.0294692157470604,0.8261882014138409,0.9835573826355248,
Spain,15,HF_power,58,-0.1629112386184049,0.2217571498613683,0.9528873703876618,
Spain,15,Total_power,58,-0.1436239752849948,0.2821128583539966,0.9528873703876618,
Spain,15,LF_HF,58,0.2092375840412369,0.1149517719032552,0.9528873703876618,
Spain,15,LF_norm,58,0.2049617792512146,0.1227340134399874,0.9528873703876618,
Spain,15,HF_norm,58,-0.176415399070346,0.1852674992319218,0.9528873703876618,
Spain,15,DFA_alpha1,58,0.0861928418823207,0.520007075233718,0.9528873703876618,
Spain,15,DFA_alpha2,58,0.132365381377454,0.3219359981625686,0.9528873703876618,
Spain,15,SDANN,0,,,,
Spain,16,RMSSD,58,-0.0551864156776428,0.6807412039711533,0.9528873703876618,
Spain,16,SDNN,58,0.0060292851019052,0.9641722848631776,0.9905395946560788,
Spain,16,pNN50,58,0.1144685870716429,0.3922152840195623,0.9528873703876618,
Spain,16,SD1,58,-0.0551864156776428,0.6807412039711533,0.9528873703876618,
Spain,16,SD2,58,0.0617386489771622,0.6452350417331927,0.9528873703876618,
Spain,16,SD1SD2,58,-0.1155100283553783,0.3878936421220619,0.9528873703876618,
Spain,16,VLF_power,58,0.1970284238658318,0.1382249177166807,0.9528873703876618,
Spain,16,LF_power,58,-0.0169496739344376,0.8995072215664781,0.9905395946560788,
Spain,16,HF_power,58,-0.1492555679308377,0.2634689389624796,0.9528873703876618,
Spain,16,Total_power,58,-0.0729666543965266,0.5862164050304132,0.9528873703876618,
Spain,16,LF_HF,58,0.1884459210932218,0.1565859316164631,0.9528873703876618,
Spain,16,LF_norm,58,0.1044665928881131,0.4351474562048326,0.9528873703876618,
Spain,16,HF_norm,58,-0.2450781347289745,0.0637080979546142,0.9528873703876618,
Spain,16,DFA_alpha1,58,0.1289528731999324,0.3346785473729861,0.9528873703876618,
Spain,16,DFA_alpha2,58,0.2689799435258131,0.0411820131986133,0.9528873703876618,
Spain,16,SDANN,0,,,,
Spain,17,RMSSD,56,0.0697928773248635,0.6092626074972792,0.9528873703876618,
Spain,17,SDNN,56,0.0913254496630927,0.5032377930477749,0.9528873703876618,
Spain,17,pNN50,56,0.1940303683085017,0.1518865595282196,0.9528873703876618,
Spain,17,SD1,56,0.0697928773248635,0.6092626074972792,0.9528873703876618,
Spain,17,SD2,56,0.1258801014630129,0.3552580164665573,0.9528873703876618,
Spain,17,SD1SD2,56,-0.0354091189561991,0.7955716663168176,0.9768713650628876,
Spain,17,VLF_power,56,0.1047234946735464,0.4424164263195973,0.9528873703876618,
Spain,17,LF_power,56,-0.1140542760201124,0.4025982203149683,0.9528873703876618,
Spain,17,HF_power,56,-0.0672294758560267,0.622500320811253,0.9528873703876618,
Spain,17,Total_power,56,-0.0835327091978288,0.5404887997527583,0.9528873703876618,
Spain,17,LF_HF,56,-0.0561555815106517,0.6810164291941249,0.9528873703876618,
Spain,17,LF_norm,56,-0.1004511588921518,0.4613537563072937,0.9528873703876618,
Spain,17,HF_norm,56,-0.0517807096705035,0.7046832935889238,0.9528873703876618,
Spain,17,DFA_alpha1,56,-0.0112447877766308,0.9344455825850648,0.9905395946560788,
Spain,17,DFA_alpha2,56,0.2728826310292412,0.04187042465789,0.9528873703876618,
Spain,17,SDANN,0,,,,
Spain,18,RMSSD,57,0.0575984966339712,0.6704149315416074,0.9528873703876618,
Spain,18,SDNN,57,-0.0627198035941104,0.6430130519492046,0.9528873703876618,
Spain,18,pNN50,57,0.1735324184978729,0.1967261979560287,0.9528873703876618,
Spain,18,SD1,57,0.0575984966339712,0.6704149315416074,0.9528873703876618,
Spain,18,SD2,57,-0.0651183903982263,0.6303370810118235,0.9528873703876618,
Spain,18,SD1SD2,57,0.1040792192975136,0.4410222450467462,0.9528873703876618,
Spain,18,VLF_power,57,0.0670631905096716,0.6201361664266285,0.9528873703876618,
Spain,18,LF_power,57,0.054454403120468,0.6874542567874289,0.9528873703876618,
Spain,18,HF_power,57,0.0638866836609776,0.6368334466513368,0.9528873703876618,
Spain,18,Total_power,57,0.0409380423459232,0.7623816300215254,0.9732531447083302,
Spain,18,LF_HF,57,-0.0928642053215124,0.492042724603691,0.9528873703876618,
Spain,18,LF_norm,57,-9.724000557226434e-05,0.9994272140086,0.9994272140086,
Spain,18,HF_norm,57,0.0300147483866389,0.8245973389624185,0.9835573826355248,
Spain,18,DFA_alpha1,57,-0.1277085406515738,0.3437909893260705,0.9528873703876618,
Spain,18,DFA_alpha2,57,0.1021992458564498,0.4493631768748417,0.9528873703876618,
Spain,18,SDANN,0,,,,
Spain,19,RMSSD,53,0.0498336862114856,0.7230660466322243,0.9528873703876618,
Spain,19,SDNN,53,0.1201491787299573,0.3914712991931049,0.9528873703876618,
Spain,19,pNN50,53,0.2863769453374248,0.0376262871685401,0.9528873703876618,
Spain,19,SD1,53,0.0498336862114856,0.7230660466322243,0.9528873703876618,
Spain,19,SD2,53,0.1465981254570888,0.2948811165309932,0.9528873703876618,
Spain,19,SD1SD2,53,-0.031690353852935,0.8217735444377097,0.9835573826355248,
Spain,19,VLF_power,53,-0.052051204610864,0.711267972381181,0.9528873703876618,
Spain,19,LF_power,53,-0.060477774528502,0.6670644977250207,0.9528873703876618,
Spain,19,HF_power,53,-0.0356818869718161,0.79976243915098,0.9768713650628876,
Spain,19,Total_power,53,-0.0796693883122132,0.5706637408733648,0.9528873703876618,
Spain,19,LF_HF,53,-0.0174579175805609,0.901256427349975,0.9905395946560788,
Spain,19,LF_norm,53,0.1075698016280288,0.4432748615085246,0.9528873703876618,
Spain,19,HF_norm,53,-0.0098780365063219,0.944034415576964,0.9905395946560788,
Spain,19,DFA_alpha1,53,-0.0092732587610369,0.9474559127990392,0.9905395946560788,
Spain,19,DFA_alpha2,53,0.1049490980651271,0.454525796601804,0.9528873703876618,
Spain,19,SDANN,0,,,,
Spain,20,RMSSD,54,0.240946863024787,0.0792387104497585,0.9528873703876618,
Spain,20,SDNN,54,0.2728901427613432,0.0458825007748154,0.9528873703876618,
Spain,20,pNN50,54,0.4329621975541921,0.0010754439901678,0.322633197050352,
Spain,20,SD1,54,0.240946863024787,0.0792387104497585,0.9528873703876618,
Spain,20,SD2,54,0.2735000383171724,0.0453802384419555,0.9528873703876618,
Spain,20,SD1SD2,54,0.0746359686446026,0.5916988133358767,0.9528873703876618,
Spain,20,VLF_power,54,-0.0880155524006064,0.5268147895583416,0.9528873703876618,
Spain,20,LF_power,54,-0.1319661508925506,0.3414891609130582,0.9528873703876618,
Spain,20,HF_power,54,-0.0045360981964799,0.9740306014118107,0.9905395946560788,
Spain,20,Total_power,54,-0.0977738812938741,0.481828586765668,0.9528873703876618,
Spain,20,LF_HF,54,-0.1607455974332426,0.2455751035552709,0.9528873703876618,
Spain,20,LF_norm,54,-0.0810779904530488,0.560015183880617,0.9528873703876618,
Spain,20,HF_norm,54,0.098460013794182,0.4787437500917991,0.9528873703876618,
Spain,20,DFA_alpha1,54,-0.1070366700480306,0.4410815078916434,0.9528873703876618,
Spain,20,DFA_alpha2,54,0.0113211862550801,0.9352436795641096,0.9905395946560788,
Spain,20,SDANN,0,,,,
Japan-afternoon,1,nAUC_1_20,45,0.6830039525691699,2.3513016437677185e-07,9.405206575070874e-07,***
Japan-afternoon,1,HR,45,-0.4812911725955204,0.0008169386119119,0.0031121470929979,**
Japan-afternoon,1,SDNN,45,0.0928853754940711,0.5439342874699842,0.5578813204820351,
Japan-afternoon,1,RMSSD,45,-0.00566534914361,0.970536727345032,0.970536727345032,
Japan-afternoon,2,nAUC_1_20,45,0.8411067193675889,4.752142841241982e-13,2.0009022489439922e-12,***
Japan-afternoon,2,HR,45,-0.4014492753623188,0.0062713615489713,0.0228049510871686,*
Japan-afternoon,2,SDNN,45,0.1607378129117259,0.2915180880174446,0.3109526272186075,
Japan-afternoon,2,RMSSD,45,0.0635046113306982,0.6785571112026938,0.6871464417242469,
Japan-afternoon,3,nAUC_1_20,45,0.9184453227931488,6.27217780710767e-19,2.7876345809367427e-18,***
Japan-afternoon,3,HR,45,-0.3627140974967061,0.0143364762223235,0.0409326739729519,*
Japan-afternoon,3,SDNN,45,0.2347826086956521,0.1205572084405952,0.1506965105507441,
Japan-afternoon,3,RMSSD,45,0.1342555994729907,0.3792599885932656,0.398958663005621,
Japan-afternoon,4,nAUC_1_20,45,0.950197628458498,2.144868775536277e-23,1.0093500120170716e-22,***
Japan-afternoon,4,HR,45,-0.3913043478260869,0.0078607178698805,0.0273416273734974,*
Japan-afternoon,4,SDNN,45,0.2411067193675889,0.1105965085878834,0.1412064376424868,
Japan-afternoon,4,RMSSD,45,0.1329380764163373,0.3839977131429102,0.398958663005621,
Japan-afternoon,5,nAUC_1_20,45,0.9620553359683794,6.978148618368167e-26,3.9875134962103814e-25,***
Japan-afternoon,5,HR,45,-0.3741765480895915,0.0113366775439017,0.0377889251463392,*
Japan-afternoon,5,SDNN,45,0.2555994729907773,0.0901432777145425,0.1201910369527234,
Japan-afternoon,5,RMSSD,45,0.1612648221343873,0.2899179973348592,0.3109526272186075,
Japan-afternoon,6,nAUC_1_20,45,0.973254281949934,4.229810516157142e-29,3.383848412925713e-28,***
Japan-afternoon,6,HR,45,-0.3612648221343873,0.0147599651057017,0.0409326739729519,*
Japan-afternoon,6,SDNN,45,0.2727272727272727,0.0698997766602786,0.0983023454829831,
Japan-afternoon,6,RMSSD,45,0.1711462450592885,0.2609728176038347,0.2859976083329695,
Japan-afternoon,7,nAUC_1_20,45,0.9885375494071146,6.0312239460606645e-37,8.041631928080887e-36,***
Japan-afternoon,7,HR,45,-0.3396574440052701,0.0224476854529068,0.0513089953209299,
Japan-afternoon,7,SDNN,45,0.2939393939393939,0.0500128915353497,0.081058009678211,
Japan-afternoon,7,RMSSD,45,0.2073781291172595,0.1716564265675892,0.1907293628528769,
Japan-afternoon,8,nAUC_1_20,45,0.9938076416337284,1.130717121351718e-42,3.015245656937915e-41,***
Japan-afternoon,8,HR,45,-0.3274044795783926,0.0281352986592238,0.0608330781821055,
Japan-afternoon,8,SDNN,45,0.2949934123847167,0.0491588596432648,0.081058009678211,
Japan-afternoon,8,RMSSD,45,0.2097496706192358,0.1666992331665192,0.1878301218777681,
Japan-afternoon,9,nAUC_1_20,45,0.995520421607378,1.0898086318999898e-45,8.718469055199918e-44,***
Japan-afternoon,9,HR,45,-0.3208168642951251,0.0316582277829988,0.0633164555659977,
Japan-afternoon,9,SDNN,45,0.3080368906455863,0.0395344777811098,0.0687556135323649,
Japan-afternoon,9,RMSSD,45,0.230566534914361,0.1275644888552181,0.1545990778006116,
Japan-afternoon,10,nAUC_1_20,45,0.9942028985507244,2.7489605182486647e-43,1.0995842072994657e-41,***
Japan-afternoon,10,HR,45,-0.3146245059288537,0.0352950048617079,0.0667255145953906,
Japan-afternoon,10,SDNN,45,0.3089591567852437,0.0389170002508368,0.0687556135323649,
Japan-afternoon,10,RMSSD,45,0.2326745718050065,0.1240236052381422,0.1526444372161751,
Japan-afternoon,11,nAUC_1_20,45,0.992490118577075,7.062157822722578e-41,1.4124315645445154e-39,***
Japan-afternoon,11,HR,45,-0.2907773386034255,0.0526471921833472,0.0825838308758388,
Japan-afternoon,11,SDNN,45,0.3235836627140975,0.0301365546297829,0.0633164555659977,
Japan-afternoon,11,RMSSD,45,0.2587615283267457,0.0860985236710358,0.1167437609098791,
Japan-afternoon,12,nAUC_1_20,45,0.9889328063241104,2.847319542453364e-37,4.5557112679253823e-36,***
Japan-afternoon,12,HR,45,-0.275098814229249,0.06740620050359,0.0980453825506764,
Japan-afternoon,12,SDNN,45,0.3338603425559947,0.0250052417889292,0.0555672039753983,
Japan-afternoon,12,RMSSD,45,0.2725955204216073,0.0700404211566254,0.0983023454829831,
Japan-afternoon,13,nAUC_1_20,45,0.9855072463768116,9.072293024346031e-35,1.0368334884966894e-33,***
Japan-afternoon,13,HR,45,-0.278129117259552,0.0643232883613907,0.0952937605353937,
Japan-afternoon,13,SDNN,45,0.350197628458498,0.0183583246943553,0.0458958117358882,*
Japan-afternoon,13,RMSSD,45,0.2886693017127799,0.0544647207401802,0.0837918780618157,
Japan-afternoon,14,nAUC_1_20,45,0.9835309617918312,1.3895461469565464e-33,1.3895461469565464e-32,***
Japan-afternoon,14,HR,45,-0.2649538866930171,0.078588393044967,0.1083977835102993,
Japan-afternoon,14,SDNN,45,0.3442687747035573,0.0205732866529567,0.0484077333010746,*
Japan-afternoon,14,RMSSD,45,0.2859025032938076,0.0569264768494928,0.0859267575086684,
Japan-afternoon,15,nAUC_1_20,45,0.976679841897233,2.2978511313848807e-30,2.042534339008783e-29,***
Japan-afternoon,15,HR,45,-0.2436100131752305,0.1068317404647906,0.1401072006095615,
Japan-afternoon,15,SDNN,45,0.3465085638998682,0.0197114675514213,0.0477853758822336,*
Japan-afternoon,15,RMSSD,45,0.2931488801054018,0.0506612560488818,0.081058009678211,
Japan-afternoon,16,nAUC_1_20,45,0.9699604743083002,4.972325691560458e-28,3.616236866589424e-27,***
Japan-afternoon,16,HR,45,-0.2407114624505928,0.1112000696434583,0.1412064376424868,
Japan-afternoon,16,SDNN,45,0.3528326745718049,0.017440542494923,0.0450078515998014,*
Japan-afternoon,16,RMSSD,45,0.3027667984189723,0.0432185834461857,0.0735635462913799,
Japan-afternoon,17,nAUC_1_20,45,0.9650856389986824,1.2014259811111502e-26,8.009506540741001e-26,***
Japan-afternoon,17,HR,45,-0.2293807641633728,0.1295892796889618,0.1545990778006116,
Japan-afternoon,17,SDNN,45,0.3610013175230566,0.014838094315195,0.0409326739729519,*
Japan-afternoon,17,RMSSD,45,0.3137022397891963,0.0358649640950224,0.0667255145953906,
Japan-afternoon,18,nAUC_1_20,45,0.9632411067193676,3.567992330811407e-26,2.195687588191635e-25,***
Japan-afternoon,18,HR,45,-0.2267457180500658,0.134174859674428,0.155565054694989,
Japan-afternoon,18,SDNN,45,0.3577075098814228,0.0158447433007779,0.0422526488020746,*
Japan-afternoon,18,RMSSD,45,0.3094861660079051,0.0385677182641342,0.0687556135323649,
Japan-afternoon,19,nAUC_1_20,45,0.961133069828722,1.1587285259899095e-25,6.179885471946185e-25,***
Japan-afternoon,19,HR,45,-0.22832674571805,0.1314092161305198,0.1545990778006116,
Japan-afternoon,19,SDNN,45,0.3636363636363636,0.0140724008659394,0.0409326739729519,*
Japan-afternoon,19,RMSSD,45,0.3154150197628458,0.0348124215434064,0.0667255145953906,
Japan-afternoon,20,nAUC_1_20,45,0.9555994729907772,1.918027638314916e-24,9.59013819157458e-24,***
Japan-afternoon,20,HR,45,-0.2189723320158102,0.1484070214141993,0.1696080244733706,
Japan-afternoon,20,SDNN,45,0.364953886693017,0.0137023388873362,0.0409326739729519,*
Japan-afternoon,20,RMSSD,45,0.3214756258234518,0.0312902810304921,0.0633164555659977,
Japan-morning,1,nAUC_1_20,39,0.7074898785425101,4.752354106810318e-07,1.9009416427241271e-06,***
Japan-morning,1,HR,39,-0.267004048582996,0.1003469169704838,0.1360636162311645,
Japan-morning,1,SDNN,39,0.2354251012145749,0.1490870934845374,0.1955240570289015,
Japan-morning,1,RMSSD,39,0.1668016194331983,0.3101454387361401,0.3101454387361401,
Japan-morning,2,nAUC_1_20,39,0.8856275303643726,6.910722557483833e-14,2.909777918940562e-13,***
Japan-morning,2,HR,39,-0.2512145748987854,0.1229160351593828,0.1638880468791771,
Japan-morning,2,SDNN,39,0.3941295546558705,0.0130401655468414,0.0200617931489868,*
Japan-morning,2,RMSSD,39,0.3036437246963563,0.0602173023503965,0.0830583480695125,
Japan-morning,3,nAUC_1_20,39,0.9392712550607288,9.010469095532238e-19,4.0046529313476616e-18,***
Japan-morning,3,HR,39,-0.2212550607287449,0.1758551701927093,0.2092831130968637,
Japan-morning,3,SDNN,39,0.4157894736842105,0.0084757469885191,0.0146683313473781,*
Japan-morning,3,RMSSD,39,0.3382591093117409,0.0351843868235794,0.0502634097479706,
Japan-morning,4,nAUC_1_20,39,0.9655870445344128,3.0780311685187404e-23,1.4484852557735251e-22,***
Japan-morning,4,HR,39,-0.2151821862348178,0.188320443831177,0.2121920493872417,
Japan-morning,4,SDNN,39,0.4091093117408907,0.0097085911991377,0.0158507611414493,*
Japan-morning,4,RMSSD,39,0.3224696356275303,0.0452693342311594,0.0635359076928554,
Japan-morning,5,nAUC_1_20,39,0.974089068825911,1.7355164800695468e-25,8.677582400347732e-25,***
Japan-morning,5,HR,39,-0.2321862348178137,0.1549249841118293,0.1999032053055862,
Japan-morning,5,SDNN,39,0.4277327935222672,0.0066039888140395,0.0134948640653882,*
Japan-morning,5,RMSSD,39,0.3417004048582996,0.0332509585924464,0.048365030679922,*
Japan-morning,6,nAUC_1_20,39,0.98502024291498,7.526775913441553e-30,5.47401884613931e-29,***
Japan-morning,6,HR,39,-0.2271255060728745,0.1643771348865924,0.2023103198604214,
Japan-morning,6,SDNN,39,0.444331983805668,0.0045996673399655,0.0129065579946722,*
Japan-morning,6,RMSSD,39,0.3688259109311741,0.0208602812053601,0.0309041203042372,*
Japan-morning,7,nAUC_1_20,39,0.9890688259109311,2.2897546511420103e-32,2.2897546511420104e-31,***
Japan-morning,7,HR,39,-0.2170040485829959,0.1845170467469264,0.2108766248536302,
Japan-morning,7,SDNN,39,0.4431174089068826,0.0047258754596922,0.0129065579946722,*
Japan-morning,7,RMSSD,39,0.3734817813765182,0.019182593274299,0.0289548577725268,*
Japan-morning,8,nAUC_1_20,39,0.9949392712550608,1.5618371146314463e-38,3.1236742292628927e-37,***
Japan-morning,8,HR,39,-0.2107287449392712,0.1978502246671507,0.2198335829635008,
Japan-morning,8,SDNN,39,0.4510121457489879,0.00395649575143,0.0121738330813232,*
Japan-morning,8,RMSSD,39,0.3949392712550608,0.0128380872607946,0.0200617931489868,*
Japan-morning,9,nAUC_1_20,39,0.9975708502024292,2.023495058586698e-44,1.6187960468693584e-42,***
Japan-morning,9,HR,39,-0.2170040485829959,0.1845170467469264,0.2108766248536302,
Japan-morning,9,SDNN,39,0.4591093117408907,0.0032829762560299,0.0114190478470607,*
Japan-morning,9,RMSSD,39,0.4091093117408907,0.0097085911991377,0.0158507611414493,*
Japan-morning,10,nAUC_1_20,39,0.9973684210526318,8.881176016399019e-44,2.368313604373072e-42,***
Japan-morning,10,HR,39,-0.2253036437246963,0.1678797867969713,0.2034906506629956,
Japan-morning,10,SDNN,39,0.4649797570850203,0.0028594601961303,0.0108044599777399,*
Japan-morning,10,RMSSD,39,0.415587044534413,0.0085110323320772,0.0146683313473781,*
Japan-morning,11,nAUC_1_20,39,0.9973684210526318,8.881176016399019e-44,2.368313604373072e-42,***
Japan-morning,11,HR,39,-0.2297570850202429,0.1594113690493771,0.2002102073096551,
Japan-morning,11,SDNN,39,0.4633603238866397,0.0029712264938784,0.0108044599777399,*
Japan-morning,11,RMSSD,39,0.4204453441295547,0.0076980872993996,0.0146630234274278,*
Japan-morning,12,nAUC_1_20,39,0.994331983805668,1.264661868960208e-37,2.0234589903363327e-36,***
Japan-morning,12,HR,39,-0.2293522267206478,0.1601681658477241,0.2002102073096551,
Japan-morning,12,SDNN,39,0.452834008097166,0.0037952895193528,0.0121738330813232,*
Japan-morning,12,RMSSD,39,0.415587044534413,0.0085110323320772,0.0146683313473781,*
Japan-morning,13,nAUC_1_20,39,0.9931174089068826,4.5448496726555105e-36,6.05979956354068e-35,***
Japan-morning,13,HR,39,-0.2202429149797571,0.1778906461323341,0.2092831130968637,
Japan-morning,13,SDNN,39,0.4512145748987854,0.0039382945456289,0.0121738330813232,*
Japan-morning,13,RMSSD,39,0.415587044534413,0.0085110323320772,0.0146683313473781,*
Japan-morning,14,nAUC_1_20,39,0.990485829959514,1.7760171107363643e-33,2.029733840841559e-32,***
Japan-morning,14,HR,39,-0.2044534412955465,0.2118450067500554,0.2259680072000591,
Japan-morning,14,SDNN,39,0.4352226720647774,0.0056218366006051,0.0129065579946722,*
Japan-morning,14,RMSSD,39,0.405668016194332,0.0104013769538979,0.0166422031262367,*
Japan-morning,15,nAUC_1_20,39,0.9870445344129556,5.217905252586331e-31,4.6381380022989616e-30,***
Japan-morning,15,HR,39,-0.2064777327935222,0.2072576459469913,0.2259680072000591,
Japan-morning,15,SDNN,39,0.4402834008097166,0.0050321021266323,0.0129065579946722,*
Japan-morning,15,RMSSD,39,0.4149797570850203,0.0086176446665846,0.0146683313473781,*
Japan-morning,16,nAUC_1_20,39,0.9856275303643726,3.518079785595168e-30,2.8144638284761346e-29,***
Japan-morning,16,HR,39,-0.2046558704453441,0.2113831312986804,0.2259680072000591,
Japan-morning,16,SDNN,39,0.4396761133603239,0.0050999139057211,0.0129065579946722,*
Japan-morning,16,RMSSD,39,0.4220647773279352,0.007442364889876,0.0145216875900021,*
Japan-morning,17,nAUC_1_20,39,0.9842105263157896,1.9798515226724945e-29,1.319901015114996e-28,***
Japan-morning,17,HR,39,-0.2016194331983805,0.2183847695014356,0.2298787047383532,
Japan-morning,17,SDNN,39,0.4388663967611336,0.0051915600514366,0.0129065579946722,*
Japan-morning,17,RMSSD,39,0.4277327935222672,0.0066039888140395,0.0134948640653882,*
Japan-morning,18,nAUC_1_20,39,0.9817813765182186,2.7386925215940498e-28,1.5649671551966004e-27,***
Japan-morning,18,HR,39,-0.1921052631578947,0.241351322499404,0.2475398179481067,
Japan-morning,18,SDNN,39,0.4384615384615385,0.005237915502653,0.0129065579946722,*
Japan-morning,18,RMSSD,39,0.4289473684210526,0.006435332572977,0.0134948640653882,*
Japan-morning,19,nAUC_1_20,39,0.982591093117409,1.189107616342838e-28,7.31758533134054e-28,***
Japan-morning,19,HR,39,-0.1969635627530364,0.2294280695132156,0.238366825468276,
Japan-morning,19,SDNN,39,0.4376518218623482,0.0053317024619869,0.0129065579946722,*
Japan-morning,19,RMSSD,39,0.4267206477732794,0.0067474320326941,0.0134948640653882,*
Japan-morning,20,nAUC_1_20,39,0.9787449392712552,4.623949414005684e-27,2.4661063541363648e-26,***
Japan-morning,20,HR,39,-0.1898785425101214,0.2469534470351498,0.2500794400355948,
Japan-morning,20,SDNN,39,0.4350202429149797,0.0056466191226691,0.0129065579946722,*
Japan-morning,20,RMSSD,39,0.4285425101214575,0.0064911338478305,0.0134948640653882,*
Japan-afternoon,1,pNN50,38,0.47893642630484734,0.002350299987462219,6.482650213284514e-05,***
Japan-afternoon,1,SD1,38,0.3023306707517234,0.06505601618844538,6.482650213284514e-05,***
Japan-afternoon,1,SD2,38,0.5353977459240618,0.0005327850597556992,6.482650213284514e-05,***
Japan-afternoon,1,VLF_power,38,0.13382208119050223,0.42313739911959447,6.482650213284514e-05,***
Japan-afternoon,1,LF_power,38,-0.011489222015537806,0.9454189842268901,6.482650213284514e-05,***
Japan-afternoon,1,HF_power,38,0.007550060181639129,0.964117234320871,6.482650213284514e-05,***
Japan-afternoon,1,Total_power,38,-0.022650180544917384,0.892629212676101,6.482650213284514e-05,***
Japan-afternoon,1,LF_HF,38,-0.16708611445453553,0.31602874440697576,6.482650213284514e-05,***
Japan-afternoon,1,LF_norm,38,0.1708064339643287,0.30521795110383343,6.482650213284514e-05,***
Japan-afternoon,1,HF_norm,38,0.1379800853485064,0.40873867741692316,6.482650213284514e-05,***
Japan-afternoon,1,DFA_alpha1,38,-0.04322135901083269,0.7966736332713921,6.482650213284514e-05,***
Japan-afternoon,2,pNN50,38,0.519203413940256,0.000837313036679097,6.482650213284514e-05,***
Japan-afternoon,2,SD1,38,0.36995294890031727,0.02224569282321675,6.482650213284514e-05,***
Japan-afternoon,2,SD2,38,0.6314695262063683,2.125736698959552e-05,6.482650213284514e-05,***
Japan-afternoon,2,VLF_power,38,0.22026479921216766,0.18390268793330003,6.482650213284514e-05,***
Japan-afternoon,2,LF_power,38,0.07079549184812342,0.6727586377522234,6.482650213284514e-05,***
Japan-afternoon,2,HF_power,38,0.0672940146624357,0.6881062346488436,6.482650213284514e-05,***
Japan-afternoon,2,Total_power,38,0.06247948353211511,0.7094105293129974,6.482650213284514e-05,***
Japan-afternoon,2,LF_HF,38,-0.1465149359886202,0.3800748815116425,6.482650213284514e-05,***
Japan-afternoon,2,LF_norm,38,0.29445234708392604,0.07273152741675888,6.482650213284514e-05,***
Japan-afternoon,2,HF_norm,38,0.16183389867600392,0.33169543740047236,6.482650213284514e-05,***
Japan-afternoon,2,DFA_alpha1,38,-0.11762774920669658,0.48184922395160756,6.482650213284514e-05,***
Japan-afternoon,3,pNN50,38,0.5329904803589013,0.0005706387626203163,6.482650213284514e-05,***
Japan-afternoon,3,SD1,38,0.38986760039391616,0.015536163433421525,6.482650213284514e-05,***
Japan-afternoon,3,SD2,38,0.6691104059525113,4.376734966490007e-06,6.482650213284514e-05,***
Japan-afternoon,3,VLF_power,38,0.2977349819455083,0.06945144412193811,6.482650213284514e-05,***
Japan-afternoon,3,LF_power,38,0.14104387788598313,0.39831031128521677,6.482650213284514e-05,***
Japan-afternoon,3,HF_power,38,0.09990152095415253,0.5506687410160724,6.482650213284514e-05,***
Japan-afternoon,3,Total_power,38,0.1257249151985994,0.4519772470898412,6.482650213284514e-05,***
Japan-afternoon,3,LF_HF,38,-0.08502024291497975,0.611794987330261,6.482650213284514e-05,***
Japan-afternoon,3,LF_norm,38,0.3338439654229128,0.04052175065112553,6.482650213284514e-05,***
Japan-afternoon,3,HF_norm,38,0.14082503556187764,0.39905006304919166,6.482650213284514e-05,***
Japan-afternoon,3,DFA_alpha1,38,-0.16249042564832036,0.32971125212107477,6.482650213284514e-05,***
Japan-afternoon,4,pNN50,38,0.4977568661779188,0.0014736227617741706,6.482650213284514e-05,***
Japan-afternoon,4,SD1,38,0.3592296750191487,0.026760814599801678,6.482650213284514e-05,***
Japan-afternoon,4,SD2,38,0.6783017835649414,2.874330556597049e-06,6.482650213284514e-05,***
Japan-afternoon,4,VLF_power,38,0.31392931392931395,0.054936020248765254,6.482650213284514e-05,***
Japan-afternoon,4,LF_power,38,0.11981617244775139,0.4736758314181685,6.482650213284514e-05,***
Japan-afternoon,4,HF_power,38,0.05372579056789582,0.7486983845924013,6.482650213284514e-05,***
Japan-afternoon,4,Total_power,38,0.09836962468541416,0.5568259807048193,6.482650213284514e-05,***
Japan-afternoon,4,LF_HF,38,-0.012583433636065214,0.9402297093295554,6.482650213284514e-05,***
Japan-afternoon,4,LF_norm,38,0.31261625998468107,0.05601429068872124,6.482650213284514e-05,***
Japan-afternoon,4,HF_norm,38,0.07648539227486595,0.6480972488267549,6.482650213284514e-05,***
Japan-afternoon,4,DFA_alpha1,38,-0.1259437575227049,0.4511840756961907,6.482650213284514e-05,***
Japan-afternoon,5,pNN50,38,0.49097275413064884,0.0017489922165430925,6.482650213284514e-05,***
Japan-afternoon,5,SD1,38,0.35944851734325417,0.02666162646579405,6.482650213284514e-05,***
Japan-afternoon,5,SD2,38,0.6728307254623044,3.698302514389316e-06,6.482650213284514e-05,***
Japan-afternoon,5,VLF_power,38,0.33975270817376074,0.03689313169748498,6.482650213284514e-05,***
Japan-afternoon,5,LF_power,38,0.1414815625341941,0.396833183198661,6.482650213284514e-05,***
Japan-afternoon,5,HF_power,38,0.06685633001422475,0.6900335168239166,6.482650213284514e-05,***
Japan-afternoon,5,Total_power,38,0.12134806871648977,0.4679982024602074,6.482650213284514e-05,***
Japan-afternoon,5,LF_HF,38,-0.002079002079002079,0.9901162886818701,6.482650213284514e-05,***
Japan-afternoon,5,LF_norm,38,0.319400372031951,0.05062030581186179,6.482650213284514e-05,***
Japan-afternoon,5,HF_norm,38,0.0795491848123427,0.6349675427585831,6.482650213284514e-05,***
Japan-afternoon,5,DFA_alpha1,38,-0.14191924718240506,0.39535922521280564,6.482650213284514e-05,***
Japan-afternoon,6,pNN50,38,0.4968814968814969,0.0015068570945575084,6.482650213284514e-05,***
Japan-afternoon,6,SD1,38,0.37060947587263376,0.021991251520755283,6.482650213284514e-05,***
Japan-afternoon,6,SD2,38,0.6831163146952621,2.292384595259122e-06,6.482650213284514e-05,***
Japan-afternoon,6,VLF_power,38,0.349381770434402,0.031550497778202964,6.482650213284514e-05,***
Japan-afternoon,6,LF_power,38,0.1585512638144217,0.34172688753215763,6.482650213284514e-05,***
Japan-afternoon,6,HF_power,38,0.08480140059087428,0.6127149789947063,6.482650213284514e-05,***
Japan-afternoon,6,Total_power,38,0.13885545464492832,0.4057433818520717,6.482650213284514e-05,***
Japan-afternoon,6,LF_HF,38,-0.023744392165444796,0.8874745245443723,6.482650213284514e-05,***
Japan-afternoon,6,LF_norm,38,0.32158879527300577,0.0489720746197655,6.482650213284514e-05,***
Japan-afternoon,6,HF_norm,38,0.08961593172119488,0.5926122993878565,6.482650213284514e-05,***
Japan-afternoon,6,DFA_alpha1,38,-0.15286136338767917,0.35954959651212237,6.482650213284514e-05,***
Japan-afternoon,7,pNN50,38,0.47740453003610894,0.0024385317363361534,6.482650213284514e-05,***
Japan-afternoon,7,SD1,38,0.3911806543385491,0.015161483802627515,6.482650213284514e-05,***
Japan-afternoon,7,SD2,38,0.6818032607506291,2.43929411572714e-06,6.482650213284514e-05,***
Japan-afternoon,7,VLF_power,38,0.355728197833461,0.028389761541443966,6.482650213284514e-05,***
Japan-afternoon,7,LF_power,38,0.1769340190392822,0.28793064958367587,6.482650213284514e-05,***
Japan-afternoon,7,HF_power,38,0.11171900645584856,0.5042791560233562,6.482650213284514e-05,***
Japan-afternoon,7,Total_power,38,0.15636284057336688,0.34851664692932205,6.482650213284514e-05,***
Japan-afternoon,7,LF_HF,38,-0.051537367326841006,0.758623246489877,6.482650213284514e-05,***
Japan-afternoon,7,LF_norm,38,0.3445672393040814,0.03413636531836623,6.482650213284514e-05,***
Japan-afternoon,7,HF_norm,38,0.12528723055038843,0.4535658520359326,6.482650213284514e-05,***
Japan-afternoon,7,DFA_alpha1,38,-0.1769340190392822,0.28793064958367587,6.482650213284514e-05,***
Japan-afternoon,8,pNN50,38,0.4625232519969362,0.0034583707756394087,6.482650213284514e-05,***
Japan-afternoon,8,SD1,38,0.38001969580916944,0.01860263215117145,6.482650213284514e-05,***
Japan-afternoon,8,SD2,38,0.6758945179997812,3.2135374983227302e-06,6.482650213284514e-05,***
Japan-afternoon,8,VLF_power,38,0.35879199037093773,0.026960106170407654,6.482650213284514e-05,***
Japan-afternoon,8,LF_power,38,0.1686180107232739,0.31154844167390494,6.482650213284514e-05,***
Japan-afternoon,8,HF_power,38,0.0953058321479374,0.5692359272107016,6.482650213284514e-05,***
Japan-afternoon,8,Total_power,38,0.1438888280993544,0.38876573360639133,6.482650213284514e-05,***
Japan-afternoon,8,LF_HF,38,-0.03643724696356275,0.8280657322185684,6.482650213284514e-05,***
Japan-afternoon,8,LF_norm,38,0.343473027683554,0.03474761223354095,6.482650213284514e-05,***
Japan-afternoon,8,HF_norm,38,0.11390742969690337,0.495910801294844,6.482650213284514e-05,***
Japan-afternoon,8,DFA_alpha1,38,-0.1646788488893752,0.3231506095892981,6.482650213284514e-05,***
Japan-afternoon,9,pNN50,38,0.45661450924608815,0.003956315286973746,6.482650213284514e-05,***
Japan-afternoon,9,SD1,38,0.3905241273662326,0.015347860144326746,6.482650213284514e-05,***
Japan-afternoon,9,SD2,38,0.6813655761024182,2.490152637827239e-06,6.482650213284514e-05,***
Japan-afternoon,9,VLF_power,38,0.3618557829084145,0.025590480291981913,6.482650213284514e-05,***
Japan-afternoon,9,LF_power,38,0.18481234270707955,0.2666523111275194,6.482650213284514e-05,***
Japan-afternoon,9,HF_power,38,0.1136885873727979,0.49674443019827197,6.482650213284514e-05,***
Japan-afternoon,9,Total_power,38,0.15898894846263267,0.34037872975756966,6.482650213284514e-05,***
Japan-afternoon,9,LF_HF,38,-0.051537367326841006,0.758623246489877,6.482650213284514e-05,***
Japan-afternoon,9,LF_norm,38,0.3533209322683007,0.02955642803576033,6.482650213284514e-05,***
Japan-afternoon,9,HF_norm,38,0.13097713097713098,0.4331507379940207,6.482650213284514e-05,***
Japan-afternoon,9,DFA_alpha1,38,-0.1817485501696028,0.27480060517587224,6.482650213284514e-05,***
Japan-afternoon,10,pNN50,38,0.4380129116971222,0.0059524503553145805,6.482650213284514e-05,***
Japan-afternoon,10,SD1,38,0.3813327497538024,0.018166591464911386,6.482650213284514e-05,***
Japan-afternoon,10,SD2,38,0.6783017835649414,2.874330556597049e-06,6.482650213284514e-05,***
Japan-afternoon,10,VLF_power,38,0.3660137870664186,0.023824330273131387,6.482650213284514e-05,***
Japan-afternoon,10,LF_power,38,0.18043549622496993,0.2783420352559762,6.482650213284514e-05,***
Japan-afternoon,10,HF_power,38,0.10143341722289091,0.5445437773031281,6.482650213284514e-05,***
Japan-afternoon,10,Total_power,38,0.15308020571178466,0.35885394640669555,6.482650213284514e-05,***
Japan-afternoon,10,LF_HF,38,-0.03971988182514498,0.8128399696285581,6.482650213284514e-05,***
Japan-afternoon,10,LF_norm,38,0.349381770434402,0.031550497778202964,6.482650213284514e-05,***
Japan-afternoon,10,HF_norm,38,0.11653353758616918,0.4859632901175983,6.482650213284514e-05,***
Japan-afternoon,10,DFA_alpha1,38,-0.16642958748221906,0.3179612095687512,6.482650213284514e-05,***
Japan-afternoon,11,pNN50,38,0.4408578619104935,0.005600002366873787,6.482650213284514e-05,***
Japan-afternoon,11,SD1,38,0.39074296969033806,0.015285521352754447,6.482650213284514e-05,***
Japan-afternoon,11,SD2,38,0.6723930408140935,3.772780870262707e-06,6.482650213284514e-05,***
Japan-afternoon,11,VLF_power,38,0.3778312725681146,0.019348838135677986,6.482650213284514e-05,***
Japan-afternoon,11,LF_power,38,0.19290950869898238,0.2458905170403589,6.482650213284514e-05,***
Japan-afternoon,11,HF_power,38,0.11675237991027465,0.485139024121339,6.482650213284514e-05,***
Japan-afternoon,11,Total_power,38,0.16905569537148482,0.31027575924592304,6.482650213284514e-05,***
Japan-afternoon,11,LF_HF,38,-0.050005471058102643,0.76559348720253,6.482650213284514e-05,***
Japan-afternoon,11,LF_norm,38,0.36754568333515697,0.023199706561722336,6.482650213284514e-05,***
Japan-afternoon,11,HF_norm,38,0.1296640770324981,0.4378161701874166,6.482650213284514e-05,***
Japan-afternoon,11,DFA_alpha1,38,-0.18437465805886855,0.2678064998824257,6.482650213284514e-05,***
Japan-afternoon,12,pNN50,38,0.4329795382426961,0.0066230002838542435,6.482650213284514e-05,***
Japan-afternoon,12,SD1,38,0.39271255060728744,0.014734013118131321,6.482650213284514e-05,***
Japan-afternoon,12,SD2,38,0.6651712441186126,5.217862263917433e-06,6.482650213284514e-05,***
Japan-afternoon,12,VLF_power,38,0.37104716052084474,0.021822974183711524,6.482650213284514e-05,***
Japan-afternoon,12,LF_power,38,0.18612539665171243,0.2632094319196924,6.482650213284514e-05,***
Japan-afternoon,12,HF_power,38,0.11981617244775139,0.4736758314181685,6.482650213284514e-05,***
Japan-afternoon,12,Total_power,38,0.16402232191705876,0.3251101862286928,6.482650213284514e-05,***
Japan-afternoon,12,LF_HF,38,-0.06685633001422475,0.6900335168239166,6.482650213284514e-05,***
Japan-afternoon,12,LF_norm,38,0.35047598205492947,0.030985820960346314,6.482650213284514e-05,***
Japan-afternoon,12,HF_norm,38,0.13557281978334612,0.41704043911269484,6.482650213284514e-05,***
Japan-afternoon,12,DFA_alpha1,38,-0.179560126928548,0.28071943787051645,6.482650213284514e-05,***
Japan-afternoon,13,pNN50,38,0.4463289200131305,0.004972615123799321,6.482650213284514e-05,***
Japan-afternoon,13,SD1,38,0.40671845935003825,0.011275701497975351,6.482650213284514e-05,***
Japan-afternoon,13,SD2,38,0.6715176715176715,3.925878524589589e-06,6.482650213284514e-05,***
Japan-afternoon,13,VLF_power,38,0.38417769996717366,0.01725116583527499,6.482650213284514e-05,***
Japan-afternoon,13,LF_power,38,0.20210088631141263,0.22367244668011485,6.482650213284514e-05,***
Japan-afternoon,13,HF_power,38,0.13732355837618995,0.4109933969191528,6.482650213284514e-05,***
Japan-afternoon,13,Total_power,38,0.1782470729839151,0.28431022707299175,6.482650213284514e-05,***
Japan-afternoon,13,LF_HF,38,-0.07407812670970566,0.6584877331168666,6.482650213284514e-05,***
Japan-afternoon,13,LF_norm,38,0.3568224094539884,0.027872158771254596,6.482650213284514e-05,***
Japan-afternoon,13,HF_norm,38,0.1515483094430463,0.363740510601545,6.482650213284514e-05,***
Japan-afternoon,13,DFA_alpha1,38,-0.1940037203195098,0.24317056303845264,6.482650213284514e-05,***
Japan-afternoon,14,pNN50,38,0.44414049677207573,0.005215859489139308,6.482650213284514e-05,***
Japan-afternoon,14,SD1,38,0.4045300361089834,0.011765526890448729,6.482650213284514e-05,***
Japan-afternoon,14,SD2,38,0.6704234598971441,4.125253761074498e-06,6.482650213284514e-05,***
Japan-afternoon,14,VLF_power,38,0.3876791771528613,0.016177956872392235,6.482650213284514e-05,***
Japan-afternoon,14,LF_power,38,0.2003501477185688,0.22779461956271232,6.482650213284514e-05,***
Japan-afternoon,14,HF_power,38,0.1342597658387132,0.4216084935781288,6.482650213284514e-05,***
Japan-afternoon,14,Total_power,38,0.1764963343910712,0.28914404395920645,6.482650213284514e-05,***
Japan-afternoon,14,LF_HF,38,-0.07123317649633439,0.6708491801627031,6.482650213284514e-05,***
Japan-afternoon,14,LF_norm,38,0.35419630156472265,0.02912770088155177,6.482650213284514e-05,***
Japan-afternoon,14,HF_norm,38,0.14739030528504213,0.3772035478438003,6.482650213284514e-05,***
Japan-afternoon,14,DFA_alpha1,38,-0.18984571616150564,0.2536147390651332,6.482650213284514e-05,***
Japan-afternoon,15,pNN50,38,0.43845059634533323,0.005897013183647999,6.482650213284514e-05,***
Japan-afternoon,15,SD1,38,0.4071561439982493,0.011179845599656112,6.482650213284514e-05,***
Japan-afternoon,15,SD2,38,0.6667031403873509,4.874586259664425e-06,6.482650213284514e-05,***
Japan-afternoon,15,VLF_power,38,0.39074296969033806,0.015285521352754447,6.482650213284514e-05,***
Japan-afternoon,15,LF_power,38,0.21151110624794836,0.20239169411739094,6.482650213284514e-05,***
Japan-afternoon,15,HF_power,38,0.1392931392931393,0.4042504555173825,6.482650213284514e-05,***
Japan-afternoon,15,Total_power,38,0.1852500273552905,0.2655014042509745,6.482650213284514e-05,***
Japan-afternoon,15,LF_HF,38,-0.07407812670970566,0.6584877331168666,6.482650213284514e-05,***
Japan-afternoon,15,LF_norm,38,0.3664514717146296,0.023644457838382045,6.482650213284514e-05,***
Japan-afternoon,15,HF_norm,38,0.1462960936645147,0.38079471959006517,6.482650213284514e-05,***
Japan-afternoon,15,DFA_alpha1,38,-0.19093992778203306,0.25083773648046354,6.482650213284514e-05,***
Japan-afternoon,16,pNN50,38,0.4447970237443922,0.005141828510880844,6.482650213284514e-05,***
Japan-afternoon,16,SD1,38,0.4189736294999453,0.008841190305643325,6.482650213284514e-05,***
Japan-afternoon,16,SD2,38,0.6695480906007222,4.291388653741088e-06,6.482650213284514e-05,***
Japan-afternoon,16,VLF_power,38,0.3806762227814859,0.018383528528865378,6.482650213284514e-05,***
Japan-afternoon,16,LF_power,38,0.20319509793194004,0.22112218961599633,6.482650213284514e-05,***
Japan-afternoon,16,HF_power,38,0.14454535507167085,0.3865822349999535,6.482650213284514e-05,***
Japan-afternoon,16,Total_power,38,0.1815297078454973,0.2753887879782779,6.482650213284514e-05,***
Japan-afternoon,16,LF_HF,38,-0.09793194003720318,0.5585910730703585,6.482650213284514e-05,***
Japan-afternoon,16,LF_norm,38,0.3528832476200897,0.02977273219867432,6.482650213284514e-05,***
Japan-afternoon,16,HF_norm,38,0.16073968705547653,0.3350187978508783,6.482650213284514e-05,***
Japan-afternoon,16,DFA_alpha1,38,-0.19203413940256045,0.24808113160486278,6.482650213284514e-05,***
Japan-afternoon,17,pNN50,38,0.4447970237443922,0.005141828510880844,6.482650213284514e-05,***
Japan-afternoon,17,SD1,38,0.4189736294999453,0.008841190305643325,6.482650213284514e-05,***
Japan-afternoon,17,SD2,38,0.6695480906007222,4.291388653741088e-06,6.482650213284514e-05,***
Japan-afternoon,17,VLF_power,38,0.3806762227814859,0.018383528528865378,6.482650213284514e-05,***
Japan-afternoon,17,LF_power,38,0.20319509793194004,0.22112218961599633,6.482650213284514e-05,***
Japan-afternoon,17,HF_power,38,0.14454535507167085,0.3865822349999535,6.482650213284514e-05,***
Japan-afternoon,17,Total_power,38,0.1815297078454973,0.2753887879782779,6.482650213284514e-05,***
Japan-afternoon,17,LF_HF,38,-0.09793194003720318,0.5585910730703585,6.482650213284514e-05,***
Japan-afternoon,17,LF_norm,38,0.3528832476200897,0.02977273219867432,6.482650213284514e-05,***
Japan-afternoon,17,HF_norm,38,0.16073968705547653,0.3350187978508783,6.482650213284514e-05,***
Japan-afternoon,17,DFA_alpha1,38,-0.19203413940256045,0.24808113160486278,6.482650213284514e-05,***
Japan-afternoon,18,pNN50,38,0.44173323120691543,0.005495248745902222,6.482650213284514e-05,***
Japan-afternoon,18,SD1,38,0.4172228909071014,0.009158703615029991,6.482650213284514e-05,***
Japan-afternoon,18,SD2,38,0.6645147171462962,5.371644825662261e-06,6.482650213284514e-05,***
Japan-afternoon,18,VLF_power,38,0.3787066418645366,0.019047405397542145,6.482650213284514e-05,***
Japan-afternoon,18,LF_power,38,0.20188204398730716,0.22418490522338858,6.482650213284514e-05,***
Japan-afternoon,18,HF_power,38,0.1443265127475654,0.38730927020194894,6.482650213284514e-05,***
Japan-afternoon,18,Total_power,38,0.17912244228033702,0.28191307572443625,6.482650213284514e-05,***
Japan-afternoon,18,LF_HF,38,-0.10208994419520734,0.5419287557538267,6.482650213284514e-05,***
Japan-afternoon,18,LF_norm,38,0.349381770434402,0.031550497778202964,6.482650213284514e-05,***
Japan-afternoon,18,HF_norm,38,0.16205274100010944,0.331033222747837,6.482650213284514e-05,***
Japan-afternoon,18,DFA_alpha1,38,-0.19356603567129885,0.24425610429329836,6.482650213284514e-05,***
Japan-afternoon,19,pNN50,38,0.4487361855782908,0.004716446112641257,6.482650213284514e-05,***
Japan-afternoon,19,SD1,38,0.4246635299266878,0.007873435393312953,6.482650213284514e-05,***
Japan-afternoon,19,SD2,38,0.6710799868694606,4.004543899308525e-06,6.482650213284514e-05,***
Japan-afternoon,19,VLF_power,38,0.3723602144654777,0.02132456583797012,6.482650213284514e-05,***
Japan-afternoon,19,LF_power,38,0.19575445891235363,0.23886089588857995,6.482650213284514e-05,***
Japan-afternoon,19,HF_power,38,0.14126272021008862,0.3975713511920248,6.482650213284514e-05,***
Japan-afternoon,19,Total_power,38,0.17387022650180545,0.29649358813028076,6.482650213284514e-05,***
Japan-afternoon,19,LF_HF,38,-0.1101871101871102,0.5101791431648084,6.482650213284514e-05,***
Japan-afternoon,19,LF_norm,38,0.34062807747018276,0.03637883223215615,6.482650213284514e-05,***
Japan-afternoon,19,HF_norm,38,0.1622715833242149,0.3303718276046431,6.482650213284514e-05,***
Japan-afternoon,19,DFA_alpha1,38,-0.1878761352445563,0.25866482120241746,6.482650213284514e-05,***
Japan-afternoon,20,pNN50,38,0.4487361855782908,0.004716446112641257,6.482650213284514e-05,***
Japan-afternoon,20,SD1,38,0.4290403764087975,0.007192191167150476,6.482650213284514e-05,***
Japan-afternoon,20,SD2,38,0.6688915636284057,4.419988781784896e-06,6.482650213284514e-05,***
Japan-afternoon,20,VLF_power,38,0.3765182186234818,0.019808462616110564,0.0691724091356242,
Japan-afternoon,20,LF_power,38,0.2010066746908852,0.22624277365567097,0.09609504264088975,
Japan-afternoon,20,HF_power,38,0.15089178247072985,0.3658468921706658,0.09609504264088975,
Japan-afternoon,20,Total_power,38,0.17999781157675893,0.27952909123143344,0.09609504264088975,
Japan-afternoon,20,LF_HF,38,-0.11937848779954041,0.4753046454473473,0.09609504264088975,
Japan-afternoon,20,LF_norm,38,0.33647007331217854,0.03887481270472358,0.09609504264088975,
Japan-afternoon,20,HF_norm,38,0.17036874931611773,0.306477464037807,0.4953474432264776,
Japan-afternoon,20,DFA_alpha1,38,-0.1940037203195098,0.24317056303845264,0.4953474432264776,
