Dataset,Subset,Metric,n,rho,p,q_BH,sig,CI_lo,CI_hi
Chile,All,SDNN,71,-0.3254191817572099,0.005620016326016299,0.0169383441980203,*,-0.5262521635828443,-0.09080977882666429
Chile,All,RMSSD,71,-0.3298792756539235,0.004963758751057832,0.0169383441980203,*,-0.534498263510226,-0.10323211222187344
Chile,All,pNN50,71,0.4034205231388329,0.0004858214328446702,0.0072873214926700534,**,0.20270051311364864,0.579564129344482
Chile,All,SDANN,0,,,,,,
Chile,All,SD1,71,-0.3298792756539235,0.004963758751057832,0.0169383441980203,*,-0.5299858816411963,-0.10380489755635867
Chile,All,SD2,71,-0.3252515090543259,0.005646114732673433,0.0169383441980203,*,-0.5227294248976273,-0.09789039952568428
Chile,All,SD1SD2,71,-0.20516431924882628,0.08609432196581958,0.18448783278389908,,-0.399020913710508,0.014887489256373761
Chile,All,VLF_power,71,0.008819584171696848,0.9418081539616983,0.9418081539616983,,-0.23261049063826594,0.2703224545178775
Chile,All,LF_power,71,0.10342052313883299,0.3907414503257005,0.5721883116243972,,-0.1612152738244558,0.33827101512354646
Chile,All,HF_power,71,0.04191817572099262,0.7285222093464082,0.8406025492458556,,-0.19635037015078644,0.2797836506354468
Chile,All,Total_power,71,0.09175050301810864,0.4466641893717316,0.5721883116243972,,-0.14028640075418727,0.33567199376082524
Chile,All,LF_HF,71,-0.08953722334004023,0.4577506492995178,0.5721883116243972,,-0.33314423562923795,0.16723872409970858
Chile,All,LF_norm,71,0.14976525821596243,0.21254803528201022,0.39852756615376916,,-0.09923681998469043,0.39437445086574835
Chile,All,HF_norm,71,0.02655935613682092,0.8259805474306415,0.8849791579614017,,-0.21260977139472148,0.29169510646498914
Chile,All,DFA_alpha1,71,0.11958417169684774,0.32055462812303515,0.5342577135383919,,-0.11213779710610017,0.35181231694681886
Chile,All,DFA_alpha2,71,0.23967136150234739,0.04410360655437657,0.11025901638594142,,0.0179993616271438,0.44664587165944536
Chile,PD,SDNN,28,-0.5336617405582923,0.003448488379963128,0.010345465139889383,*,-0.7686542335189827,-0.2104247846034026
Chile,PD,RMSSD,28,-0.5407772304324029,0.0029665040695384995,0.010345465139889383,*,-0.7636785919616808,-0.22474386914297248
Chile,PD,pNN50,28,0.29939792008757526,0.12167404495590294,0.26380601227395073,,-0.02119086006820376,0.5820747817588373
Chile,PD,SDANN,0,,,,,,
Chile,PD,SD1,28,-0.5407772304324029,0.0029665040695384995,0.010345465139889383,*,-0.7546642933608335,-0.22235006822184974
Chile,PD,SD2,28,-0.5385878489326764,0.0031082336544508435,0.010345465139889383,*,-0.7792453018316796,-0.18463308255915117
Chile,PD,SD1SD2,28,-0.2983032293377121,0.12310947239451034,0.26380601227395073,,-0.5454439889625676,0.03168427583201963
Chile,PD,VLF_power,28,-0.08648056923918993,0.6616980172078828,0.6616980172078828,,-0.45850302696752887,0.3079268832066764
Chile,PD,LF_power,28,0.09195402298850575,0.6416600274082447,0.6616980172078828,,-0.3214290612021002,0.4620513838660774
Chile,PD,HF_power,28,0.24028461959496444,0.2180836010415577,0.40890675195292064,,-0.17239063049368164,0.5867652119499779
Chile,PD,Total_power,28,0.15818281335522713,0.42142959835032734,0.4995057186098306,,-0.3023240568403001,0.5376196237537296
Chile,PD,LF_HF,28,-0.2260536398467433,0.24740455272155562,0.4123409212025927,,-0.5569716175254891,0.2048761022282389
Chile,PD,LF_norm,28,0.1718664477285167,0.38184497951675267,0.4995057186098306,,-0.23544484682103603,0.53800738678837
Chile,PD,HF_norm,28,0.20689655172413793,0.2908023108351218,0.43620346625268275,,-0.17964306498178575,0.5334682340037977
Chile,PD,DFA_alpha1,28,0.15435139573070608,0.43290495612851987,0.4995057186098306,,-0.22087368904967244,0.5015769249112577
Chile,PD,DFA_alpha2,28,0.5769020251778874,0.001310012903968522,0.010345465139889383,*,0.2985481657386374,0.7449507907136425
Chile,HC,SDNN,43,-0.0320144971307762,0.838510484045593,0.9976995350852984,,-0.353676620632133,0.27757899434146277
Chile,HC,RMSSD,43,-0.044246451223195406,0.7781492690459614,0.9976995350852984,,-0.35927099456545963,0.3074184638353975
Chile,HC,pNN50,43,0.5385080036242826,0.00019524798851339157,0.0029287198277008733,**,0.271514034797271,0.7359859712132569
Chile,HC,SDANN,0,,,,,,
Chile,HC,SD1,43,-0.044246451223195406,0.7781492690459614,0.9976995350852984,,-0.3618362729278412,0.27479787843785347
Chile,HC,SD2,43,-0.029296285110238598,0.8520623824815314,0.9976995350852984,,-0.34049531504926367,0.32758149570689044
Chile,HC,SD1SD2,43,0.000453035336756267,0.9976995350852984,0.9976995350852984,,-0.28792011916855104,0.29461842626091295
Chile,HC,VLF_power,43,-0.016913319238900635,0.9142753010242941,0.9976995350852984,,-0.3558242623253179,0.3224994035766528
Chile,HC,LF_power,43,0.15237088492902445,0.32934628202022165,0.9976995350852984,,-0.17897667740165843,0.45454786191337593
Chile,HC,HF_power,43,0.021292660827544548,0.8921958349800811,0.9976995350852984,,-0.26959735116834493,0.3317034419023162
Chile,HC,Total_power,43,0.11295681063122924,0.4707901867325507,0.9976995350852984,,-0.20715329896022655,0.3846622747236105
Chile,HC,LF_HF,43,-0.011325883418906675,0.9425362190610249,0.9976995350852984,,-0.31890028890638145,0.3092668727664322
Chile,HC,LF_norm,43,0.23920265780730898,0.12238026605352656,0.9178519954014492,,-0.0667309732097188,0.5192328062343952
Chile,HC,HF_norm,43,-0.009664753850800362,0.9509531310569523,0.9976995350852984,,-0.3428905033090817,0.33252120656461026
Chile,HC,DFA_alpha1,43,0.05179704016913319,0.7414991114416332,0.9976995350852984,,-0.24092792075834266,0.32738393405063654
Chile,HC,DFA_alpha2,43,-0.061461794019933555,0.6954082651673397,0.9976995350852984,,-0.3591167396051345,0.25905007563266924
Spain,All,SDNN,58,0.043280322372266145,0.7470064817459432,0.9968915806386953,,-0.21706265949075618,0.318222390557906
Spain,All,RMSSD,58,0.0312836445292073,0.8156684041076864,0.9968915806386953,,-0.2795834092738385,0.2869688055858199
Spain,All,pNN50,58,0.3145635399230379,0.016177326379374652,0.24265989569061977,,0.04632519348967543,0.5344806441996809
Spain,All,SDANN,0,,,,,,
Spain,All,SD1,58,0.0312836445292073,0.8156684041076864,0.9968915806386953,,-0.25538711983312057,0.2986586618186505
Spain,All,SD2,58,0.06290565689501369,0.6389900015893082,0.9968915806386953,,-0.19202868322738673,0.3216613378576264
Spain,All,SD1SD2,58,0.010797010058752962,0.9358873996261659,0.9968915806386953,,-0.24763550347252067,0.3030196415136978
Spain,All,VLF_power,58,-0.033990587222000074,0.8000343815734422,0.9968915806386953,,-0.3134529209847844,0.21978081295139099
Spain,All,LF_power,58,0.06671998523485805,0.6187532257205162,0.9968915806386953,,-0.19704790473480874,0.3462467331363194
Spain,All,HF_power,58,-0.005075517548986435,0.9698369665758604,0.9968915806386953,,-0.2935411507477801,0.29771663484633865
Spain,All,Total_power,58,-0.03983512258143899,0.7665512469736057,0.9968915806386953,,-0.3225283120823356,0.25410700872099573
Spain,All,LF_HF,58,-0.0005229321111076933,0.9968915806386953,0.9968915806386953,,-0.2568264655879339,0.26084097876561024
Spain,All,LF_norm,58,0.22353809714232986,0.09164672594548333,0.6873504445911249,,-0.03485299042139891,0.4774321140768121
Spain,All,HF_norm,58,0.055277000215324994,0.680245383724693,0.9968915806386953,,-0.23428140041322323,0.32606603590062655
Spain,All,DFA_alpha1,58,-0.04487987941800733,0.7379848206260051,0.9968915806386953,,-0.29551392507986857,0.24309538212601137
Spain,All,DFA_alpha2,58,0.047771386385308694,0.7217659485232615,0.9968915806386953,,-0.2593306296687226,0.33754233113724524
Spain,PD,SDNN,31,-0.2588709677419355,0.15966303012682573,0.5534829463054931,,-0.5638086473648084,0.09385514868734769
Spain,PD,RMSSD,31,-0.26290322580645165,0.15303055647914734,0.5534829463054931,,-0.6201641357605836,0.10271824133534345
Spain,PD,pNN50,31,0.01654894888962983,0.9295904949574849,0.982824379813206,,-0.34100026393618815,0.37888005541750924
Spain,PD,SDANN,0,,,,,,
Spain,PD,SD1,31,-0.26290322580645165,0.15303055647914734,0.5534829463054931,,-0.6389306976090637,0.1275864329756197
Spain,PD,SD2,31,-0.20927419354838714,0.25852946443001434,0.6463236610750359,,-0.5266068830842213,0.12673095000937068
Spain,PD,SD1SD2,31,-0.020967741935483872,0.9108566601908678,0.982824379813206,,-0.42315495397167974,0.3885215451324618
Spain,PD,VLF_power,31,-0.24475806451612908,0.18449431543516437,0.5534829463054931,,-0.5779531490034233,0.12863433415062536
Spain,PD,LF_power,31,0.10685483870967745,0.5672298326794336,0.9453830544657227,,-0.2616507484492753,0.480025982514262
Spain,PD,HF_power,31,-0.00403225806451613,0.982824379813206,0.982824379813206,,-0.4154423972464063,0.41126490200040405
Spain,PD,Total_power,31,-0.1653225806451613,0.3741165296942002,0.8016782779161432,,-0.5160363825069059,0.20636157067642233
Spain,PD,LF_HF,31,0.0125,0.9467890999890155,0.982824379813206,,-0.3301683911543924,0.34986441805265417
Spain,PD,LF_norm,31,0.38951612903225813,0.030312859117730375,0.45469288676595565,,0.07464546968704079,0.6394189228167975
Spain,PD,HF_norm,31,0.11330645161290324,0.5439183508187508,0.9453830544657227,,-0.28371922723359116,0.48490696407668626
Spain,PD,DFA_alpha1,31,-0.011290322580645162,0.9519323200315777,0.982824379813206,,-0.3865233682942385,0.381421639204394
Spain,PD,DFA_alpha2,31,-0.04153225806451613,0.8244426256200903,0.982824379813206,,-0.43892559093681177,0.3550772397662888
Spain,HC,SDNN,27,0.35531135531135527,0.06894828840447803,0.34474144202239015,,-0.036919705853500254,0.7008685846371495
Spain,HC,RMSSD,27,0.2576312576312576,0.19450152085003744,0.5835045625501123,,-0.12246828668102124,0.5862858528292348
Spain,HC,pNN50,27,0.5854700854700854,0.0013354870254763417,0.020032305382145125,*,0.2115990208226299,0.8382865381375355
Spain,HC,SDANN,0,,,,,,
Spain,HC,SD1,27,0.2576312576312576,0.19450152085003744,0.5835045625501123,,-0.10944741366774484,0.622745572370546
Spain,HC,SD2,27,0.3778998778998779,0.05195958232507759,0.34474144202239015,,-0.0042892814314567035,0.6804992196388172
Spain,HC,SD1SD2,27,0.009157509157509158,0.9638418632217349,0.9638418632217349,,-0.36260693762624013,0.3690327414323867
Spain,HC,VLF_power,27,0.023809523809523808,0.9061626175694906,0.9638418632217349,,-0.44932522124942076,0.43954696358979056
Spain,HC,LF_power,27,-0.0586080586080586,0.7715288186972193,0.9638418632217349,,-0.47612568561588503,0.3558495660286676
Spain,HC,HF_power,27,-0.08363858363858362,0.6783159613853458,0.9638418632217349,,-0.4606204035665605,0.3188634709595542
Spain,HC,Total_power,27,-0.038461538461538464,0.8489444428529815,0.9638418632217349,,-0.4698346925469752,0.42544488543740533
Spain,HC,LF_HF,27,-0.031135531135531136,0.8774784176509959,0.9638418632217349,,-0.4104115479115479,0.4197481627294603
Spain,HC,LF_norm,27,0.02503052503052503,0.9013729592497146,0.9638418632217349,,-0.36369579367516125,0.44001019051089674
Spain,HC,HF_norm,27,-0.018925518925518924,0.9253516782792711,0.9638418632217349,,-0.4275457501170796,0.37606902442521517
Spain,HC,DFA_alpha1,27,-0.09096459096459096,0.6518184006867955,0.9638418632217349,,-0.42971569509088653,0.27752223244403557
Spain,HC,DFA_alpha2,27,0.13064713064713065,0.5159941686613065,0.9638418632217349,,-0.30699114147159096,0.49964670552486556
Japan,All,SDNN,37,0.5232337600758652,0.0008908331284424506,0.006235831899097154,**,0.2704404722126577,0.7223031243016954
Japan,All,RMSSD,37,0.2650545282124229,0.11286826427443276,0.2633592833070098,,-0.060687937739294706,0.5176755581972197
Japan,All,pNN50,37,0.450687529634898,0.005121012310668357,0.023898057449785664,*,0.15269418179413752,0.6840627511689034
Japan,All,SDANN,37,0.3015647226173541,0.06969679395525319,0.24393877884338616,,-0.012292164459660037,0.5701487779915199
Japan,All,SD1,37,0.2650545282124229,0.11286826427443276,0.2633592833070098,,-0.06824456741858163,0.5403105221052041
Japan,All,SD2,37,0.5749170222854434,0.00019779636912483817,0.0027691491677477344,**,0.3212483839646738,0.7478475267856802
Japan,All,SD1SD2,0,,,,,,
Japan,All,VLF_power,37,0.22735893788525366,0.17595844603912641,0.30792728056847124,,-0.1372011010556459,0.5411675596766244
Japan,All,LF_power,37,0.04125177809388335,0.8084582397317897,0.8706473350957734,,-0.27478332435293185,0.3889005785381875
Japan,All,HF_power,37,-0.08511142721669036,0.6164739923971978,0.8302890197727383,,-0.3815482072775597,0.25612790402122104
Japan,All,Total_power,37,0.02394499762920815,0.8881285811956215,0.8881285811956215,,-0.29830903183660973,0.3386619787314553
Japan,All,LF_HF,37,0.07657657657657657,0.6523699441071515,0.8302890197727383,,-0.2613099201174493,0.3959365387410397
Japan,All,LF_norm,37,0.23257467994310096,0.16598493994726365,0.30792728056847124,,-0.1248655219052127,0.5423529266655973
Japan,All,HF_norm,37,-0.06164058795637742,0.7170374842894289,0.8365437316710004,,-0.3629778140942319,0.25108601735946884
Japan,All,DFA_alpha1,37,-0.0867709815078236,0.6095915922378001,0.8302890197727383,,-0.4260866544659802,0.25985628631889235
Japan,All,DFA_alpha2,0,,,,,,
Japan,PD,SDNN,21,0.448051948051948,0.041656189956785605,0.3792497963794656,,0.051533799709012,0.7673415771023537
Japan,PD,RMSSD,21,0.2155844155844156,0.34796751366229983,0.6959350273245997,,-0.2468381147858816,0.606285046828847
Japan,PD,pNN50,21,0.23636363636363636,0.30228813585284137,0.6959350273245997,,-0.216450304372503,0.6129954738096041
Japan,PD,SDANN,21,0.35194805194805195,0.11767322930096193,0.5491417367378223,,-0.093865653214811,0.6974885674600165
Japan,PD,SD1,21,0.2155844155844156,0.34796751366229983,0.6959350273245997,,-0.264612701357688,0.6207924516634374
Japan,PD,SD2,21,0.425974025974026,0.054178542339923655,0.3792497963794656,,-0.05623390184476158,0.7522207493227399
Japan,PD,SD1SD2,0,,,,,,
Japan,PD,VLF_power,21,-0.05844155844155843,0.8013282220179797,0.8712435420745898,,-0.5329658110440035,0.406244162322652
Japan,PD,LF_power,21,-0.05454545454545454,0.814342822105269,0.8712435420745898,,-0.49492010595943886,0.39126665327709703
Japan,PD,HF_power,21,-0.16233766233766234,0.4820201872355596,0.8435353276622293,,-0.5705381434043981,0.2643343791157606
Japan,PD,Total_power,21,-0.06623376623376624,0.7754535475659065,0.8712435420745898,,-0.5046206984080936,0.3600404699738904
Japan,PD,LF_HF,21,0.087012987012987,0.7076308010268806,0.8712435420745898,,-0.3623134626590143,0.5017299396031062
Japan,PD,LF_norm,21,0.26883116883116887,0.23865637920307142,0.6959350273245997,,-0.22812654454549297,0.7074755972722714
Japan,PD,HF_norm,21,-0.03766233766233767,0.8712435420745898,0.8712435420745898,,-0.5052736439624811,0.3670121677796226
Japan,PD,DFA_alpha1,21,-0.09480519480519481,0.6827070112424534,0.8712435420745898,,-0.5398012945958152,0.3563149182282705
Japan,PD,DFA_alpha2,0,,,,,,
Japan,HC,SDNN,16,0.12058823529411765,0.6564245147485952,0.9655081698956275,,-0.4482785186759471,0.5822828224148717
Japan,HC,RMSSD,16,-0.014705882352941175,0.956891924031642,0.9655081698956275,,-0.5314698055044246,0.4993854127277174
Japan,HC,pNN50,16,0.4176470588235294,0.1074740793993006,0.9655081698956275,,-0.14421601344603316,0.8198400193915889
Japan,HC,SDANN,16,-0.31176470588235294,0.23980004767411284,0.9655081698956275,,-0.7414922585216229,0.18784991121053476
Japan,HC,SD1,16,-0.014705882352941175,0.956891924031642,0.9655081698956275,,-0.5219655446857153,0.5016233853155746
Japan,HC,SD2,16,0.16764705882352943,0.5348568245819433,0.9655081698956275,,-0.3730945250885816,0.6076638282117731
Japan,HC,SD1SD2,0,,,,,,
Japan,HC,VLF_power,16,0.3529411764705882,0.17995865788498183,0.9655081698956275,,-0.24748847632815482,0.7848395215836855
Japan,HC,LF_power,16,0.14705882352941177,0.5867933937012053,0.9655081698956275,,-0.46135849485971303,0.5989451770678552
Japan,HC,HF_power,16,0.03529411764705882,0.8967532476935333,0.9655081698956275,,-0.5187873976038274,0.515826642678768
Japan,HC,Total_power,16,0.14705882352941177,0.5867933937012053,0.9655081698956275,,-0.45719943045296785,0.6418176972281452
Japan,HC,LF_HF,16,-0.17058823529411765,0.527609768861268,0.9655081698956275,,-0.6666913946587538,0.3715922619047617
Japan,HC,LF_norm,16,-0.011764705882352941,0.9655081698956276,0.9655081698956275,,-0.5204126426690079,0.5703007518796989
Japan,HC,HF_norm,16,-0.055882352941176466,0.8371372217954723,0.9655081698956275,,-0.5665919282511211,0.4602986706344256
Japan,HC,DFA_alpha1,16,-0.2058823529411765,0.4442846410521438,0.9655081698956275,,-0.692589150058093,0.36436905421163285
Japan,HC,DFA_alpha2,0,,,,,,
Pooled,All,SDNN,166,-0.0457805090804153,0.5580833366638497,0.5580833366638497,,-0.1717659116153017,0.08185335486854126
Pooled,All,RMSSD,166,0.0836814869712929,0.28376725082780935,0.3243054295174964,,-0.05744924389789882,0.22115077315215104
Pooled,All,pNN50,166,0.4445113433276984,1.9788320662652376e-09,2.356457693055445e-08,***,0.3131912913987213,0.558837877856093
Pooled,All,SDANN,37,0.3015647226173541,0.06969679395525319,0.12390541147600567,,-0.035169771090056826,0.5663764397764697
Pooled,All,SD1,166,0.08368411042099809,0.28375210258523126,0.3243054295174964,,-0.05061459895931754,0.21868589755716913
Pooled,All,SD2,166,-0.09658623607112174,0.21574582406421258,0.28766109875228346,,-0.21715224690770987,0.045677818108074884
Pooled,All,SD1SD2,129,-0.08135621645796066,0.35937557917122487,0.3833339511159732,,-0.24124458215998956,0.08199324868413528
Pooled,All,VLF_power,166,0.29051688517816504,0.0001464641191465788,0.0005858564765863152,***,0.1478633678937386,0.41889911418314857
Pooled,All,LF_power,166,0.36285064044965937,1.5518389294919133e-06,8.276474290623538e-06,***,0.21403161498087836,0.4973118136536247
Pooled,All,HF_power,166,0.22437447121091883,0.0036588692917991425,0.00836312980982661,**,0.07315425964384918,0.3666335231128265
Pooled,All,Total_power,166,0.2853434423595307,0.00019424319383976645,0.0006215782202872526,***,0.13942242092711807,0.4315945592282985
Pooled,All,LF_HF,166,-0.11570069062313491,0.13769626024369327,0.22031401638990925,,-0.2662345798887424,0.0412621236771397
Pooled,All,LF_norm,166,0.44020305500718176,2.945572116319306e-09,2.356457693055445e-08,***,0.297221766955342,0.5654246674965246
Pooled,All,HF_norm,166,0.17932459287339889,0.020791514160389036,0.04158302832077807,*,0.02686573394698632,0.333492555540262
Pooled,All,DFA_alpha1,166,-0.24613336306576336,0.0013907377649023602,0.003708634039739627,**,-0.3844850823780293,-0.09925569921838043
Pooled,All,DFA_alpha2,129,0.1178779069767442,0.18337077803304477,0.26672113168442874,,-0.0479104283389838,0.27335548907375
Pooled,PD,SDNN,80,-0.07592592592592592,0.5032523027013996,0.5751454888015995,,-0.2915953283357331,0.13864908219876723
Pooled,PD,RMSSD,80,0.02531645569620253,0.8236061911964025,0.8236061911964025,,-0.19004417095514375,0.2307474078226273
Pooled,PD,pNN50,80,0.3260856830308471,0.0031589349770858493,0.016847653211124528,*,0.09384137513838231,0.5284014817340855
Pooled,PD,SDANN,21,0.35194805194805195,0.11767322930096193,0.2077681870935783,,-0.1250122698985034,0.6976637150902902
Pooled,PD,SD1,80,0.02630098452883263,0.8168636077599618,0.8236061911964025,,-0.20701740350583672,0.24687825938217633
Pooled,PD,SD2,80,-0.12824660103141117,0.2569169990003661,0.34255599866715475,,-0.31391980207043346,0.08279581156330973
Pooled,PD,SD1SD2,59,-0.15429573348918763,0.24328580351450155,0.34255599866715475,,-0.40534273343043525,0.11114800203740718
Pooled,PD,VLF_power,80,0.18788091889357714,0.09513561102983817,0.2077681870935783,,-0.043614977029461224,0.384537518576238
Pooled,PD,LF_power,80,0.4035161744022504,0.00020604952867596328,0.0016483962294077063,**,0.20186867115173562,0.5684518216906681
Pooled,PD,HF_power,80,0.23785747773089547,0.033622290689414504,0.08965944183843867,,0.03399586827003429,0.4193329345952222
Pooled,PD,Total_power,80,0.27923112986404125,0.012130703751751343,0.04852281500700537,*,0.045507956797579546,0.46681470803304825
Pooled,PD,LF_HF,80,-0.11973745897796532,0.2900916144159273,0.35703583312729514,,-0.33418009667650617,0.09215183040556868
Pooled,PD,LF_norm,80,0.5782700421940928,1.9389489944264458e-08,3.102318391082313e-07,***,0.40784159803448927,0.7031200663773812
Pooled,PD,HF_norm,80,0.24915611814345995,0.025832491886371864,0.08266397403638996,,0.035675427185958425,0.45149983372483116
Pooled,PD,DFA_alpha1,80,-0.1785982184716362,0.11295211649698901,0.2077681870935783,,-0.39523979246697005,0.062004584180276066
Pooled,PD,DFA_alpha2,59,0.19947399181765055,0.12985511693348645,0.2077681870935783,,-0.06595194157651431,0.42147105629545484
Pooled,HC,SDNN,86,-0.057766875796028114,0.597283889921921,0.6826101599107669,,-0.25136991009602627,0.12760856379248492
Pooled,HC,RMSSD,86,0.10025944620029247,0.35836784778307673,0.4493964347098103,,-0.09559377324752395,0.29789000345362554
Pooled,HC,pNN50,86,0.4969762724656823,1.131527987276797e-06,1.8104447796428754e-05,***,0.32446397341679484,0.6451316425758798
Pooled,HC,SDANN,16,-0.31176470588235294,0.23980004767411284,0.4493964347098103,,-0.7429249152356995,0.222042060457398
Pooled,HC,SD1,86,0.09886315392235483,0.36513460320172086,0.4493964347098103,,-0.10153255201894956,0.30395421195655076
Pooled,HC,SD2,86,-0.10329732534553517,0.34391534126909196,0.4493964347098103,,-0.27674274025477597,0.09248162229921435
Pooled,HC,SD1SD2,70,-0.026681830111101392,0.8264508767412533,0.8264508767412533,,-0.2479173604331059,0.19871968032204226
Pooled,HC,VLF_power,86,0.27839992452474177,0.009444643885249232,0.03239932993373724,*,0.06167436041793401,0.4614227935067655
Pooled,HC,LF_power,86,0.3022689749516487,0.0046752749342039695,0.024934799649087836,*,0.07981128785040205,0.4930402020082433
Pooled,HC,HF_power,86,0.18720694372376054,0.08435167484795869,0.19280382822390557,,-0.021064298023893778,0.3754698310539541
Pooled,HC,Total_power,86,0.25968206047455067,0.015755493602818627,0.04201464960751634,*,0.04633796058016991,0.46515389883832137
Pooled,HC,LF_HF,86,-0.11146752205292702,0.30689005062320857,0.4493964347098103,,-0.3394481254955261,0.1311719520669694
Pooled,HC,LF_norm,86,0.33381763290721256,0.001683612708204642,0.013468901665637136,*,0.1217499063688063,0.5038624917067461
Pooled,HC,HF_norm,86,0.11984527572055284,0.27172306622386444,0.4493964347098103,,-0.08853874851919137,0.33541479237642907
Pooled,HC,DFA_alpha1,86,-0.27592810981650073,0.010124790604292886,0.03239932993373724,*,-0.4439087482522711,-0.07511435091408158
Pooled,HC,DFA_alpha2,70,0.052471349838159397,0.6661778521912884,0.7105897090040411,,-0.15987052806500074,0.27291115775685626
